INFO 2025-09-27 21:23:46,353 autoreload Watching for file changes with StatReloader
INFO 2025-09-27 21:23:52,083 autoreload Watching for file changes with StatReloader
INFO 2025-09-27 21:28:36,848 autoreload Watching for file changes with StatReloader
INFO 2025-09-27 21:32:43,384 autoreload Watching for file changes with StatReloader
INFO 2025-09-27 22:25:30,551 autoreload Watching for file changes with StatReloader
INFO 2025-09-27 22:25:46,872 autoreload Watching for file changes with StatReloader
INFO 2025-09-27 22:26:29,915 autoreload Watching for file changes with StatReloader
INFO 2025-09-27 22:29:58,516 autoreload Watching for file changes with StatReloader
INFO 2025-09-27 22:31:01,330 autoreload Watching for file changes with StatReloader
INFO 2025-09-27 22:33:36,384 autoreload Watching for file changes with StatReloader
INFO 2025-09-27 22:34:38,890 autoreload C:\Labs\353504_Antonava_01\STRWEB\LR2\ZooShopApp\ZooShopApp\settings.py changed, reloading.
INFO 2025-09-27 22:40:22,305 autoreload Watching for file changes with StatReloader
INFO 2025-09-27 22:41:32,694 autoreload Watching for file changes with StatReloader
INFO 2025-09-27 22:41:35,399 basehttp "GET / HTTP/1.1" 200 9341
INFO 2025-09-27 22:41:35,502 basehttp "GET /static/css/base.css HTTP/1.1" 304 0
INFO 2025-09-27 22:41:35,506 basehttp "GET /static/css/footer.css HTTP/1.1" 304 0
INFO 2025-09-27 22:41:35,507 basehttp "GET /static/css/notifications.css HTTP/1.1" 304 0
INFO 2025-09-27 22:41:35,513 basehttp "GET /static/images/banner1.jpg HTTP/1.1" 304 0
INFO 2025-09-27 22:41:35,515 basehttp "GET /static/images/banner2.jpg HTTP/1.1" 304 0
INFO 2025-09-27 22:41:35,524 basehttp "GET /static/images/banner3.jpg HTTP/1.1" 304 0
INFO 2025-09-27 22:41:35,524 basehttp "GET /media/partners/baseavatar.jpg HTTP/1.1" 304 0
INFO 2025-09-27 22:41:35,530 basehttp "GET /static/icons/animal.ico HTTP/1.1" 304 0
INFO 2025-09-27 22:41:35,530 basehttp "GET /static/js/script.js HTTP/1.1" 304 0
INFO 2025-09-27 22:41:35,531 basehttp "GET /static/css/main/index.css HTTP/1.1" 304 0
INFO 2025-09-27 22:41:35,532 basehttp "GET /media/partners/baseavatar_64wQ8mi.jpg HTTP/1.1" 304 0
INFO 2025-09-27 22:41:35,532 basehttp "GET /media/partners/baseavatar_xg5AIgP.jpg HTTP/1.1" 304 0
INFO 2025-09-27 22:41:35,534 basehttp "GET /static/js/jquery/jquery-3.7.1.min.js HTTP/1.1" 304 0
WARNING 2025-09-27 22:41:44,042 log Not Found: /.well-known/appspecific/com.chrome.devtools.json
WARNING 2025-09-27 22:41:44,042 basehttp "GET /.well-known/appspecific/com.chrome.devtools.json HTTP/1.1" 404 5872
INFO 2025-09-27 22:41:46,563 basehttp "GET /static/images/banner2-small.jpg HTTP/1.1" 200 10090
INFO 2025-09-27 22:41:46,597 basehttp "GET /static/images/banner1-small.jpg HTTP/1.1" 200 19914
INFO 2025-09-27 22:41:46,604 basehttp "GET /static/images/banner3-small.jpg HTTP/1.1" 200 6770
INFO 2025-09-27 23:49:12,870 autoreload Watching for file changes with StatReloader
INFO 2025-09-27 23:49:15,566 basehttp "GET / HTTP/1.1" 200 9686
INFO 2025-09-27 23:49:15,876 basehttp "GET /static/images/fish1.png HTTP/1.1" 200 2205819
INFO 2025-09-27 23:49:15,895 basehttp "GET /static/images/fish2.png HTTP/1.1" 200 1352197
INFO 2025-09-27 23:49:15,902 basehttp "GET /static/images/seaweed.png HTTP/1.1" 200 1584444
INFO 2025-09-27 23:49:16,778 basehttp "GET / HTTP/1.1" 200 9686
INFO 2025-09-27 23:49:16,785 basehttp "GET /static/images/seaweed.png HTTP/1.1" 304 0
INFO 2025-09-28 14:31:05,316 autoreload Watching for file changes with StatReloader
INFO 2025-09-28 14:31:09,351 basehttp "GET / HTTP/1.1" 200 9686
INFO 2025-09-28 14:31:09,362 basehttp "GET /static/css/base.css HTTP/1.1" 304 0
INFO 2025-09-28 14:31:09,364 basehttp "GET /static/css/footer.css HTTP/1.1" 304 0
INFO 2025-09-28 14:31:09,365 basehttp "GET /static/css/notifications.css HTTP/1.1" 304 0
INFO 2025-09-28 14:31:09,369 basehttp "GET /static/images/fish2.png HTTP/1.1" 304 0
INFO 2025-09-28 14:31:09,370 basehttp "GET /static/images/fish1.png HTTP/1.1" 304 0
INFO 2025-09-28 14:31:09,370 basehttp "GET /static/images/seaweed.png HTTP/1.1" 304 0
INFO 2025-09-28 14:31:09,372 basehttp "GET /static/images/banner1.jpg HTTP/1.1" 304 0
INFO 2025-09-28 14:31:09,373 basehttp "GET /static/images/banner3.jpg HTTP/1.1" 304 0
INFO 2025-09-28 14:31:09,373 basehttp "GET /static/js/script.js HTTP/1.1" 304 0
INFO 2025-09-28 14:31:09,376 basehttp "GET /static/images/banner2.jpg HTTP/1.1" 304 0
INFO 2025-09-28 14:31:09,464 basehttp "GET /static/css/main/index.css HTTP/1.1" 200 2327
INFO 2025-09-28 14:31:17,824 basehttp "GET / HTTP/1.1" 200 9686
INFO 2025-09-28 14:31:17,832 basehttp "GET /static/css/main/index.css HTTP/1.1" 304 0
INFO 2025-09-28 14:32:21,295 autoreload Watching for file changes with StatReloader
INFO 2025-09-28 14:32:24,282 basehttp "GET / HTTP/1.1" 200 9686
INFO 2025-09-28 14:32:24,398 basehttp "GET /static/css/main/index.css HTTP/1.1" 200 2499
INFO 2025-09-28 14:33:31,237 autoreload Watching for file changes with StatReloader
INFO 2025-09-28 14:33:31,709 basehttp "GET / HTTP/1.1" 200 9686
INFO 2025-09-28 14:33:31,850 basehttp "GET /static/css/main/index.css HTTP/1.1" 200 2535
INFO 2025-09-28 14:34:01,985 autoreload Watching for file changes with StatReloader
INFO 2025-09-28 14:34:06,707 basehttp "GET / HTTP/1.1" 200 9686
INFO 2025-09-28 14:34:06,825 basehttp "GET /static/css/main/index.css HTTP/1.1" 200 2768
INFO 2025-09-28 14:36:20,824 autoreload Watching for file changes with StatReloader
INFO 2025-09-28 14:36:23,229 basehttp "GET / HTTP/1.1" 200 9686
INFO 2025-09-28 14:36:23,334 basehttp "GET /static/css/main/index.css HTTP/1.1" 200 2751
INFO 2025-09-28 14:37:31,325 autoreload Watching for file changes with StatReloader
INFO 2025-09-28 14:37:33,715 basehttp "GET / HTTP/1.1" 200 9686
INFO 2025-09-28 14:37:33,823 basehttp "GET /static/css/main/index.css HTTP/1.1" 200 2751
INFO 2025-09-28 14:39:17,359 autoreload Watching for file changes with StatReloader
INFO 2025-09-28 14:39:24,397 basehttp "GET / HTTP/1.1" 200 9686
INFO 2025-09-28 14:39:24,505 basehttp "GET /static/css/main/index.css HTTP/1.1" 200 2792
INFO 2025-09-28 14:41:41,059 basehttp "GET / HTTP/1.1" 200 9686
INFO 2025-09-28 14:41:41,066 basehttp "GET /static/css/main/index.css HTTP/1.1" 304 0
INFO 2025-09-28 14:49:13,922 autoreload Watching for file changes with StatReloader
INFO 2025-09-28 14:49:16,386 basehttp "GET / HTTP/1.1" 200 9686
INFO 2025-09-28 14:49:16,501 basehttp "GET /static/css/main/index.css HTTP/1.1" 200 2403
INFO 2025-09-28 14:50:08,824 autoreload Watching for file changes with StatReloader
INFO 2025-09-28 14:50:11,594 basehttp "GET / HTTP/1.1" 200 9686
INFO 2025-09-28 14:50:11,703 basehttp "GET /static/css/main/index.css HTTP/1.1" 200 2792
INFO 2025-09-28 14:56:55,862 autoreload Watching for file changes with StatReloader
INFO 2025-09-28 14:56:56,555 basehttp "GET / HTTP/1.1" 200 9696
INFO 2025-09-28 14:56:56,681 basehttp "GET /static/css/main/index.css HTTP/1.1" 200 2837
INFO 2025-09-28 14:57:00,902 basehttp "GET / HTTP/1.1" 200 9696
INFO 2025-09-28 14:57:00,910 basehttp "GET /static/css/main/index.css HTTP/1.1" 304 0
INFO 2025-09-28 14:58:09,028 autoreload Watching for file changes with StatReloader
INFO 2025-09-28 14:58:11,819 basehttp "GET / HTTP/1.1" 200 9696
INFO 2025-09-28 14:58:11,930 basehttp "GET /static/css/main/index.css HTTP/1.1" 200 2636
INFO 2025-09-28 14:59:02,858 autoreload Watching for file changes with StatReloader
INFO 2025-09-28 14:59:03,462 basehttp "GET / HTTP/1.1" 200 9696
INFO 2025-09-28 14:59:03,572 basehttp "GET /static/css/main/index.css HTTP/1.1" 200 2588
INFO 2025-09-28 14:59:42,098 autoreload Watching for file changes with StatReloader
INFO 2025-09-28 14:59:42,617 basehttp "GET / HTTP/1.1" 200 9696
INFO 2025-09-28 14:59:42,747 basehttp "GET /static/css/main/index.css HTTP/1.1" 200 2672
INFO 2025-09-28 15:04:18,508 autoreload Watching for file changes with StatReloader
INFO 2025-09-28 15:04:20,947 basehttp "GET / HTTP/1.1" 200 9696
INFO 2025-09-28 15:04:21,062 basehttp "GET /static/css/main/index.css HTTP/1.1" 200 2682
INFO 2025-09-28 15:04:25,627 basehttp "GET / HTTP/1.1" 200 9696
INFO 2025-09-28 15:04:25,636 basehttp "GET /static/css/main/index.css HTTP/1.1" 304 0
INFO 2025-09-28 15:04:59,825 autoreload Watching for file changes with StatReloader
INFO 2025-09-28 15:05:01,577 basehttp "GET / HTTP/1.1" 200 9696
INFO 2025-09-28 15:05:01,698 basehttp "GET /static/css/main/index.css HTTP/1.1" 200 2646
INFO 2025-09-28 15:05:53,601 autoreload Watching for file changes with StatReloader
INFO 2025-09-28 15:05:57,191 basehttp "GET / HTTP/1.1" 200 9696
INFO 2025-09-28 15:05:57,301 basehttp "GET /static/css/main/index.css HTTP/1.1" 200 2953
INFO 2025-09-28 15:08:40,513 autoreload Watching for file changes with StatReloader
INFO 2025-09-28 15:08:41,192 basehttp "GET / HTTP/1.1" 200 9696
INFO 2025-09-28 15:08:41,331 basehttp "GET /static/css/main/index.css HTTP/1.1" 200 2908
INFO 2025-09-28 15:09:25,084 autoreload Watching for file changes with StatReloader
INFO 2025-09-28 15:09:25,635 basehttp "GET / HTTP/1.1" 200 9686
INFO 2025-09-28 15:09:25,758 basehttp "GET /static/css/main/index.css HTTP/1.1" 200 2908
INFO 2025-09-28 15:11:01,213 autoreload Watching for file changes with StatReloader
INFO 2025-09-28 15:11:07,410 basehttp "GET / HTTP/1.1" 200 9803
INFO 2025-09-28 15:11:07,516 basehttp "GET /static/css/main/index.css HTTP/1.1" 200 2781
INFO 2025-09-28 15:11:11,035 basehttp "GET / HTTP/1.1" 200 9803
INFO 2025-09-28 15:11:11,042 basehttp "GET /static/css/main/index.css HTTP/1.1" 304 0
INFO 2025-09-28 15:11:43,612 autoreload Watching for file changes with StatReloader
INFO 2025-09-28 15:11:46,568 basehttp "GET / HTTP/1.1" 200 9803
INFO 2025-09-28 15:11:46,575 basehttp "GET /static/css/main/index.css HTTP/1.1" 304 0
INFO 2025-09-28 15:12:16,199 autoreload Watching for file changes with StatReloader
INFO 2025-09-28 15:12:26,074 autoreload Watching for file changes with StatReloader
INFO 2025-09-28 15:12:26,625 basehttp "GET / HTTP/1.1" 200 9803
INFO 2025-09-28 15:12:26,766 basehttp "GET /static/css/main/index.css HTTP/1.1" 200 2710
INFO 2025-09-28 15:12:47,354 autoreload Watching for file changes with StatReloader
INFO 2025-09-28 15:12:54,292 basehttp "GET / HTTP/1.1" 200 9803
INFO 2025-09-28 15:12:54,406 basehttp "GET /static/css/main/index.css HTTP/1.1" 200 2684
INFO 2025-09-28 15:13:33,481 autoreload Watching for file changes with StatReloader
INFO 2025-09-28 15:13:35,519 basehttp "GET / HTTP/1.1" 200 9803
INFO 2025-09-28 15:13:35,664 basehttp "GET /static/css/main/index.css HTTP/1.1" 200 2684
INFO 2025-09-28 15:16:11,520 basehttp "GET / HTTP/1.1" 200 9803
INFO 2025-09-28 15:16:11,529 basehttp "GET /static/css/main/index.css HTTP/1.1" 304 0
INFO 2025-09-28 15:17:45,877 autoreload Watching for file changes with StatReloader
INFO 2025-09-28 15:17:48,763 basehttp "GET / HTTP/1.1" 200 9803
INFO 2025-09-28 15:17:48,879 basehttp "GET /static/css/main/index.css HTTP/1.1" 200 2940
INFO 2025-09-28 15:21:24,674 autoreload Watching for file changes with StatReloader
INFO 2025-09-28 15:21:26,140 basehttp "GET / HTTP/1.1" 200 9803
INFO 2025-09-28 15:21:26,253 basehttp "GET /static/css/main/index.css HTTP/1.1" 200 2733
INFO 2025-09-28 15:21:38,307 autoreload Watching for file changes with StatReloader
INFO 2025-09-28 15:21:41,276 basehttp "GET / HTTP/1.1" 200 9803
INFO 2025-09-28 15:21:41,389 basehttp "GET /static/css/main/index.css HTTP/1.1" 200 2684
INFO 2025-09-28 16:02:36,778 autoreload Watching for file changes with StatReloader
INFO 2025-09-28 16:02:49,359 basehttp "GET / HTTP/1.1" 200 9803
INFO 2025-09-28 16:02:49,370 basehttp "GET /static/images/fish1.png HTTP/1.1" 304 0
INFO 2025-09-28 16:02:49,371 basehttp "GET /static/images/fish2.png HTTP/1.1" 304 0
INFO 2025-09-28 16:02:49,373 basehttp "GET /static/images/seaweed.png HTTP/1.1" 304 0
INFO 2025-09-28 16:02:49,473 basehttp "GET /static/css/main/index.css HTTP/1.1" 200 2702
INFO 2025-09-28 16:03:30,326 autoreload Watching for file changes with StatReloader
INFO 2025-09-28 16:03:35,342 basehttp "GET / HTTP/1.1" 200 9803
INFO 2025-09-28 16:03:35,448 basehttp "GET /static/css/main/index.css HTTP/1.1" 200 2702
INFO 2025-09-28 16:04:15,524 autoreload Watching for file changes with StatReloader
INFO 2025-09-28 16:04:18,608 basehttp "GET / HTTP/1.1" 200 9803
INFO 2025-09-28 16:04:18,754 basehttp "GET /static/css/main/index.css HTTP/1.1" 200 2702
INFO 2025-09-28 16:05:29,459 autoreload Watching for file changes with StatReloader
INFO 2025-09-28 16:05:30,467 basehttp "GET / HTTP/1.1" 200 9803
INFO 2025-09-28 16:05:30,579 basehttp "GET /static/css/main/index.css HTTP/1.1" 200 2702
INFO 2025-09-28 16:08:11,770 autoreload Watching for file changes with StatReloader
INFO 2025-09-28 16:08:16,523 basehttp "GET / HTTP/1.1" 200 9803
INFO 2025-09-28 16:08:16,638 basehttp "GET /static/css/main/index.css HTTP/1.1" 200 2924
INFO 2025-09-28 16:09:25,368 autoreload Watching for file changes with StatReloader
INFO 2025-09-28 16:09:27,858 basehttp "GET / HTTP/1.1" 200 9803
INFO 2025-09-28 16:09:27,975 basehttp "GET /static/css/main/index.css HTTP/1.1" 200 2778
INFO 2025-09-28 16:49:47,120 autoreload Watching for file changes with StatReloader
INFO 2025-09-28 16:49:49,760 basehttp "GET / HTTP/1.1" 200 10107
INFO 2025-09-28 16:49:49,874 basehttp "GET /static/css/main/index.css HTTP/1.1" 200 3084
INFO 2025-09-28 16:50:30,456 autoreload Watching for file changes with StatReloader
INFO 2025-09-28 16:50:31,206 basehttp "GET / HTTP/1.1" 200 10107
INFO 2025-09-28 16:50:31,324 basehttp "GET /static/css/main/index.css HTTP/1.1" 200 3110
INFO 2025-09-28 16:51:14,942 autoreload Watching for file changes with StatReloader
INFO 2025-09-28 16:51:15,611 basehttp "GET / HTTP/1.1" 200 10107
INFO 2025-09-28 16:51:15,733 basehttp "GET /static/css/main/index.css HTTP/1.1" 200 3110
INFO 2025-09-28 16:52:37,146 autoreload Watching for file changes with StatReloader
INFO 2025-09-28 16:52:37,757 basehttp "GET / HTTP/1.1" 200 10107
INFO 2025-09-28 16:52:37,886 basehttp "GET /static/css/main/index.css HTTP/1.1" 200 3110
INFO 2025-09-28 16:53:33,746 autoreload Watching for file changes with StatReloader
INFO 2025-09-28 16:53:37,051 basehttp "GET / HTTP/1.1" 200 10107
INFO 2025-09-28 16:53:37,166 basehttp "GET /static/css/main/index.css HTTP/1.1" 200 3110
INFO 2025-09-28 16:56:11,462 autoreload Watching for file changes with StatReloader
INFO 2025-09-28 16:56:12,069 basehttp "GET / HTTP/1.1" 200 10107
INFO 2025-09-28 16:56:12,178 basehttp "GET /static/css/main/index.css HTTP/1.1" 200 3111
INFO 2025-09-28 17:00:48,690 autoreload Watching for file changes with StatReloader
INFO 2025-09-28 17:00:49,259 basehttp "GET / HTTP/1.1" 200 10458
INFO 2025-09-28 17:00:49,389 basehttp "GET /static/css/main/index.css HTTP/1.1" 200 3096
INFO 2025-09-28 17:02:11,898 autoreload Watching for file changes with StatReloader
ERROR 2025-09-28 17:02:14,088 log Internal Server Error: /
Traceback (most recent call last):
  File "C:\Labs\353504_Antonava_01\STRWEB\LR2\ZooShopApp\.venv\Lib\site-packages\django\core\handlers\exception.py", line 55, in inner
    response = get_response(request)
               ^^^^^^^^^^^^^^^^^^^^^
  File "C:\Labs\353504_Antonava_01\STRWEB\LR2\ZooShopApp\.venv\Lib\site-packages\django\core\handlers\base.py", line 197, in _get_response
    response = wrapped_callback(request, *callback_args, **callback_kwargs)
               ^^^^^^^^^^^^^^^^^^^^^^^^^^^^^^^^^^^^^^^^^^^^^^^^^^^^^^^^^^^^
  File "C:\Labs\353504_Antonava_01\STRWEB\LR2\ZooShopApp\main\views.py", line 29, in index
    return render(request, 'main/index.html', context)
           ^^^^^^^^^^^^^^^^^^^^^^^^^^^^^^^^^^^^^^^^^^^
  File "C:\Labs\353504_Antonava_01\STRWEB\LR2\ZooShopApp\.venv\Lib\site-packages\django\shortcuts.py", line 25, in render
    content = loader.render_to_string(template_name, context, request, using=using)
              ^^^^^^^^^^^^^^^^^^^^^^^^^^^^^^^^^^^^^^^^^^^^^^^^^^^^^^^^^^^^^^^^^^^^^
  File "C:\Labs\353504_Antonava_01\STRWEB\LR2\ZooShopApp\.venv\Lib\site-packages\django\template\loader.py", line 61, in render_to_string
    template = get_template(template_name, using=using)
               ^^^^^^^^^^^^^^^^^^^^^^^^^^^^^^^^^^^^^^^^
  File "C:\Labs\353504_Antonava_01\STRWEB\LR2\ZooShopApp\.venv\Lib\site-packages\django\template\loader.py", line 15, in get_template
    return engine.get_template(template_name)
           ^^^^^^^^^^^^^^^^^^^^^^^^^^^^^^^^^^
  File "C:\Labs\353504_Antonava_01\STRWEB\LR2\ZooShopApp\.venv\Lib\site-packages\django\template\backends\django.py", line 79, in get_template
    return Template(self.engine.get_template(template_name), self)
                    ^^^^^^^^^^^^^^^^^^^^^^^^^^^^^^^^^^^^^^^
  File "C:\Labs\353504_Antonava_01\STRWEB\LR2\ZooShopApp\.venv\Lib\site-packages\django\template\engine.py", line 177, in get_template
    template, origin = self.find_template(template_name)
                       ^^^^^^^^^^^^^^^^^^^^^^^^^^^^^^^^^
  File "C:\Labs\353504_Antonava_01\STRWEB\LR2\ZooShopApp\.venv\Lib\site-packages\django\template\engine.py", line 159, in find_template
    template = loader.get_template(name, skip=skip)
               ^^^^^^^^^^^^^^^^^^^^^^^^^^^^^^^^^^^^
  File "C:\Labs\353504_Antonava_01\STRWEB\LR2\ZooShopApp\.venv\Lib\site-packages\django\template\loaders\cached.py", line 57, in get_template
    template = super().get_template(template_name, skip)
               ^^^^^^^^^^^^^^^^^^^^^^^^^^^^^^^^^^^^^^^^^
  File "C:\Labs\353504_Antonava_01\STRWEB\LR2\ZooShopApp\.venv\Lib\site-packages\django\template\loaders\base.py", line 28, in get_template
    return Template(
           ^^^^^^^^^
  File "C:\Labs\353504_Antonava_01\STRWEB\LR2\ZooShopApp\.venv\Lib\site-packages\django\template\base.py", line 154, in __init__
    self.nodelist = self.compile_nodelist()
                    ^^^^^^^^^^^^^^^^^^^^^^^
  File "C:\Labs\353504_Antonava_01\STRWEB\LR2\ZooShopApp\.venv\Lib\site-packages\django\template\base.py", line 196, in compile_nodelist
    nodelist = parser.parse()
               ^^^^^^^^^^^^^^
  File "C:\Labs\353504_Antonava_01\STRWEB\LR2\ZooShopApp\.venv\Lib\site-packages\django\template\base.py", line 518, in parse
    raise self.error(token, e)
  File "C:\Labs\353504_Antonava_01\STRWEB\LR2\ZooShopApp\.venv\Lib\site-packages\django\template\base.py", line 516, in parse
    compiled_result = compile_func(self, token)
                      ^^^^^^^^^^^^^^^^^^^^^^^^^
  File "C:\Labs\353504_Antonava_01\STRWEB\LR2\ZooShopApp\.venv\Lib\site-packages\django\template\loader_tags.py", line 299, in do_extends
    nodelist = parser.parse()
               ^^^^^^^^^^^^^^
  File "C:\Labs\353504_Antonava_01\STRWEB\LR2\ZooShopApp\.venv\Lib\site-packages\django\template\base.py", line 518, in parse
    raise self.error(token, e)
  File "C:\Labs\353504_Antonava_01\STRWEB\LR2\ZooShopApp\.venv\Lib\site-packages\django\template\base.py", line 516, in parse
    compiled_result = compile_func(self, token)
                      ^^^^^^^^^^^^^^^^^^^^^^^^^
  File "C:\Labs\353504_Antonava_01\STRWEB\LR2\ZooShopApp\.venv\Lib\site-packages\django\template\loader_tags.py", line 234, in do_block
    nodelist = parser.parse(("endblock",))
               ^^^^^^^^^^^^^^^^^^^^^^^^^^^
  File "C:\Labs\353504_Antonava_01\STRWEB\LR2\ZooShopApp\.venv\Lib\site-packages\django\template\base.py", line 518, in parse
    raise self.error(token, e)
  File "C:\Labs\353504_Antonava_01\STRWEB\LR2\ZooShopApp\.venv\Lib\site-packages\django\template\base.py", line 516, in parse
    compiled_result = compile_func(self, token)
                      ^^^^^^^^^^^^^^^^^^^^^^^^^
  File "C:\Labs\353504_Antonava_01\STRWEB\LR2\ZooShopApp\.venv\Lib\site-packages\django\template\defaulttags.py", line 861, in do_for
    sequence = parser.compile_filter(bits[in_index + 1])
               ^^^^^^^^^^^^^^^^^^^^^^^^^^^^^^^^^^^^^^^^^
  File "C:\Labs\353504_Antonava_01\STRWEB\LR2\ZooShopApp\.venv\Lib\site-packages\django\template\base.py", line 609, in compile_filter
    return FilterExpression(token, self)
           ^^^^^^^^^^^^^^^^^^^^^^^^^^^^^
  File "C:\Labs\353504_Antonava_01\STRWEB\LR2\ZooShopApp\.venv\Lib\site-packages\django\template\base.py", line 705, in __init__
    filter_func = parser.find_filter(filter_name)
                  ^^^^^^^^^^^^^^^^^^^^^^^^^^^^^^^
  File "C:\Labs\353504_Antonava_01\STRWEB\LR2\ZooShopApp\.venv\Lib\site-packages\django\template\base.py", line 615, in find_filter
    raise TemplateSyntaxError("Invalid filter: '%s'" % filter_name)
django.template.exceptions.TemplateSyntaxError: Invalid filter: 'to'
ERROR 2025-09-28 17:02:14,101 basehttp "GET / HTTP/1.1" 500 269090
WARNING 2025-09-28 17:02:14,239 log Not Found: /favicon.ico
WARNING 2025-09-28 17:02:14,239 basehttp "GET /favicon.ico HTTP/1.1" 404 5761
INFO 2025-09-28 17:04:44,594 autoreload Watching for file changes with StatReloader
ERROR 2025-09-28 17:04:48,820 log Internal Server Error: /
Traceback (most recent call last):
  File "C:\Labs\353504_Antonava_01\STRWEB\LR2\ZooShopApp\.venv\Lib\site-packages\django\core\handlers\exception.py", line 55, in inner
    response = get_response(request)
               ^^^^^^^^^^^^^^^^^^^^^
  File "C:\Labs\353504_Antonava_01\STRWEB\LR2\ZooShopApp\.venv\Lib\site-packages\django\core\handlers\base.py", line 197, in _get_response
    response = wrapped_callback(request, *callback_args, **callback_kwargs)
               ^^^^^^^^^^^^^^^^^^^^^^^^^^^^^^^^^^^^^^^^^^^^^^^^^^^^^^^^^^^^
  File "C:\Labs\353504_Antonava_01\STRWEB\LR2\ZooShopApp\main\views.py", line 29, in index
    return render(request, 'main/index.html', context)
           ^^^^^^^^^^^^^^^^^^^^^^^^^^^^^^^^^^^^^^^^^^^
  File "C:\Labs\353504_Antonava_01\STRWEB\LR2\ZooShopApp\.venv\Lib\site-packages\django\shortcuts.py", line 25, in render
    content = loader.render_to_string(template_name, context, request, using=using)
              ^^^^^^^^^^^^^^^^^^^^^^^^^^^^^^^^^^^^^^^^^^^^^^^^^^^^^^^^^^^^^^^^^^^^^
  File "C:\Labs\353504_Antonava_01\STRWEB\LR2\ZooShopApp\.venv\Lib\site-packages\django\template\loader.py", line 61, in render_to_string
    template = get_template(template_name, using=using)
               ^^^^^^^^^^^^^^^^^^^^^^^^^^^^^^^^^^^^^^^^
  File "C:\Labs\353504_Antonava_01\STRWEB\LR2\ZooShopApp\.venv\Lib\site-packages\django\template\loader.py", line 15, in get_template
    return engine.get_template(template_name)
           ^^^^^^^^^^^^^^^^^^^^^^^^^^^^^^^^^^
  File "C:\Labs\353504_Antonava_01\STRWEB\LR2\ZooShopApp\.venv\Lib\site-packages\django\template\backends\django.py", line 79, in get_template
    return Template(self.engine.get_template(template_name), self)
                    ^^^^^^^^^^^^^^^^^^^^^^^^^^^^^^^^^^^^^^^
  File "C:\Labs\353504_Antonava_01\STRWEB\LR2\ZooShopApp\.venv\Lib\site-packages\django\template\engine.py", line 177, in get_template
    template, origin = self.find_template(template_name)
                       ^^^^^^^^^^^^^^^^^^^^^^^^^^^^^^^^^
  File "C:\Labs\353504_Antonava_01\STRWEB\LR2\ZooShopApp\.venv\Lib\site-packages\django\template\engine.py", line 159, in find_template
    template = loader.get_template(name, skip=skip)
               ^^^^^^^^^^^^^^^^^^^^^^^^^^^^^^^^^^^^
  File "C:\Labs\353504_Antonava_01\STRWEB\LR2\ZooShopApp\.venv\Lib\site-packages\django\template\loaders\cached.py", line 57, in get_template
    template = super().get_template(template_name, skip)
               ^^^^^^^^^^^^^^^^^^^^^^^^^^^^^^^^^^^^^^^^^
  File "C:\Labs\353504_Antonava_01\STRWEB\LR2\ZooShopApp\.venv\Lib\site-packages\django\template\loaders\base.py", line 28, in get_template
    return Template(
           ^^^^^^^^^
  File "C:\Labs\353504_Antonava_01\STRWEB\LR2\ZooShopApp\.venv\Lib\site-packages\django\template\base.py", line 154, in __init__
    self.nodelist = self.compile_nodelist()
                    ^^^^^^^^^^^^^^^^^^^^^^^
  File "C:\Labs\353504_Antonava_01\STRWEB\LR2\ZooShopApp\.venv\Lib\site-packages\django\template\base.py", line 196, in compile_nodelist
    nodelist = parser.parse()
               ^^^^^^^^^^^^^^
  File "C:\Labs\353504_Antonava_01\STRWEB\LR2\ZooShopApp\.venv\Lib\site-packages\django\template\base.py", line 518, in parse
    raise self.error(token, e)
  File "C:\Labs\353504_Antonava_01\STRWEB\LR2\ZooShopApp\.venv\Lib\site-packages\django\template\base.py", line 516, in parse
    compiled_result = compile_func(self, token)
                      ^^^^^^^^^^^^^^^^^^^^^^^^^
  File "C:\Labs\353504_Antonava_01\STRWEB\LR2\ZooShopApp\.venv\Lib\site-packages\django\template\loader_tags.py", line 299, in do_extends
    nodelist = parser.parse()
               ^^^^^^^^^^^^^^
  File "C:\Labs\353504_Antonava_01\STRWEB\LR2\ZooShopApp\.venv\Lib\site-packages\django\template\base.py", line 518, in parse
    raise self.error(token, e)
  File "C:\Labs\353504_Antonava_01\STRWEB\LR2\ZooShopApp\.venv\Lib\site-packages\django\template\base.py", line 516, in parse
    compiled_result = compile_func(self, token)
                      ^^^^^^^^^^^^^^^^^^^^^^^^^
  File "C:\Labs\353504_Antonava_01\STRWEB\LR2\ZooShopApp\.venv\Lib\site-packages\django\template\loader_tags.py", line 234, in do_block
    nodelist = parser.parse(("endblock",))
               ^^^^^^^^^^^^^^^^^^^^^^^^^^^
  File "C:\Labs\353504_Antonava_01\STRWEB\LR2\ZooShopApp\.venv\Lib\site-packages\django\template\base.py", line 518, in parse
    raise self.error(token, e)
  File "C:\Labs\353504_Antonava_01\STRWEB\LR2\ZooShopApp\.venv\Lib\site-packages\django\template\base.py", line 516, in parse
    compiled_result = compile_func(self, token)
                      ^^^^^^^^^^^^^^^^^^^^^^^^^
  File "C:\Labs\353504_Antonava_01\STRWEB\LR2\ZooShopApp\.venv\Lib\site-packages\django\template\defaulttags.py", line 1531, in do_with
    extra_context = token_kwargs(remaining_bits, parser, support_legacy=True)
                    ^^^^^^^^^^^^^^^^^^^^^^^^^^^^^^^^^^^^^^^^^^^^^^^^^^^^^^^^^
  File "C:\Labs\353504_Antonava_01\STRWEB\LR2\ZooShopApp\.venv\Lib\site-packages\django\template\base.py", line 1127, in token_kwargs
    kwargs[key] = parser.compile_filter(value)
                  ^^^^^^^^^^^^^^^^^^^^^^^^^^^^
  File "C:\Labs\353504_Antonava_01\STRWEB\LR2\ZooShopApp\.venv\Lib\site-packages\django\template\base.py", line 609, in compile_filter
    return FilterExpression(token, self)
           ^^^^^^^^^^^^^^^^^^^^^^^^^^^^^
  File "C:\Labs\353504_Antonava_01\STRWEB\LR2\ZooShopApp\.venv\Lib\site-packages\django\template\base.py", line 710, in __init__
    raise TemplateSyntaxError(
django.template.exceptions.TemplateSyntaxError: Could not parse the remainder: '(0,' from 'range(0,'
ERROR 2025-09-28 17:04:48,828 basehttp "GET / HTTP/1.1" 500 270576
INFO 2025-09-28 17:06:30,142 autoreload Watching for file changes with StatReloader
INFO 2025-09-28 17:06:33,268 basehttp "GET / HTTP/1.1" 200 13756
INFO 2025-09-28 17:06:33,280 basehttp "GET /static/css/main/index.css HTTP/1.1" 304 0
INFO 2025-09-28 17:07:12,867 autoreload Watching for file changes with StatReloader
INFO 2025-09-28 17:07:13,463 basehttp "GET / HTTP/1.1" 200 12261
INFO 2025-09-28 17:07:13,473 basehttp "GET /static/css/main/index.css HTTP/1.1" 304 0
INFO 2025-09-28 17:07:40,433 autoreload Watching for file changes with StatReloader
INFO 2025-09-28 17:07:42,702 basehttp "GET / HTTP/1.1" 200 11020
INFO 2025-09-28 17:08:21,368 autoreload Watching for file changes with StatReloader
INFO 2025-09-28 17:08:21,924 basehttp "GET / HTTP/1.1" 200 11021
INFO 2025-09-28 17:08:21,934 basehttp "GET /static/css/main/index.css HTTP/1.1" 304 0
INFO 2025-09-28 17:08:48,873 autoreload Watching for file changes with StatReloader
INFO 2025-09-28 17:08:49,405 basehttp "GET / HTTP/1.1" 200 10772
INFO 2025-10-05 21:25:04,243 autoreload Watching for file changes with StatReloader
INFO 2025-10-05 21:25:18,916 basehttp "GET / HTTP/1.1" 200 10764
INFO 2025-10-05 21:25:19,744 basehttp "GET /static/css/notifications.css HTTP/1.1" 200 746
INFO 2025-10-05 21:25:19,774 basehttp "GET /static/images/seaweed.png HTTP/1.1" 200 1584444
INFO 2025-10-05 21:25:19,782 basehttp "GET /static/js/jquery/jquery-3.7.1.min.js HTTP/1.1" 200 87535
INFO 2025-10-05 21:25:19,791 basehttp "GET /static/js/script.js HTTP/1.1" 200 4461
INFO 2025-10-05 21:25:19,799 basehttp "GET /static/icons/animal.ico HTTP/1.1" 200 34453
INFO 2025-10-05 21:25:19,805 basehttp "GET /static/images/banner1.jpg HTTP/1.1" 200 42882
INFO 2025-10-05 21:25:19,813 basehttp "GET /static/images/banner2.jpg HTTP/1.1" 200 15668
INFO 2025-10-05 21:25:19,819 basehttp "GET /static/images/banner3.jpg HTTP/1.1" 200 8842
INFO 2025-10-05 21:25:19,828 basehttp "GET /media/partners/baseavatar.jpg HTTP/1.1" 200 13823
INFO 2025-10-05 21:25:19,834 basehttp "GET /media/partners/baseavatar_64wQ8mi.jpg HTTP/1.1" 200 13823
INFO 2025-10-05 21:25:19,840 basehttp "GET /media/partners/baseavatar_xg5AIgP.jpg HTTP/1.1" 200 13823
INFO 2025-10-05 21:25:19,843 basehttp "GET /static/css/base.css HTTP/1.1" 200 3626
INFO 2025-10-05 21:25:19,879 basehttp "GET /static/images/fish1.png HTTP/1.1" 200 2205819
INFO 2025-10-05 21:25:19,983 basehttp "GET /static/images/fish2.png HTTP/1.1" 200 1352197
INFO 2025-10-05 21:25:20,169 basehttp "GET /static/css/footer.css HTTP/1.1" 200 701
INFO 2025-10-05 21:25:20,204 basehttp "GET /static/css/main/index.css HTTP/1.1" 200 3096
INFO 2025-10-06 15:19:22,009 autoreload Watching for file changes with StatReloader
INFO 2025-10-06 15:19:24,111 basehttp "GET / HTTP/1.1" 200 10764
INFO 2025-10-06 15:19:24,539 basehttp "GET /static/css/main/index.css HTTP/1.1" 200 3096
INFO 2025-10-06 15:19:24,576 basehttp "GET /static/css/base.css HTTP/1.1" 200 3626
INFO 2025-10-06 15:19:24,584 basehttp "GET /static/css/footer.css HTTP/1.1" 200 701
INFO 2025-10-06 15:19:24,595 basehttp "GET /static/js/script.js HTTP/1.1" 200 4461
INFO 2025-10-06 15:19:24,597 basehttp "GET /static/js/jquery/jquery-3.7.1.min.js HTTP/1.1" 200 87535
INFO 2025-10-06 15:19:24,601 basehttp "GET /static/css/notifications.css HTTP/1.1" 200 746
INFO 2025-10-06 15:19:24,602 basehttp "GET /static/icons/animal.ico HTTP/1.1" 200 34453
INFO 2025-10-06 15:19:24,604 basehttp "GET /static/images/banner1.jpg HTTP/1.1" 200 42882
INFO 2025-10-06 15:19:24,609 basehttp "GET /static/images/banner2.jpg HTTP/1.1" 200 15668
INFO 2025-10-06 15:19:24,611 basehttp "GET /static/images/banner3.jpg HTTP/1.1" 200 8842
INFO 2025-10-06 15:19:24,615 basehttp "GET /media/partners/baseavatar.jpg HTTP/1.1" 200 13823
INFO 2025-10-06 15:19:24,619 basehttp "GET /media/partners/baseavatar_64wQ8mi.jpg HTTP/1.1" 200 13823
INFO 2025-10-06 15:19:24,620 basehttp "GET /media/partners/baseavatar_xg5AIgP.jpg HTTP/1.1" 200 13823
INFO 2025-10-06 15:19:24,623 basehttp "GET /static/images/fish2.png HTTP/1.1" 200 1352197
INFO 2025-10-06 15:19:24,632 basehttp "GET /static/images/seaweed.png HTTP/1.1" 200 1584444
INFO 2025-10-06 15:19:24,634 basehttp "GET /static/images/fish1.png HTTP/1.1" 200 2205819
INFO 2025-10-06 15:19:26,199 basehttp "GET /static/images/banner2-small.jpg HTTP/1.1" 200 10090
INFO 2025-10-06 15:19:26,199 basehttp "GET /static/images/banner3-small.jpg HTTP/1.1" 200 6770
INFO 2025-10-06 15:19:26,200 basehttp "GET /static/images/banner1-small.jpg HTTP/1.1" 200 19914
INFO 2025-10-06 15:25:54,600 autoreload C:\Labs\353504_Antonava_01\STRWEB\LR2\ZooShopApp\main\views.py changed, reloading.
INFO 2025-10-06 15:25:55,853 autoreload Watching for file changes with StatReloader
INFO 2025-10-06 15:39:22,712 autoreload Watching for file changes with StatReloader
INFO 2025-10-06 15:39:23,902 basehttp "GET / HTTP/1.1" 200 10906
INFO 2025-10-06 15:40:35,585 autoreload Watching for file changes with StatReloader
INFO 2025-10-06 15:40:36,236 basehttp "GET / HTTP/1.1" 200 10906
INFO 2025-10-06 15:40:40,354 basehttp "GET / HTTP/1.1" 200 10906
INFO 2025-10-06 15:40:44,587 basehttp "GET / HTTP/1.1" 200 10906
INFO 2025-10-06 15:40:57,557 autoreload Watching for file changes with StatReloader
INFO 2025-10-06 15:40:58,277 basehttp "GET / HTTP/1.1" 200 10906
INFO 2025-10-06 15:41:33,142 autoreload Watching for file changes with StatReloader
INFO 2025-10-06 15:41:34,499 basehttp "GET / HTTP/1.1" 200 10906
INFO 2025-10-06 15:41:37,998 basehttp "GET / HTTP/1.1" 200 10906
INFO 2025-10-06 15:41:47,303 autoreload Watching for file changes with StatReloader
INFO 2025-10-06 15:41:47,879 basehttp "GET / HTTP/1.1" 200 10906
INFO 2025-10-06 15:44:51,352 autoreload Watching for file changes with StatReloader
INFO 2025-10-06 15:44:52,261 basehttp "GET / HTTP/1.1" 200 11332
INFO 2025-10-06 15:44:56,195 basehttp "GET / HTTP/1.1" 200 11332
INFO 2025-10-06 15:45:22,215 basehttp "GET / HTTP/1.1" 200 11332
INFO 2025-10-06 15:47:54,329 autoreload Watching for file changes with StatReloader
INFO 2025-10-06 15:47:57,472 basehttp "GET / HTTP/1.1" 200 11332
INFO 2025-10-06 15:47:59,735 basehttp "GET / HTTP/1.1" 200 11332
INFO 2025-10-06 15:48:06,632 basehttp "GET / HTTP/1.1" 200 11332
INFO 2025-10-06 15:48:18,436 autoreload Watching for file changes with StatReloader
INFO 2025-10-06 15:49:38,986 autoreload Watching for file changes with StatReloader
INFO 2025-10-06 15:49:39,554 basehttp "GET / HTTP/1.1" 200 11332
INFO 2025-10-06 15:49:42,464 basehttp "GET / HTTP/1.1" 200 11332
WARNING 2025-10-06 15:50:36,822 log Not Found: /.well-known/appspecific/com.chrome.devtools.json
WARNING 2025-10-06 15:50:36,823 basehttp "GET /.well-known/appspecific/com.chrome.devtools.json HTTP/1.1" 404 5872
INFO 2025-10-06 15:50:55,558 basehttp "GET / HTTP/1.1" 200 11332
WARNING 2025-10-06 15:50:55,591 log Not Found: /.well-known/appspecific/com.chrome.devtools.json
WARNING 2025-10-06 15:50:55,592 basehttp "GET /.well-known/appspecific/com.chrome.devtools.json HTTP/1.1" 404 5872
INFO 2025-10-06 15:51:31,481 autoreload Watching for file changes with StatReloader
INFO 2025-10-06 15:51:33,046 basehttp "GET / HTTP/1.1" 200 11360
WARNING 2025-10-06 15:51:39,951 log Not Found: /.well-known/appspecific/com.chrome.devtools.json
WARNING 2025-10-06 15:51:39,951 basehttp "GET /.well-known/appspecific/com.chrome.devtools.json HTTP/1.1" 404 5872
INFO 2025-10-06 15:54:29,344 autoreload Watching for file changes with StatReloader
INFO 2025-10-06 15:54:37,910 basehttp "GET / HTTP/1.1" 200 11354
INFO 2025-10-06 15:54:41,056 basehttp "GET / HTTP/1.1" 200 11354
WARNING 2025-10-06 15:54:44,511 log Not Found: /.well-known/appspecific/com.chrome.devtools.json
WARNING 2025-10-06 15:54:44,512 basehttp "GET /.well-known/appspecific/com.chrome.devtools.json HTTP/1.1" 404 5872
INFO 2025-10-06 15:55:56,639 autoreload Watching for file changes with StatReloader
INFO 2025-10-06 15:56:02,065 basehttp "GET / HTTP/1.1" 200 11360
WARNING 2025-10-06 15:56:02,100 log Not Found: /.well-known/appspecific/com.chrome.devtools.json
WARNING 2025-10-06 15:56:02,102 basehttp "GET /.well-known/appspecific/com.chrome.devtools.json HTTP/1.1" 404 5872
INFO 2025-10-06 15:57:00,847 autoreload Watching for file changes with StatReloader
INFO 2025-10-06 15:57:02,831 basehttp "GET / HTTP/1.1" 200 11360
WARNING 2025-10-06 15:57:08,419 log Not Found: /.well-known/appspecific/com.chrome.devtools.json
WARNING 2025-10-06 15:57:08,419 basehttp "GET /.well-known/appspecific/com.chrome.devtools.json HTTP/1.1" 404 5872
INFO 2025-10-06 16:00:48,706 autoreload Watching for file changes with StatReloader
INFO 2025-10-06 16:00:49,390 basehttp "GET / HTTP/1.1" 200 11360
WARNING 2025-10-06 16:00:49,444 log Not Found: /.well-known/appspecific/com.chrome.devtools.json
WARNING 2025-10-06 16:00:49,445 basehttp "GET /.well-known/appspecific/com.chrome.devtools.json HTTP/1.1" 404 5872
INFO 2025-10-06 16:10:13,085 autoreload Watching for file changes with StatReloader
INFO 2025-10-06 16:10:16,073 basehttp "GET / HTTP/1.1" 200 11433
INFO 2025-10-06 16:10:18,179 basehttp "GET / HTTP/1.1" 200 11433
INFO 2025-10-06 16:14:07,091 autoreload Watching for file changes with StatReloader
INFO 2025-10-06 16:14:13,023 basehttp "GET / HTTP/1.1" 200 11341
INFO 2025-10-06 16:15:42,891 autoreload Watching for file changes with StatReloader
INFO 2025-10-06 16:15:43,663 basehttp "GET / HTTP/1.1" 200 11341
INFO 2025-10-06 16:15:45,317 basehttp "GET / HTTP/1.1" 200 11341
INFO 2025-10-06 16:15:45,728 basehttp "GET / HTTP/1.1" 200 11341
INFO 2025-10-06 16:15:46,001 basehttp "GET / HTTP/1.1" 200 11341
INFO 2025-10-06 16:16:23,588 autoreload Watching for file changes with StatReloader
INFO 2025-10-06 16:16:24,229 basehttp "GET / HTTP/1.1" 200 11343
INFO 2025-10-06 16:16:35,602 autoreload Watching for file changes with StatReloader
INFO 2025-10-06 16:16:36,222 basehttp "GET / HTTP/1.1" 200 11341
INFO 2025-10-06 16:17:31,258 autoreload Watching for file changes with StatReloader
INFO 2025-10-06 16:17:34,792 basehttp "GET / HTTP/1.1" 200 11341
INFO 2025-10-06 16:17:35,603 basehttp "GET / HTTP/1.1" 200 11341
INFO 2025-10-06 16:17:35,775 basehttp "GET / HTTP/1.1" 200 11341
INFO 2025-10-06 16:19:35,126 autoreload Watching for file changes with StatReloader
INFO 2025-10-06 16:19:35,683 basehttp "GET / HTTP/1.1" 200 11339
INFO 2025-10-06 16:19:38,230 basehttp "GET / HTTP/1.1" 200 11339
INFO 2025-10-06 16:19:40,019 basehttp "GET / HTTP/1.1" 200 11339
INFO 2025-10-06 16:20:13,543 autoreload Watching for file changes with StatReloader
INFO 2025-10-06 16:20:14,222 basehttp "GET / HTTP/1.1" 200 11408
INFO 2025-10-06 16:20:38,700 autoreload Watching for file changes with StatReloader
INFO 2025-10-06 16:20:39,241 basehttp "GET / HTTP/1.1" 200 11408
INFO 2025-10-06 16:20:40,543 basehttp "GET / HTTP/1.1" 200 11408
INFO 2025-10-06 16:20:40,758 basehttp "GET / HTTP/1.1" 200 11408
INFO 2025-10-06 16:20:40,939 basehttp "GET / HTTP/1.1" 200 11408
INFO 2025-10-06 16:20:41,238 basehttp "GET / HTTP/1.1" 200 11408
INFO 2025-10-06 16:20:41,520 basehttp "GET / HTTP/1.1" 200 11408
INFO 2025-10-06 16:22:02,160 autoreload Watching for file changes with StatReloader
INFO 2025-10-06 16:22:02,697 basehttp "GET / HTTP/1.1" 200 11408
INFO 2025-10-06 16:22:05,252 basehttp "GET / HTTP/1.1" 200 11408
INFO 2025-10-06 16:22:05,459 basehttp "GET / HTTP/1.1" 200 11408
INFO 2025-10-06 16:22:05,632 basehttp "GET / HTTP/1.1" 200 11408
INFO 2025-10-06 16:22:05,940 basehttp "GET / HTTP/1.1" 200 11408
INFO 2025-10-06 16:22:19,815 autoreload Watching for file changes with StatReloader
INFO 2025-10-06 16:22:20,489 basehttp "GET / HTTP/1.1" 200 11408
INFO 2025-10-06 16:22:21,040 basehttp "GET / HTTP/1.1" 200 11408
INFO 2025-10-06 16:22:21,236 basehttp "GET / HTTP/1.1" 200 11408
INFO 2025-10-06 16:22:21,462 basehttp "GET / HTTP/1.1" 200 11408
INFO 2025-10-06 16:22:21,638 basehttp "GET / HTTP/1.1" 200 11408
INFO 2025-10-06 16:22:21,848 basehttp "GET / HTTP/1.1" 200 11408
INFO 2025-10-06 16:22:38,731 basehttp "GET / HTTP/1.1" 200 10619
INFO 2025-10-06 16:22:39,429 basehttp "GET /static/css/main/index.css HTTP/1.1" 200 3222
INFO 2025-10-06 16:22:39,461 basehttp "GET /static/css/base.css HTTP/1.1" 200 3941
INFO 2025-10-06 16:22:39,476 basehttp "GET /static/css/footer.css HTTP/1.1" 200 701
INFO 2025-10-06 16:22:39,484 basehttp "GET /static/js/script.js HTTP/1.1" 200 4461
INFO 2025-10-06 16:22:39,487 basehttp "GET /static/js/jquery/jquery-3.7.1.min.js HTTP/1.1" 200 87535
INFO 2025-10-06 16:22:39,488 basehttp "GET /static/css/notifications.css HTTP/1.1" 200 746
INFO 2025-10-06 16:22:39,492 basehttp "GET /static/icons/animal.ico HTTP/1.1" 200 34453
INFO 2025-10-06 16:22:39,494 basehttp "GET /static/images/banner1.jpg HTTP/1.1" 200 42882
INFO 2025-10-06 16:22:39,499 basehttp "GET /static/images/fish2.png HTTP/1.1" 200 1352197
INFO 2025-10-06 16:22:39,501 basehttp "GET /static/images/banner2.jpg HTTP/1.1" 200 15668
INFO 2025-10-06 16:22:39,506 basehttp "GET /static/images/banner3.jpg HTTP/1.1" 200 8842
INFO 2025-10-06 16:22:39,510 basehttp "GET /media/partners/baseavatar.jpg HTTP/1.1" 200 13823
INFO 2025-10-06 16:22:39,515 basehttp "GET /media/partners/baseavatar_64wQ8mi.jpg HTTP/1.1" 200 13823
INFO 2025-10-06 16:22:39,516 basehttp "GET /media/partners/baseavatar_xg5AIgP.jpg HTTP/1.1" 200 13823
INFO 2025-10-06 16:22:39,524 basehttp "GET /static/images/fish1.png HTTP/1.1" 200 2205819
INFO 2025-10-06 16:22:39,527 basehttp "GET /static/images/seaweed.png HTTP/1.1" 200 1584444
INFO 2025-10-06 16:23:00,134 autoreload Watching for file changes with StatReloader
INFO 2025-10-06 16:23:00,632 basehttp "GET / HTTP/1.1" 200 10550
INFO 2025-10-06 16:23:00,770 basehttp "GET /static/css/main/index.css HTTP/1.1" 200 3923
INFO 2025-10-06 16:25:44,376 autoreload Watching for file changes with StatReloader
INFO 2025-10-06 16:25:45,806 basehttp "GET / HTTP/1.1" 200 10550
INFO 2025-10-06 16:25:45,877 basehttp "GET /static/css/base.css HTTP/1.1" 304 0
INFO 2025-10-06 16:25:45,998 basehttp "GET /static/css/main/index.css HTTP/1.1" 200 4178
INFO 2025-10-06 16:27:01,372 autoreload Watching for file changes with StatReloader
INFO 2025-10-06 16:27:03,015 basehttp "GET / HTTP/1.1" 200 10550
INFO 2025-10-06 16:27:03,135 basehttp "GET /static/css/main/index.css HTTP/1.1" 200 4293
INFO 2025-10-06 16:37:21,079 autoreload Watching for file changes with StatReloader
INFO 2025-10-06 16:37:23,011 basehttp "GET / HTTP/1.1" 200 10550
INFO 2025-10-06 16:37:23,023 basehttp "GET /static/css/base.css HTTP/1.1" 304 0
INFO 2025-10-06 16:37:23,155 basehttp "GET /static/css/main/index.css HTTP/1.1" 200 4568
INFO 2025-10-06 16:39:30,175 autoreload Watching for file changes with StatReloader
INFO 2025-10-06 16:39:31,643 basehttp "GET / HTTP/1.1" 200 10550
INFO 2025-10-06 16:39:31,773 basehttp "GET /static/css/main/index.css HTTP/1.1" 200 4708
INFO 2025-10-06 16:43:42,685 autoreload Watching for file changes with StatReloader
INFO 2025-10-06 16:43:44,035 basehttp "GET / HTTP/1.1" 200 10550
INFO 2025-10-06 16:43:44,044 basehttp "GET /static/css/base.css HTTP/1.1" 304 0
INFO 2025-10-06 16:43:44,164 basehttp "GET /static/css/main/index.css HTTP/1.1" 200 4742
INFO 2025-10-06 16:46:09,018 autoreload Watching for file changes with StatReloader
INFO 2025-10-06 16:46:09,580 basehttp "GET / HTTP/1.1" 200 10550
INFO 2025-10-06 16:46:09,739 basehttp "GET /static/css/main/index.css HTTP/1.1" 200 5113
INFO 2025-10-06 17:03:54,910 autoreload Watching for file changes with StatReloader
INFO 2025-10-06 17:03:57,100 basehttp "GET / HTTP/1.1" 200 11206
INFO 2025-10-06 17:03:57,111 basehttp "GET /static/css/base.css HTTP/1.1" 304 0
INFO 2025-10-06 17:03:57,251 basehttp "GET /static/css/main/index.css HTTP/1.1" 200 5550
INFO 2025-10-06 17:05:59,744 basehttp "GET / HTTP/1.1" 200 11204
INFO 2025-10-06 17:05:59,756 basehttp "GET /static/css/main/index.css HTTP/1.1" 304 0
INFO 2025-10-06 17:08:40,398 autoreload Watching for file changes with StatReloader
INFO 2025-10-06 17:08:41,199 basehttp "GET / HTTP/1.1" 200 11204
INFO 2025-10-06 17:08:41,208 basehttp "GET /static/css/main/index.css HTTP/1.1" 304 0
INFO 2025-10-06 17:09:29,430 autoreload Watching for file changes with StatReloader
INFO 2025-10-06 17:09:30,225 basehttp "GET / HTTP/1.1" 200 11993
INFO 2025-10-06 17:09:41,738 basehttp "GET / HTTP/1.1" 200 11204
INFO 2025-10-06 17:09:41,749 basehttp "GET /static/css/main/index.css HTTP/1.1" 304 0
INFO 2025-10-06 17:09:41,931 basehttp "GET /static/css/base.css HTTP/1.1" 200 4125
INFO 2025-10-06 17:18:24,144 autoreload Watching for file changes with StatReloader
INFO 2025-10-06 17:18:29,058 basehttp "GET / HTTP/1.1" 200 11168
INFO 2025-10-06 17:18:29,068 basehttp "GET /static/css/main/index.css HTTP/1.1" 304 0
INFO 2025-10-06 17:18:29,210 basehttp "GET /static/css/base.css HTTP/1.1" 200 4216
INFO 2025-10-06 17:24:54,718 autoreload Watching for file changes with StatReloader
INFO 2025-10-06 17:24:55,975 basehttp "GET / HTTP/1.1" 200 11168
INFO 2025-10-06 17:24:55,985 basehttp "GET /static/css/main/index.css HTTP/1.1" 304 0
INFO 2025-10-06 17:24:56,117 basehttp "GET /static/css/base.css HTTP/1.1" 200 4075
INFO 2025-10-06 17:25:17,018 autoreload Watching for file changes with StatReloader
INFO 2025-10-06 17:25:20,027 basehttp "GET / HTTP/1.1" 200 11168
INFO 2025-10-06 17:25:20,142 basehttp "GET /static/css/base.css HTTP/1.1" 200 4101
INFO 2025-10-06 17:25:21,122 basehttp "GET / HTTP/1.1" 200 11168
INFO 2025-10-06 17:25:21,131 basehttp "GET /static/css/base.css HTTP/1.1" 304 0
INFO 2025-10-06 17:26:12,160 autoreload Watching for file changes with StatReloader
INFO 2025-10-06 17:26:12,842 basehttp "GET / HTTP/1.1" 200 11168
INFO 2025-10-06 17:26:12,977 basehttp "GET /static/css/base.css HTTP/1.1" 200 4165
INFO 2025-10-06 17:26:14,486 basehttp "GET / HTTP/1.1" 200 11168
INFO 2025-10-06 17:26:14,494 basehttp "GET /static/css/base.css HTTP/1.1" 304 0
INFO 2025-10-06 17:26:39,101 autoreload Watching for file changes with StatReloader
INFO 2025-10-06 17:26:39,754 basehttp "GET / HTTP/1.1" 200 11168
INFO 2025-10-06 17:26:39,887 basehttp "GET /static/css/base.css HTTP/1.1" 200 4080
INFO 2025-10-06 17:26:40,980 basehttp "GET / HTTP/1.1" 200 11168
INFO 2025-10-06 17:26:40,989 basehttp "GET /static/css/base.css HTTP/1.1" 304 0
INFO 2025-10-06 17:27:55,557 autoreload Watching for file changes with StatReloader
INFO 2025-10-06 17:27:56,136 basehttp "GET / HTTP/1.1" 200 11168
INFO 2025-10-06 17:27:56,149 basehttp "GET /static/css/main/index.css HTTP/1.1" 304 0
INFO 2025-10-06 17:27:56,273 basehttp "GET /static/css/base.css HTTP/1.1" 200 4209
INFO 2025-10-06 17:28:43,743 autoreload Watching for file changes with StatReloader
INFO 2025-10-06 17:28:44,272 basehttp "GET / HTTP/1.1" 200 11168
INFO 2025-10-06 17:28:44,402 basehttp "GET /static/css/base.css HTTP/1.1" 200 4125
INFO 2025-10-06 17:28:59,118 autoreload Watching for file changes with StatReloader
INFO 2025-10-06 17:28:59,700 basehttp "GET / HTTP/1.1" 200 11168
INFO 2025-10-06 17:28:59,844 basehttp "GET /static/css/base.css HTTP/1.1" 200 4454
INFO 2025-10-06 17:29:38,033 autoreload Watching for file changes with StatReloader
INFO 2025-10-06 17:29:38,760 basehttp "GET / HTTP/1.1" 200 11140
INFO 2025-10-06 17:29:38,879 basehttp "GET /static/css/base.css HTTP/1.1" 200 4125
INFO 2025-10-06 17:29:49,376 autoreload Watching for file changes with StatReloader
INFO 2025-10-06 17:29:49,968 basehttp "GET / HTTP/1.1" 200 11143
INFO 2025-10-06 17:29:49,980 basehttp "GET /static/css/base.css HTTP/1.1" 304 0
INFO 2025-10-06 17:33:39,427 autoreload Watching for file changes with StatReloader
INFO 2025-10-06 17:33:40,851 basehttp "GET / HTTP/1.1" 200 11143
INFO 2025-10-06 17:33:40,861 basehttp "GET /static/css/main/index.css HTTP/1.1" 304 0
INFO 2025-10-06 17:33:40,972 basehttp "GET /static/css/base.css HTTP/1.1" 200 4347
INFO 2025-10-06 17:33:54,937 basehttp "GET /user/login/ HTTP/1.1" 200 4878
INFO 2025-10-06 17:33:54,946 basehttp "GET /static/css/base.css HTTP/1.1" 304 0
INFO 2025-10-06 17:33:54,948 basehttp "GET /static/css/users/login.css HTTP/1.1" 200 1273
INFO 2025-10-06 17:34:13,505 basehttp "GET / HTTP/1.1" 200 11143
INFO 2025-10-06 17:34:13,515 basehttp "GET /static/css/base.css HTTP/1.1" 304 0
INFO 2025-10-06 17:34:40,019 basehttp "GET /news/ HTTP/1.1" 200 18411
INFO 2025-10-06 17:34:40,029 basehttp "GET /static/css/base.css HTTP/1.1" 304 0
INFO 2025-10-06 17:34:40,035 basehttp "GET /static/css/main/news.css HTTP/1.1" 200 854
INFO 2025-10-06 17:38:04,942 autoreload Watching for file changes with StatReloader
INFO 2025-10-06 17:38:13,296 basehttp "GET / HTTP/1.1" 200 11180
INFO 2025-10-06 17:38:13,307 basehttp "GET /static/css/main/index.css HTTP/1.1" 304 0
INFO 2025-10-06 17:38:13,308 basehttp "GET /static/css/base.css HTTP/1.1" 304 0
INFO 2025-10-06 17:38:13,894 basehttp - Broken pipe from ('127.0.0.1', 62955)
INFO 2025-10-06 17:38:14,809 basehttp "GET /about/ HTTP/1.1" 200 9159
INFO 2025-10-06 17:38:15,205 basehttp "GET /media/logos/baseavatar.jpg HTTP/1.1" 200 13823
INFO 2025-10-06 17:38:15,309 basehttp "GET /static/css/main/about.css HTTP/1.1" 200 1266
INFO 2025-10-06 17:38:15,355 basehttp - Broken pipe from ('127.0.0.1', 62962)
INFO 2025-10-06 17:38:15,577 basehttp "GET /static/media/company_intro.mp4 HTTP/1.1" 200 22498702
INFO 2025-10-06 17:38:23,918 basehttp "GET /contact/ HTTP/1.1" 200 7782
INFO 2025-10-06 17:38:23,932 basehttp "GET /static/css/main/contact.css HTTP/1.1" 200 1284
INFO 2025-10-06 17:38:23,934 basehttp "GET /static/images/baseavatar.jpg HTTP/1.1" 200 13823
INFO 2025-10-06 17:38:23,944 basehttp "GET /media/users/506e8fe625c1f8707cec23d6b130dc08_sqZJoDz.jpeg HTTP/1.1" 200 846399
INFO 2025-10-06 17:38:23,950 basehttp "GET /media/users/9a14b8b2c9494052fab98e31e76bb929.jpg HTTP/1.1" 200 1340200
INFO 2025-10-06 17:38:25,959 basehttp "GET /about/ HTTP/1.1" 200 9159
INFO 2025-10-06 17:38:26,019 basehttp - Broken pipe from ('127.0.0.1', 62995)
INFO 2025-10-06 17:38:26,187 basehttp "GET /static/media/company_intro.mp4 HTTP/1.1" 200 22498702
INFO 2025-10-06 17:38:26,538 basehttp - Broken pipe from ('127.0.0.1', 62963)
INFO 2025-10-06 17:38:28,723 basehttp "GET / HTTP/1.1" 200 11180
INFO 2025-10-06 17:38:32,598 basehttp "GET /news/ HTTP/1.1" 200 18803
INFO 2025-10-06 17:38:33,262 basehttp "GET /faq/ HTTP/1.1" 200 8609
INFO 2025-10-06 17:38:33,271 basehttp "GET /static/css/main/faq.css HTTP/1.1" 200 912
INFO 2025-10-06 17:38:39,054 basehttp "GET /user/login/ HTTP/1.1" 200 4915
INFO 2025-10-06 17:38:40,516 basehttp "GET /reviews/ HTTP/1.1" 200 8378
INFO 2025-10-06 17:38:40,523 basehttp "GET /static/css/reviews/review_list.css HTTP/1.1" 200 867
INFO 2025-10-06 17:38:41,605 basehttp "GET /faq/ HTTP/1.1" 200 8609
INFO 2025-10-06 17:38:41,613 basehttp "GET /static/css/base.css HTTP/1.1" 304 0
INFO 2025-10-06 17:38:41,675 basehttp - Broken pipe from ('127.0.0.1', 62961)
INFO 2025-10-06 17:38:50,565 basehttp "GET /contact/ HTTP/1.1" 200 7782
INFO 2025-10-06 17:38:52,227 basehttp "GET /jobs/ HTTP/1.1" 200 9084
INFO 2025-10-06 17:38:52,235 basehttp "GET /static/css/jobs/job_list.css HTTP/1.1" 200 697
INFO 2025-10-06 17:38:54,062 basehttp "GET /analytics/ HTTP/1.1" 200 7542
INFO 2025-10-06 17:38:54,078 basehttp "GET /media/charts/all.png HTTP/1.1" 200 33023
INFO 2025-10-06 17:38:54,083 basehttp "GET /static/css/analytics/statistics.css HTTP/1.1" 200 2110
INFO 2025-10-06 17:38:54,087 basehttp "GET /media/charts/aksessuary.png HTTP/1.1" 200 22613
INFO 2025-10-06 17:38:54,087 basehttp "GET /media/charts/igrushki.png HTTP/1.1" 200 26189
INFO 2025-10-06 17:38:54,089 basehttp "GET /media/charts/korm.png HTTP/1.1" 200 29446
INFO 2025-10-06 17:38:58,875 basehttp "GET /promotional/ HTTP/1.1" 200 7085
INFO 2025-10-06 17:38:58,884 basehttp "GET /static/css/main/promotional.css HTTP/1.1" 200 1074
INFO 2025-10-06 17:39:04,026 basehttp "GET /privacy_policy/ HTTP/1.1" 200 4583
INFO 2025-10-06 17:39:04,045 basehttp "GET /static/css/main/privacy_policy.css HTTP/1.1" 200 860
INFO 2025-10-06 17:39:12,807 basehttp "GET / HTTP/1.1" 200 11180
INFO 2025-10-06 17:39:12,818 basehttp "GET /static/css/base.css HTTP/1.1" 304 0
INFO 2025-10-06 17:40:02,699 autoreload Watching for file changes with StatReloader
INFO 2025-10-06 17:40:04,845 basehttp "GET / HTTP/1.1" 200 11180
INFO 2025-10-06 17:40:04,997 basehttp "GET /static/css/base.css HTTP/1.1" 200 4381
INFO 2025-10-06 17:40:07,226 basehttp "GET / HTTP/1.1" 200 11180
INFO 2025-10-06 17:40:07,236 basehttp "GET /static/css/base.css HTTP/1.1" 304 0
INFO 2025-10-06 17:40:07,717 basehttp "GET / HTTP/1.1" 200 11180
INFO 2025-10-06 17:40:07,725 basehttp "GET /static/css/base.css HTTP/1.1" 304 0
INFO 2025-10-06 17:40:32,669 autoreload Watching for file changes with StatReloader
INFO 2025-10-06 17:40:35,372 basehttp "GET / HTTP/1.1" 200 11180
INFO 2025-10-06 17:40:35,486 basehttp "GET /static/css/base.css HTTP/1.1" 200 4311
INFO 2025-10-06 17:40:56,891 basehttp "GET / HTTP/1.1" 200 11180
INFO 2025-10-06 17:40:56,902 basehttp "GET /static/css/base.css HTTP/1.1" 304 0
INFO 2025-10-06 17:41:35,022 autoreload Watching for file changes with StatReloader
INFO 2025-10-06 17:41:35,587 basehttp "GET / HTTP/1.1" 200 11180
INFO 2025-10-06 17:41:35,770 basehttp "GET /static/css/base.css HTTP/1.1" 200 4311
INFO 2025-10-06 17:47:32,210 autoreload Watching for file changes with StatReloader
INFO 2025-10-06 17:47:33,053 basehttp "GET / HTTP/1.1" 200 11180
INFO 2025-10-06 17:47:33,064 basehttp "GET /static/css/main/index.css HTTP/1.1" 304 0
INFO 2025-10-06 17:47:33,180 basehttp "GET /static/css/base.css HTTP/1.1" 200 4311
INFO 2025-10-06 17:47:44,125 basehttp "GET /news/ HTTP/1.1" 200 18579
INFO 2025-10-06 17:48:44,223 autoreload Watching for file changes with StatReloader
INFO 2025-10-06 17:48:53,641 basehttp "GET /news/ HTTP/1.1" 200 18167
INFO 2025-10-06 17:48:53,853 basehttp "GET /static/css/base.css HTTP/1.1" 200 4258
INFO 2025-10-06 17:49:27,084 autoreload Watching for file changes with StatReloader
INFO 2025-10-06 17:49:37,556 basehttp "GET /news/ HTTP/1.1" 200 18990
INFO 2025-10-06 17:49:37,574 basehttp "GET /static/css/base.css HTTP/1.1" 304 0
INFO 2025-10-06 17:49:56,542 autoreload Watching for file changes with StatReloader
INFO 2025-10-06 17:50:08,297 basehttp "GET /news/ HTTP/1.1" 200 18598
INFO 2025-10-06 17:50:08,441 basehttp "GET /static/css/base.css HTTP/1.1" 200 4262
INFO 2025-10-06 17:51:17,988 autoreload Watching for file changes with StatReloader
INFO 2025-10-06 17:51:28,758 basehttp "GET /news/ HTTP/1.1" 200 18665
INFO 2025-10-06 17:51:28,774 basehttp "GET /static/css/base.css HTTP/1.1" 304 0
INFO 2025-10-06 17:52:27,054 autoreload Watching for file changes with StatReloader
INFO 2025-10-06 17:52:43,519 basehttp "GET /news/ HTTP/1.1" 200 18494
INFO 2025-10-06 17:52:43,529 basehttp "GET /static/css/base.css HTTP/1.1" 304 0
INFO 2025-10-06 17:52:44,133 basehttp "GET / HTTP/1.1" 200 11952
INFO 2025-10-06 17:53:02,356 basehttp "GET /news/ HTTP/1.1" 200 19233
INFO 2025-10-06 17:53:02,471 basehttp "GET /static/css/main/news.css HTTP/1.1" 200 1589
INFO 2025-10-06 17:53:29,621 basehttp "GET /news/ HTTP/1.1" 200 18540
INFO 2025-10-06 17:53:29,632 basehttp "GET /static/css/base.css HTTP/1.1" 304 0
INFO 2025-10-06 17:53:56,165 basehttp "GET / HTTP/1.1" 200 11180
INFO 2025-10-06 17:53:56,175 basehttp "GET /static/css/base.css HTTP/1.1" 304 0
INFO 2025-10-06 17:53:56,175 basehttp "GET /static/css/main/index.css HTTP/1.1" 304 0
INFO 2025-10-06 17:54:19,265 autoreload Watching for file changes with StatReloader
INFO 2025-10-06 17:54:24,916 basehttp "GET / HTTP/1.1" 200 11180
INFO 2025-10-06 17:54:25,042 basehttp "GET /static/css/base.css HTTP/1.1" 200 4262
INFO 2025-10-06 17:54:26,571 basehttp "GET / HTTP/1.1" 200 11180
INFO 2025-10-06 17:54:26,581 basehttp "GET /static/css/base.css HTTP/1.1" 304 0
INFO 2025-10-06 17:54:30,244 basehttp "GET /news/ HTTP/1.1" 200 19448
INFO 2025-10-06 17:54:30,258 basehttp "GET /static/css/main/news.css HTTP/1.1" 304 0
INFO 2025-10-06 17:54:58,678 basehttp "GET /news/ HTTP/1.1" 200 18059
INFO 2025-10-06 17:54:58,687 basehttp "GET /static/css/base.css HTTP/1.1" 304 0
INFO 2025-10-06 17:58:44,056 autoreload Watching for file changes with StatReloader
INFO 2025-10-06 17:59:13,086 basehttp "GET /news/ HTTP/1.1" 200 17793
INFO 2025-10-06 17:59:13,101 basehttp "GET /static/css/base.css HTTP/1.1" 304 0
INFO 2025-10-06 17:59:48,272 basehttp "GET /news/ HTTP/1.1" 200 18553
INFO 2025-10-06 17:59:48,284 basehttp "GET /static/css/base.css HTTP/1.1" 304 0
INFO 2025-10-06 18:00:03,833 basehttp "GET /news/ HTTP/1.1" 200 18844
INFO 2025-10-06 18:00:03,968 basehttp "GET /static/css/main/news.css HTTP/1.1" 200 1634
INFO 2025-10-06 18:02:05,972 basehttp "GET /news/ HTTP/1.1" 200 18535
INFO 2025-10-06 18:02:05,985 basehttp "GET /static/css/base.css HTTP/1.1" 304 0
INFO 2025-10-06 18:04:43,075 autoreload Watching for file changes with StatReloader
INFO 2025-10-06 18:04:49,959 basehttp "GET /news/ HTTP/1.1" 200 19708
INFO 2025-10-06 18:04:49,974 basehttp "GET /static/css/base.css HTTP/1.1" 304 0
INFO 2025-10-06 18:05:23,142 autoreload Watching for file changes with StatReloader
INFO 2025-10-06 18:05:29,619 basehttp "GET /news/ HTTP/1.1" 200 17992
INFO 2025-10-06 18:05:59,316 autoreload Watching for file changes with StatReloader
INFO 2025-10-06 18:06:11,534 basehttp "GET /news/ HTTP/1.1" 200 18496
INFO 2025-10-06 18:06:11,548 basehttp "GET /static/css/base.css HTTP/1.1" 304 0
INFO 2025-10-06 18:06:46,588 autoreload Watching for file changes with StatReloader
INFO 2025-10-06 18:07:05,837 basehttp "GET /news/ HTTP/1.1" 200 17642
INFO 2025-10-06 18:08:32,402 basehttp "GET /news/ HTTP/1.1" 200 18482
INFO 2025-10-06 18:08:32,662 basehttp "GET /static/css/main/news.css HTTP/1.1" 200 1702
INFO 2025-10-06 18:08:32,746 basehttp "GET /static/css/base.css HTTP/1.1" 200 4262
INFO 2025-10-06 18:08:32,750 basehttp "GET /static/css/footer.css HTTP/1.1" 200 701
INFO 2025-10-06 18:08:32,769 basehttp "GET /static/css/notifications.css HTTP/1.1" 200 746
INFO 2025-10-06 18:08:32,774 basehttp "GET /static/js/jquery/jquery-3.7.1.min.js HTTP/1.1" 200 87535
INFO 2025-10-06 18:08:32,776 basehttp "GET /static/js/script.js HTTP/1.1" 200 4461
INFO 2025-10-06 18:08:39,757 basehttp "GET / HTTP/1.1" 200 11180
INFO 2025-10-06 18:08:39,776 basehttp "GET /static/css/main/index.css HTTP/1.1" 200 5550
INFO 2025-10-06 18:08:39,785 basehttp "GET /static/icons/animal.ico HTTP/1.1" 200 34453
INFO 2025-10-06 18:08:39,785 basehttp "GET /static/images/banner1.jpg HTTP/1.1" 200 42882
INFO 2025-10-06 18:08:39,786 basehttp "GET /static/images/banner2.jpg HTTP/1.1" 200 15668
INFO 2025-10-06 18:08:39,796 basehttp "GET /static/images/banner3.jpg HTTP/1.1" 200 8842
INFO 2025-10-06 18:08:39,797 basehttp "GET /media/partners/baseavatar.jpg HTTP/1.1" 200 13823
INFO 2025-10-06 18:08:39,799 basehttp "GET /media/partners/baseavatar_64wQ8mi.jpg HTTP/1.1" 200 13823
INFO 2025-10-06 18:08:39,800 basehttp "GET /media/partners/baseavatar_xg5AIgP.jpg HTTP/1.1" 200 13823
INFO 2025-10-06 18:08:39,818 basehttp "GET /static/images/fish2.png HTTP/1.1" 200 1352197
INFO 2025-10-06 18:08:39,822 basehttp "GET /static/images/seaweed.png HTTP/1.1" 200 1584444
INFO 2025-10-06 18:08:39,830 basehttp "GET /static/images/fish1.png HTTP/1.1" 200 2205819
INFO 2025-10-06 18:08:48,189 basehttp "GET /about/ HTTP/1.1" 200 9159
INFO 2025-10-06 18:08:48,211 basehttp "GET /static/css/main/about.css HTTP/1.1" 200 1266
INFO 2025-10-06 18:08:48,217 basehttp "GET /media/logos/baseavatar.jpg HTTP/1.1" 200 13823
INFO 2025-10-06 18:08:48,292 basehttp "GET /static/media/welcome.mp3 HTTP/1.1" 200 4661731
INFO 2025-10-06 18:08:48,435 basehttp "GET /static/media/company_intro.mp4 HTTP/1.1" 200 22498702
INFO 2025-10-06 18:09:12,625 basehttp "GET /news/ HTTP/1.1" 200 18002
INFO 2025-10-06 18:09:12,644 basehttp "GET /static/css/main/news.css HTTP/1.1" 304 0
INFO 2025-10-06 18:10:23,759 basehttp "GET / HTTP/1.1" 200 11952
INFO 2025-10-06 18:10:31,604 basehttp "GET / HTTP/1.1" 200 11180
INFO 2025-10-06 18:10:31,630 basehttp "GET /static/css/base.css HTTP/1.1" 304 0
INFO 2025-10-06 18:10:55,474 basehttp "GET /news/ HTTP/1.1" 200 18662
INFO 2025-10-06 18:10:55,494 basehttp "GET /static/css/main/news.css HTTP/1.1" 304 0
INFO 2025-10-06 18:13:23,079 autoreload Watching for file changes with StatReloader
INFO 2025-10-06 18:13:33,848 basehttp "GET /news/ HTTP/1.1" 200 17305
INFO 2025-10-06 18:13:33,867 basehttp "GET /static/css/base.css HTTP/1.1" 304 0
INFO 2025-10-06 18:13:34,020 basehttp "GET /static/css/main/news.css HTTP/1.1" 200 2382
INFO 2025-10-06 18:13:51,665 basehttp "GET / HTTP/1.1" 200 11180
INFO 2025-10-06 18:23:19,779 autoreload Watching for file changes with StatReloader
INFO 2025-10-06 18:23:23,128 basehttp "GET / HTTP/1.1" 200 11180
INFO 2025-10-06 18:23:23,142 basehttp "GET /static/css/main/index.css HTTP/1.1" 304 0
INFO 2025-10-06 18:23:23,248 basehttp "GET /static/css/base.css HTTP/1.1" 200 4464
ERROR 2025-10-06 18:23:44,267 log Internal Server Error: /news/
Traceback (most recent call last):
  File "C:\Labs\353504_Antonava_01\STRWEB\LR2\ZooShopApp\.venv\Lib\site-packages\urllib3\connectionpool.py", line 464, in _make_request
    self._validate_conn(conn)
  File "C:\Labs\353504_Antonava_01\STRWEB\LR2\ZooShopApp\.venv\Lib\site-packages\urllib3\connectionpool.py", line 1093, in _validate_conn
    conn.connect()
  File "C:\Labs\353504_Antonava_01\STRWEB\LR2\ZooShopApp\.venv\Lib\site-packages\urllib3\connection.py", line 790, in connect
    sock_and_verified = _ssl_wrap_socket_and_match_hostname(
                        ^^^^^^^^^^^^^^^^^^^^^^^^^^^^^^^^^^^^
  File "C:\Labs\353504_Antonava_01\STRWEB\LR2\ZooShopApp\.venv\Lib\site-packages\urllib3\connection.py", line 969, in _ssl_wrap_socket_and_match_hostname
    ssl_sock = ssl_wrap_socket(
               ^^^^^^^^^^^^^^^^
  File "C:\Labs\353504_Antonava_01\STRWEB\LR2\ZooShopApp\.venv\Lib\site-packages\urllib3\util\ssl_.py", line 480, in ssl_wrap_socket
    ssl_sock = _ssl_wrap_socket_impl(sock, context, tls_in_tls, server_hostname)
               ^^^^^^^^^^^^^^^^^^^^^^^^^^^^^^^^^^^^^^^^^^^^^^^^^^^^^^^^^^^^^^^^^
  File "C:\Labs\353504_Antonava_01\STRWEB\LR2\ZooShopApp\.venv\Lib\site-packages\urllib3\util\ssl_.py", line 524, in _ssl_wrap_socket_impl
    return ssl_context.wrap_socket(sock, server_hostname=server_hostname)
           ^^^^^^^^^^^^^^^^^^^^^^^^^^^^^^^^^^^^^^^^^^^^^^^^^^^^^^^^^^^^^^
  File "C:\Program Files\WindowsApps\PythonSoftwareFoundation.Python.3.11_3.11.2544.0_x64__qbz5n2kfra8p0\Lib\ssl.py", line 517, in wrap_socket
    return self.sslsocket_class._create(
           ^^^^^^^^^^^^^^^^^^^^^^^^^^^^^
  File "C:\Program Files\WindowsApps\PythonSoftwareFoundation.Python.3.11_3.11.2544.0_x64__qbz5n2kfra8p0\Lib\ssl.py", line 1104, in _create
    self.do_handshake()
  File "C:\Program Files\WindowsApps\PythonSoftwareFoundation.Python.3.11_3.11.2544.0_x64__qbz5n2kfra8p0\Lib\ssl.py", line 1382, in do_handshake
    self._sslobj.do_handshake()
ssl.SSLEOFError: [SSL: UNEXPECTED_EOF_WHILE_READING] EOF occurred in violation of protocol (_ssl.c:1006)

During handling of the above exception, another exception occurred:

Traceback (most recent call last):
  File "C:\Labs\353504_Antonava_01\STRWEB\LR2\ZooShopApp\.venv\Lib\site-packages\urllib3\connectionpool.py", line 787, in urlopen
    response = self._make_request(
               ^^^^^^^^^^^^^^^^^^^
  File "C:\Labs\353504_Antonava_01\STRWEB\LR2\ZooShopApp\.venv\Lib\site-packages\urllib3\connectionpool.py", line 488, in _make_request
    raise new_e
urllib3.exceptions.SSLError: [SSL: UNEXPECTED_EOF_WHILE_READING] EOF occurred in violation of protocol (_ssl.c:1006)

The above exception was the direct cause of the following exception:

Traceback (most recent call last):
  File "C:\Labs\353504_Antonava_01\STRWEB\LR2\ZooShopApp\.venv\Lib\site-packages\requests\adapters.py", line 644, in send
    resp = conn.urlopen(
           ^^^^^^^^^^^^^
  File "C:\Labs\353504_Antonava_01\STRWEB\LR2\ZooShopApp\.venv\Lib\site-packages\urllib3\connectionpool.py", line 841, in urlopen
    retries = retries.increment(
              ^^^^^^^^^^^^^^^^^^
  File "C:\Labs\353504_Antonava_01\STRWEB\LR2\ZooShopApp\.venv\Lib\site-packages\urllib3\util\retry.py", line 519, in increment
    raise MaxRetryError(_pool, url, reason) from reason  # type: ignore[arg-type]
    ^^^^^^^^^^^^^^^^^^^^^^^^^^^^^^^^^^^^^^^^^^^^^^^^^^^
urllib3.exceptions.MaxRetryError: HTTPSConnectionPool(host='newsapi.org', port=443): Max retries exceeded with url: /v2/everything?q=dogs&apiKey=9b9791430dae4f92afdb02bbb56defdf (Caused by SSLError(SSLEOFError(8, '[SSL: UNEXPECTED_EOF_WHILE_READING] EOF occurred in violation of protocol (_ssl.c:1006)')))

During handling of the above exception, another exception occurred:

Traceback (most recent call last):
  File "C:\Labs\353504_Antonava_01\STRWEB\LR2\ZooShopApp\.venv\Lib\site-packages\django\core\handlers\exception.py", line 55, in inner
    response = get_response(request)
               ^^^^^^^^^^^^^^^^^^^^^
  File "C:\Labs\353504_Antonava_01\STRWEB\LR2\ZooShopApp\.venv\Lib\site-packages\django\core\handlers\base.py", line 197, in _get_response
    response = wrapped_callback(request, *callback_args, **callback_kwargs)
               ^^^^^^^^^^^^^^^^^^^^^^^^^^^^^^^^^^^^^^^^^^^^^^^^^^^^^^^^^^^^
  File "C:\Labs\353504_Antonava_01\STRWEB\LR2\ZooShopApp\main\views.py", line 87, in news
    response = requests.get(NEWS_URL)
               ^^^^^^^^^^^^^^^^^^^^^^
  File "C:\Labs\353504_Antonava_01\STRWEB\LR2\ZooShopApp\.venv\Lib\site-packages\requests\api.py", line 73, in get
    return request("get", url, params=params, **kwargs)
           ^^^^^^^^^^^^^^^^^^^^^^^^^^^^^^^^^^^^^^^^^^^^
  File "C:\Labs\353504_Antonava_01\STRWEB\LR2\ZooShopApp\.venv\Lib\site-packages\requests\api.py", line 59, in request
    return session.request(method=method, url=url, **kwargs)
           ^^^^^^^^^^^^^^^^^^^^^^^^^^^^^^^^^^^^^^^^^^^^^^^^^
  File "C:\Labs\353504_Antonava_01\STRWEB\LR2\ZooShopApp\.venv\Lib\site-packages\requests\sessions.py", line 589, in request
    resp = self.send(prep, **send_kwargs)
           ^^^^^^^^^^^^^^^^^^^^^^^^^^^^^^
  File "C:\Labs\353504_Antonava_01\STRWEB\LR2\ZooShopApp\.venv\Lib\site-packages\requests\sessions.py", line 703, in send
    r = adapter.send(request, **kwargs)
        ^^^^^^^^^^^^^^^^^^^^^^^^^^^^^^^
  File "C:\Labs\353504_Antonava_01\STRWEB\LR2\ZooShopApp\.venv\Lib\site-packages\requests\adapters.py", line 675, in send
    raise SSLError(e, request=request)
requests.exceptions.SSLError: HTTPSConnectionPool(host='newsapi.org', port=443): Max retries exceeded with url: /v2/everything?q=dogs&apiKey=9b9791430dae4f92afdb02bbb56defdf (Caused by SSLError(SSLEOFError(8, '[SSL: UNEXPECTED_EOF_WHILE_READING] EOF occurred in violation of protocol (_ssl.c:1006)')))
ERROR 2025-10-06 18:23:44,285 basehttp "GET /news/ HTTP/1.1" 500 186240
WARNING 2025-10-06 18:23:44,404 log Not Found: /favicon.ico
WARNING 2025-10-06 18:23:44,404 basehttp "GET /favicon.ico HTTP/1.1" 404 5761
INFO 2025-10-06 18:24:49,518 autoreload C:\Labs\353504_Antonava_01\STRWEB\LR2\ZooShopApp\.venv\Lib\site-packages\certifi\__init__.py changed, reloading.
INFO 2025-10-06 18:24:50,584 autoreload Watching for file changes with StatReloader
INFO 2025-10-06 18:25:17,575 autoreload Watching for file changes with StatReloader
INFO 2025-10-06 18:25:27,503 basehttp "GET /news/ HTTP/1.1" 200 18496
INFO 2025-10-06 18:25:27,530 basehttp "GET /static/css/base.css HTTP/1.1" 304 0
INFO 2025-10-06 18:25:27,683 basehttp "GET /static/css/main/news.css HTTP/1.1" 200 2532
INFO 2025-10-06 18:26:25,166 autoreload Watching for file changes with StatReloader
INFO 2025-10-06 18:26:40,100 basehttp "GET / HTTP/1.1" 200 11201
INFO 2025-10-06 18:26:40,121 basehttp "GET /static/css/base.css HTTP/1.1" 304 0
INFO 2025-10-06 18:26:42,468 basehttp "GET / HTTP/1.1" 200 11201
ERROR 2025-10-06 18:26:52,451 log Internal Server Error: /news/
Traceback (most recent call last):
  File "C:\Labs\353504_Antonava_01\STRWEB\LR2\ZooShopApp\.venv\Lib\site-packages\urllib3\connectionpool.py", line 787, in urlopen
    response = self._make_request(
               ^^^^^^^^^^^^^^^^^^^
  File "C:\Labs\353504_Antonava_01\STRWEB\LR2\ZooShopApp\.venv\Lib\site-packages\urllib3\connectionpool.py", line 534, in _make_request
    response = conn.getresponse()
               ^^^^^^^^^^^^^^^^^^
  File "C:\Labs\353504_Antonava_01\STRWEB\LR2\ZooShopApp\.venv\Lib\site-packages\urllib3\connection.py", line 565, in getresponse
    httplib_response = super().getresponse()
                       ^^^^^^^^^^^^^^^^^^^^^
  File "C:\Program Files\WindowsApps\PythonSoftwareFoundation.Python.3.11_3.11.2544.0_x64__qbz5n2kfra8p0\Lib\http\client.py", line 1395, in getresponse
    response.begin()
  File "C:\Program Files\WindowsApps\PythonSoftwareFoundation.Python.3.11_3.11.2544.0_x64__qbz5n2kfra8p0\Lib\http\client.py", line 325, in begin
    version, status, reason = self._read_status()
                              ^^^^^^^^^^^^^^^^^^^
  File "C:\Program Files\WindowsApps\PythonSoftwareFoundation.Python.3.11_3.11.2544.0_x64__qbz5n2kfra8p0\Lib\http\client.py", line 294, in _read_status
    raise RemoteDisconnected("Remote end closed connection without"
http.client.RemoteDisconnected: Remote end closed connection without response

During handling of the above exception, another exception occurred:

Traceback (most recent call last):
  File "C:\Labs\353504_Antonava_01\STRWEB\LR2\ZooShopApp\.venv\Lib\site-packages\requests\adapters.py", line 644, in send
    resp = conn.urlopen(
           ^^^^^^^^^^^^^
  File "C:\Labs\353504_Antonava_01\STRWEB\LR2\ZooShopApp\.venv\Lib\site-packages\urllib3\connectionpool.py", line 841, in urlopen
    retries = retries.increment(
              ^^^^^^^^^^^^^^^^^^
  File "C:\Labs\353504_Antonava_01\STRWEB\LR2\ZooShopApp\.venv\Lib\site-packages\urllib3\util\retry.py", line 474, in increment
    raise reraise(type(error), error, _stacktrace)
          ^^^^^^^^^^^^^^^^^^^^^^^^^^^^^^^^^^^^^^^^
  File "C:\Labs\353504_Antonava_01\STRWEB\LR2\ZooShopApp\.venv\Lib\site-packages\urllib3\util\util.py", line 38, in reraise
    raise value.with_traceback(tb)
  File "C:\Labs\353504_Antonava_01\STRWEB\LR2\ZooShopApp\.venv\Lib\site-packages\urllib3\connectionpool.py", line 787, in urlopen
    response = self._make_request(
               ^^^^^^^^^^^^^^^^^^^
  File "C:\Labs\353504_Antonava_01\STRWEB\LR2\ZooShopApp\.venv\Lib\site-packages\urllib3\connectionpool.py", line 534, in _make_request
    response = conn.getresponse()
               ^^^^^^^^^^^^^^^^^^
  File "C:\Labs\353504_Antonava_01\STRWEB\LR2\ZooShopApp\.venv\Lib\site-packages\urllib3\connection.py", line 565, in getresponse
    httplib_response = super().getresponse()
                       ^^^^^^^^^^^^^^^^^^^^^
  File "C:\Program Files\WindowsApps\PythonSoftwareFoundation.Python.3.11_3.11.2544.0_x64__qbz5n2kfra8p0\Lib\http\client.py", line 1395, in getresponse
    response.begin()
  File "C:\Program Files\WindowsApps\PythonSoftwareFoundation.Python.3.11_3.11.2544.0_x64__qbz5n2kfra8p0\Lib\http\client.py", line 325, in begin
    version, status, reason = self._read_status()
                              ^^^^^^^^^^^^^^^^^^^
  File "C:\Program Files\WindowsApps\PythonSoftwareFoundation.Python.3.11_3.11.2544.0_x64__qbz5n2kfra8p0\Lib\http\client.py", line 294, in _read_status
    raise RemoteDisconnected("Remote end closed connection without"
urllib3.exceptions.ProtocolError: ('Connection aborted.', RemoteDisconnected('Remote end closed connection without response'))

During handling of the above exception, another exception occurred:

Traceback (most recent call last):
  File "C:\Labs\353504_Antonava_01\STRWEB\LR2\ZooShopApp\.venv\Lib\site-packages\django\core\handlers\exception.py", line 55, in inner
    response = get_response(request)
               ^^^^^^^^^^^^^^^^^^^^^
  File "C:\Labs\353504_Antonava_01\STRWEB\LR2\ZooShopApp\.venv\Lib\site-packages\django\core\handlers\base.py", line 197, in _get_response
    response = wrapped_callback(request, *callback_args, **callback_kwargs)
               ^^^^^^^^^^^^^^^^^^^^^^^^^^^^^^^^^^^^^^^^^^^^^^^^^^^^^^^^^^^^
  File "C:\Labs\353504_Antonava_01\STRWEB\LR2\ZooShopApp\main\views.py", line 87, in news
    response = requests.get(NEWS_URL)
               ^^^^^^^^^^^^^^^^^^^^^^
  File "C:\Labs\353504_Antonava_01\STRWEB\LR2\ZooShopApp\.venv\Lib\site-packages\requests\api.py", line 73, in get
    return request("get", url, params=params, **kwargs)
           ^^^^^^^^^^^^^^^^^^^^^^^^^^^^^^^^^^^^^^^^^^^^
  File "C:\Labs\353504_Antonava_01\STRWEB\LR2\ZooShopApp\.venv\Lib\site-packages\requests\api.py", line 59, in request
    return session.request(method=method, url=url, **kwargs)
           ^^^^^^^^^^^^^^^^^^^^^^^^^^^^^^^^^^^^^^^^^^^^^^^^^
  File "C:\Labs\353504_Antonava_01\STRWEB\LR2\ZooShopApp\.venv\Lib\site-packages\requests\sessions.py", line 589, in request
    resp = self.send(prep, **send_kwargs)
           ^^^^^^^^^^^^^^^^^^^^^^^^^^^^^^
  File "C:\Labs\353504_Antonava_01\STRWEB\LR2\ZooShopApp\.venv\Lib\site-packages\requests\sessions.py", line 703, in send
    r = adapter.send(request, **kwargs)
        ^^^^^^^^^^^^^^^^^^^^^^^^^^^^^^^
  File "C:\Labs\353504_Antonava_01\STRWEB\LR2\ZooShopApp\.venv\Lib\site-packages\requests\adapters.py", line 659, in send
    raise ConnectionError(err, request=request)
requests.exceptions.ConnectionError: ('Connection aborted.', RemoteDisconnected('Remote end closed connection without response'))
INFO 2025-10-06 18:26:52,466 basehttp - Broken pipe from ('127.0.0.1', 64419)
INFO 2025-10-06 18:26:55,825 basehttp "GET /news/ HTTP/1.1" 200 18257
INFO 2025-10-06 18:26:55,843 basehttp "GET /static/css/main/news.css HTTP/1.1" 304 0
INFO 2025-10-06 18:27:36,787 autoreload Watching for file changes with StatReloader
INFO 2025-10-06 18:27:43,205 basehttp "GET / HTTP/1.1" 200 11201
INFO 2025-10-06 18:27:43,230 basehttp "GET /static/css/base.css HTTP/1.1" 304 0
INFO 2025-10-06 18:27:54,595 basehttp "GET / HTTP/1.1" 200 11201
ERROR 2025-10-06 18:27:56,185 log Internal Server Error: /news/
Traceback (most recent call last):
  File "C:\Labs\353504_Antonava_01\STRWEB\LR2\ZooShopApp\.venv\Lib\site-packages\urllib3\connectionpool.py", line 787, in urlopen
    response = self._make_request(
               ^^^^^^^^^^^^^^^^^^^
  File "C:\Labs\353504_Antonava_01\STRWEB\LR2\ZooShopApp\.venv\Lib\site-packages\urllib3\connectionpool.py", line 534, in _make_request
    response = conn.getresponse()
               ^^^^^^^^^^^^^^^^^^
  File "C:\Labs\353504_Antonava_01\STRWEB\LR2\ZooShopApp\.venv\Lib\site-packages\urllib3\connection.py", line 565, in getresponse
    httplib_response = super().getresponse()
                       ^^^^^^^^^^^^^^^^^^^^^
  File "C:\Program Files\WindowsApps\PythonSoftwareFoundation.Python.3.11_3.11.2544.0_x64__qbz5n2kfra8p0\Lib\http\client.py", line 1395, in getresponse
    response.begin()
  File "C:\Program Files\WindowsApps\PythonSoftwareFoundation.Python.3.11_3.11.2544.0_x64__qbz5n2kfra8p0\Lib\http\client.py", line 325, in begin
    version, status, reason = self._read_status()
                              ^^^^^^^^^^^^^^^^^^^
  File "C:\Program Files\WindowsApps\PythonSoftwareFoundation.Python.3.11_3.11.2544.0_x64__qbz5n2kfra8p0\Lib\http\client.py", line 294, in _read_status
    raise RemoteDisconnected("Remote end closed connection without"
http.client.RemoteDisconnected: Remote end closed connection without response

During handling of the above exception, another exception occurred:

Traceback (most recent call last):
  File "C:\Labs\353504_Antonava_01\STRWEB\LR2\ZooShopApp\.venv\Lib\site-packages\requests\adapters.py", line 644, in send
    resp = conn.urlopen(
           ^^^^^^^^^^^^^
  File "C:\Labs\353504_Antonava_01\STRWEB\LR2\ZooShopApp\.venv\Lib\site-packages\urllib3\connectionpool.py", line 841, in urlopen
    retries = retries.increment(
              ^^^^^^^^^^^^^^^^^^
  File "C:\Labs\353504_Antonava_01\STRWEB\LR2\ZooShopApp\.venv\Lib\site-packages\urllib3\util\retry.py", line 474, in increment
    raise reraise(type(error), error, _stacktrace)
          ^^^^^^^^^^^^^^^^^^^^^^^^^^^^^^^^^^^^^^^^
  File "C:\Labs\353504_Antonava_01\STRWEB\LR2\ZooShopApp\.venv\Lib\site-packages\urllib3\util\util.py", line 38, in reraise
    raise value.with_traceback(tb)
  File "C:\Labs\353504_Antonava_01\STRWEB\LR2\ZooShopApp\.venv\Lib\site-packages\urllib3\connectionpool.py", line 787, in urlopen
    response = self._make_request(
               ^^^^^^^^^^^^^^^^^^^
  File "C:\Labs\353504_Antonava_01\STRWEB\LR2\ZooShopApp\.venv\Lib\site-packages\urllib3\connectionpool.py", line 534, in _make_request
    response = conn.getresponse()
               ^^^^^^^^^^^^^^^^^^
  File "C:\Labs\353504_Antonava_01\STRWEB\LR2\ZooShopApp\.venv\Lib\site-packages\urllib3\connection.py", line 565, in getresponse
    httplib_response = super().getresponse()
                       ^^^^^^^^^^^^^^^^^^^^^
  File "C:\Program Files\WindowsApps\PythonSoftwareFoundation.Python.3.11_3.11.2544.0_x64__qbz5n2kfra8p0\Lib\http\client.py", line 1395, in getresponse
    response.begin()
  File "C:\Program Files\WindowsApps\PythonSoftwareFoundation.Python.3.11_3.11.2544.0_x64__qbz5n2kfra8p0\Lib\http\client.py", line 325, in begin
    version, status, reason = self._read_status()
                              ^^^^^^^^^^^^^^^^^^^
  File "C:\Program Files\WindowsApps\PythonSoftwareFoundation.Python.3.11_3.11.2544.0_x64__qbz5n2kfra8p0\Lib\http\client.py", line 294, in _read_status
    raise RemoteDisconnected("Remote end closed connection without"
urllib3.exceptions.ProtocolError: ('Connection aborted.', RemoteDisconnected('Remote end closed connection without response'))

During handling of the above exception, another exception occurred:

Traceback (most recent call last):
  File "C:\Labs\353504_Antonava_01\STRWEB\LR2\ZooShopApp\.venv\Lib\site-packages\django\core\handlers\exception.py", line 55, in inner
    response = get_response(request)
               ^^^^^^^^^^^^^^^^^^^^^
  File "C:\Labs\353504_Antonava_01\STRWEB\LR2\ZooShopApp\.venv\Lib\site-packages\django\core\handlers\base.py", line 197, in _get_response
    response = wrapped_callback(request, *callback_args, **callback_kwargs)
               ^^^^^^^^^^^^^^^^^^^^^^^^^^^^^^^^^^^^^^^^^^^^^^^^^^^^^^^^^^^^
  File "C:\Labs\353504_Antonava_01\STRWEB\LR2\ZooShopApp\main\views.py", line 87, in news
    response = requests.get(NEWS_URL)
               ^^^^^^^^^^^^^^^^^^^^^^
  File "C:\Labs\353504_Antonava_01\STRWEB\LR2\ZooShopApp\.venv\Lib\site-packages\requests\api.py", line 73, in get
    return request("get", url, params=params, **kwargs)
           ^^^^^^^^^^^^^^^^^^^^^^^^^^^^^^^^^^^^^^^^^^^^
  File "C:\Labs\353504_Antonava_01\STRWEB\LR2\ZooShopApp\.venv\Lib\site-packages\requests\api.py", line 59, in request
    return session.request(method=method, url=url, **kwargs)
           ^^^^^^^^^^^^^^^^^^^^^^^^^^^^^^^^^^^^^^^^^^^^^^^^^
  File "C:\Labs\353504_Antonava_01\STRWEB\LR2\ZooShopApp\.venv\Lib\site-packages\requests\sessions.py", line 589, in request
    resp = self.send(prep, **send_kwargs)
           ^^^^^^^^^^^^^^^^^^^^^^^^^^^^^^
  File "C:\Labs\353504_Antonava_01\STRWEB\LR2\ZooShopApp\.venv\Lib\site-packages\requests\sessions.py", line 703, in send
    r = adapter.send(request, **kwargs)
        ^^^^^^^^^^^^^^^^^^^^^^^^^^^^^^^
  File "C:\Labs\353504_Antonava_01\STRWEB\LR2\ZooShopApp\.venv\Lib\site-packages\requests\adapters.py", line 659, in send
    raise ConnectionError(err, request=request)
requests.exceptions.ConnectionError: ('Connection aborted.', RemoteDisconnected('Remote end closed connection without response'))
INFO 2025-10-06 18:27:56,195 basehttp - Broken pipe from ('127.0.0.1', 62937)
INFO 2025-10-06 18:27:57,913 basehttp "GET /news/ HTTP/1.1" 200 18035
INFO 2025-10-06 18:27:57,931 basehttp "GET /static/css/main/news.css HTTP/1.1" 304 0
INFO 2025-10-06 18:28:09,830 basehttp "GET / HTTP/1.1" 200 11201
INFO 2025-10-06 18:28:36,428 autoreload Watching for file changes with StatReloader
INFO 2025-10-06 18:28:58,747 basehttp "GET / HTTP/1.1" 200 11201
INFO 2025-10-06 18:28:58,767 basehttp "GET /static/css/base.css HTTP/1.1" 304 0
INFO 2025-10-06 18:29:03,084 basehttp "GET /news/ HTTP/1.1" 200 18607
INFO 2025-10-06 18:29:03,218 basehttp "GET /static/css/main/news.css HTTP/1.1" 200 2508
INFO 2025-10-06 18:29:05,970 basehttp "GET / HTTP/1.1" 200 11201
WARNING 2025-10-06 18:29:09,499 log Not Found: /.well-known/appspecific/com.chrome.devtools.json
WARNING 2025-10-06 18:29:09,500 basehttp "GET /.well-known/appspecific/com.chrome.devtools.json HTTP/1.1" 404 5872
INFO 2025-10-06 18:31:35,595 autoreload Watching for file changes with StatReloader
INFO 2025-10-06 18:31:43,173 basehttp "GET / HTTP/1.1" 200 11201
INFO 2025-10-06 18:31:43,192 basehttp "GET /static/css/base.css HTTP/1.1" 304 0
INFO 2025-10-06 18:31:43,315 basehttp "GET /static/css/main/index.css HTTP/1.1" 200 5662
INFO 2025-10-06 18:33:42,017 basehttp "GET /news/ HTTP/1.1" 200 18128
INFO 2025-10-06 18:33:42,045 basehttp "GET /static/css/base.css HTTP/1.1" 304 0
INFO 2025-10-06 18:33:42,065 basehttp "GET /static/css/main/news.css HTTP/1.1" 304 0
INFO 2025-10-06 19:00:07,668 basehttp "GET / HTTP/1.1" 200 11201
INFO 2025-10-06 19:00:07,690 basehttp "GET /static/css/base.css HTTP/1.1" 304 0
INFO 2025-10-06 19:00:07,695 basehttp "GET /static/css/main/index.css HTTP/1.1" 304 0
INFO 2025-10-06 19:00:14,087 basehttp "GET /about/ HTTP/1.1" 200 9159
INFO 2025-10-06 19:01:43,309 autoreload Watching for file changes with StatReloader
INFO 2025-10-06 19:01:46,256 basehttp "GET /about/ HTTP/1.1" 200 7492
INFO 2025-10-06 19:04:53,448 autoreload Watching for file changes with StatReloader
INFO 2025-10-06 19:04:54,141 basehttp "GET /about/ HTTP/1.1" 200 9159
INFO 2025-10-06 19:04:54,333 basehttp "GET /static/css/base.css HTTP/1.1" 200 4499
INFO 2025-10-06 19:05:20,716 autoreload Watching for file changes with StatReloader
INFO 2025-10-06 19:05:32,454 basehttp - Broken pipe from ('127.0.0.1', 56044)
INFO 2025-10-06 19:05:32,736 basehttp "GET / HTTP/1.1" 200 11201
INFO 2025-10-06 19:05:32,758 basehttp "GET /static/css/main/index.css HTTP/1.1" 304 0
INFO 2025-10-06 19:05:32,900 basehttp "GET /static/css/base.css HTTP/1.1" 200 4464
INFO 2025-10-06 19:05:34,565 basehttp "GET /about/ HTTP/1.1" 200 9159
INFO 2025-10-06 19:05:34,587 basehttp "GET /static/css/base.css HTTP/1.1" 304 0
INFO 2025-10-06 19:05:42,325 basehttp "GET /contact/ HTTP/1.1" 200 7782
INFO 2025-10-06 19:05:42,342 basehttp "GET /static/css/base.css HTTP/1.1" 304 0
INFO 2025-10-06 19:05:42,353 basehttp "GET /static/css/main/contact.css HTTP/1.1" 200 1284
INFO 2025-10-06 19:05:42,355 basehttp "GET /static/images/baseavatar.jpg HTTP/1.1" 200 13823
INFO 2025-10-06 19:05:42,365 basehttp "GET /media/users/506e8fe625c1f8707cec23d6b130dc08_sqZJoDz.jpeg HTTP/1.1" 200 846399
INFO 2025-10-06 19:05:42,385 basehttp "GET /media/users/9a14b8b2c9494052fab98e31e76bb929.jpg HTTP/1.1" 200 1340200
INFO 2025-10-06 19:05:44,280 basehttp "GET /about/ HTTP/1.1" 200 9159
INFO 2025-10-06 19:05:52,808 basehttp "GET /contact/ HTTP/1.1" 200 7782
INFO 2025-10-06 19:05:52,826 basehttp "GET /static/css/base.css HTTP/1.1" 304 0
INFO 2025-10-06 19:05:54,454 basehttp "GET /about/ HTTP/1.1" 200 9159
INFO 2025-10-06 19:06:24,261 autoreload Watching for file changes with StatReloader
INFO 2025-10-06 19:06:25,126 basehttp "GET /about/ HTTP/1.1" 200 9159
INFO 2025-10-06 19:06:25,140 basehttp "GET /static/css/base.css HTTP/1.1" 304 0
INFO 2025-10-06 19:06:28,576 basehttp "GET /about/ HTTP/1.1" 200 9159
INFO 2025-10-06 19:07:22,988 autoreload Watching for file changes with StatReloader
INFO 2025-10-06 19:07:23,562 basehttp "GET /about/ HTTP/1.1" 200 9159
INFO 2025-10-06 19:07:23,591 basehttp "GET /static/css/base.css HTTP/1.1" 304 0
INFO 2025-10-06 19:09:03,048 autoreload Watching for file changes with StatReloader
INFO 2025-10-06 19:09:04,804 basehttp "GET /about/ HTTP/1.1" 200 9126
INFO 2025-10-06 19:09:04,826 basehttp "GET /static/css/base.css HTTP/1.1" 304 0
INFO 2025-10-06 19:09:29,957 autoreload Watching for file changes with StatReloader
INFO 2025-10-06 19:09:30,670 basehttp "GET /about/ HTTP/1.1" 200 9126
INFO 2025-10-06 19:09:30,687 basehttp "GET /static/css/base.css HTTP/1.1" 304 0
INFO 2025-10-06 19:09:34,110 basehttp "GET /about/ HTTP/1.1" 200 9126
INFO 2025-10-06 19:09:49,648 autoreload Watching for file changes with StatReloader
INFO 2025-10-06 19:09:50,354 basehttp "GET /about/ HTTP/1.1" 200 9126
INFO 2025-10-06 19:10:46,794 autoreload Watching for file changes with StatReloader
INFO 2025-10-06 19:10:47,377 basehttp "GET /about/ HTTP/1.1" 200 9126
INFO 2025-10-06 19:10:47,407 basehttp "GET /static/css/base.css HTTP/1.1" 304 0
INFO 2025-10-06 19:10:49,685 basehttp "GET /about/ HTTP/1.1" 200 9126
INFO 2025-10-06 19:11:24,253 autoreload Watching for file changes with StatReloader
INFO 2025-10-06 19:11:37,285 autoreload Watching for file changes with StatReloader
INFO 2025-10-06 19:11:37,844 basehttp "GET /about/ HTTP/1.1" 200 9126
INFO 2025-10-06 19:11:37,876 basehttp "GET /static/css/base.css HTTP/1.1" 304 0
INFO 2025-10-06 19:11:43,685 basehttp "GET /about/ HTTP/1.1" 200 9126
INFO 2025-10-06 19:12:31,619 autoreload Watching for file changes with StatReloader
INFO 2025-10-06 19:12:33,541 basehttp "GET /about/ HTTP/1.1" 200 9126
INFO 2025-10-06 19:12:33,565 basehttp "GET /static/css/base.css HTTP/1.1" 304 0
INFO 2025-10-06 19:12:51,000 autoreload Watching for file changes with StatReloader
INFO 2025-10-06 19:12:52,433 basehttp "GET /about/ HTTP/1.1" 200 9126
INFO 2025-10-06 19:13:01,142 basehttp "GET / HTTP/1.1" 200 11973
INFO 2025-10-06 19:13:04,244 basehttp "GET /about/ HTTP/1.1" 200 9898
INFO 2025-10-06 19:13:04,585 basehttp "GET /static/css/main/about.css HTTP/1.1" 200 873
INFO 2025-10-06 19:13:04,606 basehttp "GET /media/logos/baseavatar.jpg HTTP/1.1" 200 13823
INFO 2025-10-06 19:13:04,716 basehttp "GET /static/media/welcome.mp3 HTTP/1.1" 200 4661731
INFO 2025-10-06 19:13:04,850 basehttp "GET /static/media/company_intro.mp4 HTTP/1.1" 200 22498702
INFO 2025-10-06 19:13:59,872 autoreload Watching for file changes with StatReloader
INFO 2025-10-06 19:14:00,520 basehttp "GET /about/ HTTP/1.1" 200 9126
INFO 2025-10-06 19:14:00,544 basehttp "GET /static/css/base.css HTTP/1.1" 304 0
INFO 2025-10-06 19:14:02,595 basehttp "GET / HTTP/1.1" 200 11201
INFO 2025-10-06 19:14:02,618 basehttp "GET /static/css/main/index.css HTTP/1.1" 304 0
INFO 2025-10-06 19:14:07,739 basehttp "GET /about/ HTTP/1.1" 200 9126
INFO 2025-10-06 19:14:23,804 autoreload Watching for file changes with StatReloader
INFO 2025-10-06 19:14:24,320 basehttp "GET /about/ HTTP/1.1" 200 9126
INFO 2025-10-06 19:14:37,958 basehttp "GET / HTTP/1.1" 200 11973
INFO 2025-10-06 19:14:40,904 basehttp "GET /about/ HTTP/1.1" 200 9898
INFO 2025-10-06 19:14:41,036 basehttp "GET /static/css/main/about.css HTTP/1.1" 200 785
INFO 2025-10-06 19:14:51,142 basehttp "GET /about/ HTTP/1.1" 200 9126
INFO 2025-10-06 19:15:26,747 basehttp "GET /static/css/base.css HTTP/1.1" 304 0
WARNING 2025-10-06 19:15:26,768 log Not Found: /.well-known/appspecific/com.chrome.devtools.json
WARNING 2025-10-06 19:15:26,769 basehttp "GET /.well-known/appspecific/com.chrome.devtools.json HTTP/1.1" 404 5872
INFO 2025-10-06 19:15:53,355 basehttp "GET /about/ HTTP/1.1" 200 9126
WARNING 2025-10-06 19:15:53,414 log Not Found: /.well-known/appspecific/com.chrome.devtools.json
WARNING 2025-10-06 19:15:53,420 basehttp "GET /.well-known/appspecific/com.chrome.devtools.json HTTP/1.1" 404 5872
INFO 2025-10-06 19:16:06,959 autoreload Watching for file changes with StatReloader
INFO 2025-10-06 19:16:07,474 basehttp "GET /about/ HTTP/1.1" 200 9126
WARNING 2025-10-06 19:16:07,507 log Not Found: /.well-known/appspecific/com.chrome.devtools.json
WARNING 2025-10-06 19:16:07,508 basehttp "GET /.well-known/appspecific/com.chrome.devtools.json HTTP/1.1" 404 5872
INFO 2025-10-06 19:17:13,153 autoreload Watching for file changes with StatReloader
INFO 2025-10-06 19:17:18,547 basehttp "GET / HTTP/1.1" 200 11201
INFO 2025-10-06 19:17:18,709 basehttp "GET /static/css/base.css HTTP/1.1" 200 4576
INFO 2025-10-06 19:17:32,555 basehttp "GET /news/ HTTP/1.1" 200 19195
INFO 2025-10-06 19:17:32,574 basehttp "GET /static/css/base.css HTTP/1.1" 304 0
INFO 2025-10-06 19:17:32,581 basehttp "GET /static/css/main/news.css HTTP/1.1" 200 2382
INFO 2025-10-06 19:17:35,363 basehttp "GET /about/ HTTP/1.1" 200 9126
INFO 2025-10-06 19:17:35,384 basehttp "GET /static/css/base.css HTTP/1.1" 304 0
INFO 2025-10-06 19:17:50,437 basehttp "GET /static/css/base.css HTTP/1.1" 304 0
WARNING 2025-10-06 19:17:50,459 log Not Found: /.well-known/appspecific/com.chrome.devtools.json
WARNING 2025-10-06 19:17:50,460 basehttp "GET /.well-known/appspecific/com.chrome.devtools.json HTTP/1.1" 404 5872
INFO 2025-10-06 19:18:20,538 autoreload Watching for file changes with StatReloader
INFO 2025-10-06 19:18:21,886 basehttp "GET /about/ HTTP/1.1" 200 9126
INFO 2025-10-06 19:18:21,934 basehttp "GET /static/css/base.css HTTP/1.1" 304 0
WARNING 2025-10-06 19:18:21,935 log Not Found: /.well-known/appspecific/com.chrome.devtools.json
WARNING 2025-10-06 19:18:21,936 basehttp "GET /.well-known/appspecific/com.chrome.devtools.json HTTP/1.1" 404 5872
INFO 2025-10-06 19:19:36,514 autoreload Watching for file changes with StatReloader
INFO 2025-10-06 19:19:37,143 basehttp "GET /about/ HTTP/1.1" 200 9126
INFO 2025-10-06 19:19:37,193 basehttp "GET /static/css/base.css HTTP/1.1" 304 0
WARNING 2025-10-06 19:19:37,195 log Not Found: /.well-known/appspecific/com.chrome.devtools.json
WARNING 2025-10-06 19:19:37,196 basehttp "GET /.well-known/appspecific/com.chrome.devtools.json HTTP/1.1" 404 5872
INFO 2025-10-06 19:24:47,438 autoreload Watching for file changes with StatReloader
INFO 2025-10-06 19:24:51,018 basehttp "GET /about/ HTTP/1.1" 200 9126
INFO 2025-10-06 19:24:51,041 basehttp "GET /static/css/base.css HTTP/1.1" 304 0
INFO 2025-10-06 19:25:42,663 basehttp "GET /about/ HTTP/1.1" 200 9126
INFO 2025-10-06 19:25:43,289 basehttp "GET /static/css/base.css HTTP/1.1" 200 4576
INFO 2025-10-06 19:25:43,292 basehttp "GET /static/js/script.js HTTP/1.1" 200 4461
INFO 2025-10-06 19:25:43,323 basehttp "GET /static/css/main/about.css HTTP/1.1" 200 673
INFO 2025-10-06 19:25:43,361 basehttp "GET /static/css/footer.css HTTP/1.1" 200 701
INFO 2025-10-06 19:25:43,403 basehttp "GET /static/js/jquery/jquery-3.7.1.min.js HTTP/1.1" 200 87535
INFO 2025-10-06 19:25:43,434 basehttp "GET /static/css/notifications.css HTTP/1.1" 200 746
INFO 2025-10-06 19:25:43,456 basehttp "GET /media/logos/baseavatar.jpg HTTP/1.1" 200 13823
INFO 2025-10-06 19:25:43,492 basehttp - Broken pipe from ('127.0.0.1', 63081)
INFO 2025-10-06 19:25:45,303 basehttp - Broken pipe from ('127.0.0.1', 63726)
INFO 2025-10-06 19:25:49,574 basehttp "GET /static/icons/animal.ico HTTP/1.1" 200 34453
INFO 2025-10-06 19:26:41,465 autoreload Watching for file changes with StatReloader
INFO 2025-10-06 19:26:42,033 basehttp "GET /about/ HTTP/1.1" 200 9126
INFO 2025-10-06 19:26:42,061 basehttp "GET /static/css/base.css HTTP/1.1" 304 0
INFO 2025-10-06 19:26:42,328 basehttp "GET /static/css/main/about.css HTTP/1.1" 200 820
INFO 2025-10-06 19:26:42,431 basehttp "GET /static/media/welcome.mp3 HTTP/1.1" 200 4661731
INFO 2025-10-06 19:26:42,540 basehttp "GET /static/media/company_intro.mp4 HTTP/1.1" 200 22498702
INFO 2025-10-06 19:31:52,836 autoreload Watching for file changes with StatReloader
INFO 2025-10-06 19:31:53,505 basehttp "GET /about/ HTTP/1.1" 200 9126
INFO 2025-10-06 19:31:53,810 basehttp "GET /static/css/main/about.css HTTP/1.1" 200 1724
INFO 2025-10-06 19:31:53,827 basehttp "GET /static/css/footer.css HTTP/1.1" 200 701
INFO 2025-10-06 19:31:53,830 basehttp "GET /static/css/base.css HTTP/1.1" 200 4576
INFO 2025-10-06 19:31:53,831 basehttp "GET /media/logos/baseavatar.jpg HTTP/1.1" 200 13823
INFO 2025-10-06 19:31:53,834 basehttp "GET /static/js/jquery/jquery-3.7.1.min.js HTTP/1.1" 200 87535
INFO 2025-10-06 19:31:53,842 basehttp "GET /static/js/script.js HTTP/1.1" 200 4461
INFO 2025-10-06 19:31:53,921 basehttp "GET /static/css/notifications.css HTTP/1.1" 200 746
INFO 2025-10-06 19:31:54,022 basehttp "GET /static/media/welcome.mp3 HTTP/1.1" 200 4661731
INFO 2025-10-06 19:31:54,137 basehttp "GET /static/media/company_intro.mp4 HTTP/1.1" 200 22498702
INFO 2025-10-06 19:31:59,605 basehttp "GET /static/icons/animal.ico HTTP/1.1" 200 34453
INFO 2025-10-06 19:32:15,888 autoreload Watching for file changes with StatReloader
INFO 2025-10-06 19:32:16,398 basehttp "GET /about/ HTTP/1.1" 200 9126
INFO 2025-10-06 19:32:16,731 basehttp "GET /static/css/main/about.css HTTP/1.1" 200 1635
INFO 2025-10-06 19:32:16,734 basehttp "GET /static/js/script.js HTTP/1.1" 200 4461
INFO 2025-10-06 19:32:16,759 basehttp "GET /static/css/notifications.css HTTP/1.1" 200 746
INFO 2025-10-06 19:32:16,782 basehttp "GET /static/css/base.css HTTP/1.1" 200 4576
INFO 2025-10-06 19:32:16,786 basehttp "GET /static/css/footer.css HTTP/1.1" 200 701
INFO 2025-10-06 19:32:16,858 basehttp "GET /static/media/welcome.mp3 HTTP/1.1" 200 4661731
INFO 2025-10-06 19:32:17,005 basehttp "GET /static/media/company_intro.mp4 HTTP/1.1" 200 22498702
INFO 2025-10-06 19:32:17,044 basehttp "GET /media/logos/baseavatar.jpg HTTP/1.1" 200 13823
INFO 2025-10-06 19:32:17,047 basehttp "GET /static/js/jquery/jquery-3.7.1.min.js HTTP/1.1" 200 87535
INFO 2025-10-06 19:32:23,923 basehttp "GET /static/icons/animal.ico HTTP/1.1" 200 34453
INFO 2025-10-06 19:32:58,694 autoreload Watching for file changes with StatReloader
INFO 2025-10-06 19:33:03,971 basehttp "GET /about/ HTTP/1.1" 200 9126
INFO 2025-10-06 19:33:04,458 basehttp "GET /static/css/notifications.css HTTP/1.1" 200 746
INFO 2025-10-06 19:33:04,461 basehttp "GET /static/js/script.js HTTP/1.1" 200 4461
INFO 2025-10-06 19:33:04,477 basehttp "GET /static/css/footer.css HTTP/1.1" 200 701
INFO 2025-10-06 19:33:04,494 basehttp "GET /media/logos/baseavatar.jpg HTTP/1.1" 200 13823
INFO 2025-10-06 19:33:04,510 basehttp "GET /static/css/base.css HTTP/1.1" 200 4576
INFO 2025-10-06 19:33:04,532 basehttp "GET /static/css/main/about.css HTTP/1.1" 200 1498
INFO 2025-10-06 19:33:04,588 basehttp "GET /static/js/jquery/jquery-3.7.1.min.js HTTP/1.1" 200 87535
INFO 2025-10-06 19:33:04,622 basehttp "GET /static/media/welcome.mp3 HTTP/1.1" 200 4661731
INFO 2025-10-06 19:33:04,737 basehttp "GET /static/media/company_intro.mp4 HTTP/1.1" 200 22498702
INFO 2025-10-06 19:33:10,051 basehttp "GET /static/icons/animal.ico HTTP/1.1" 200 34453
INFO 2025-10-06 19:36:15,752 autoreload C:\Labs\353504_Antonava_01\STRWEB\LR2\ZooShopApp\main\views.py changed, reloading.
INFO 2025-10-06 19:36:16,934 autoreload Watching for file changes with StatReloader
INFO 2025-10-06 19:45:58,045 autoreload Watching for file changes with StatReloader
INFO 2025-10-06 19:45:58,711 basehttp "GET /about/ HTTP/1.1" 200 9226
INFO 2025-10-06 19:45:59,005 basehttp "GET /static/css/footer.css HTTP/1.1" 200 701
INFO 2025-10-06 19:45:59,028 basehttp "GET /static/css/main/about.css HTTP/1.1" 200 2774
INFO 2025-10-06 19:45:59,039 basehttp "GET /media/logos/baseavatar.jpg HTTP/1.1" 200 13823
INFO 2025-10-06 19:45:59,040 basehttp "GET /static/js/jquery/jquery-3.7.1.min.js HTTP/1.1" 200 87535
INFO 2025-10-06 19:45:59,041 basehttp "GET /static/js/script.js HTTP/1.1" 200 4461
INFO 2025-10-06 19:45:59,045 basehttp "GET /static/css/base.css HTTP/1.1" 200 4576
INFO 2025-10-06 19:45:59,135 basehttp "GET /static/css/notifications.css HTTP/1.1" 200 746
INFO 2025-10-06 19:45:59,172 basehttp "GET /static/images/border-frame.png HTTP/1.1" 200 2053757
INFO 2025-10-06 19:45:59,181 basehttp "GET /static/images/certificate-bg.png HTTP/1.1" 200 2483930
INFO 2025-10-06 19:45:59,268 basehttp "GET /static/media/welcome.mp3 HTTP/1.1" 200 4661731
INFO 2025-10-06 19:45:59,382 basehttp "GET /static/media/company_intro.mp4 HTTP/1.1" 200 22498702
INFO 2025-10-06 19:46:03,988 basehttp "GET /static/icons/animal.ico HTTP/1.1" 200 34453
INFO 2025-10-06 21:57:33,310 basehttp "GET /about/ HTTP/1.1" 200 9226
INFO 2025-10-06 21:57:33,335 basehttp "GET /static/css/footer.css HTTP/1.1" 200 701
INFO 2025-10-06 21:57:33,338 basehttp "GET /static/css/base.css HTTP/1.1" 200 4576
INFO 2025-10-06 21:57:33,345 basehttp "GET /static/css/main/about.css HTTP/1.1" 200 2774
INFO 2025-10-06 21:57:33,346 basehttp "GET /media/logos/baseavatar.jpg HTTP/1.1" 200 13823
INFO 2025-10-06 21:57:33,348 basehttp "GET /static/css/notifications.css HTTP/1.1" 200 746
INFO 2025-10-06 21:57:33,349 basehttp "GET /static/js/jquery/jquery-3.7.1.min.js HTTP/1.1" 200 87535
INFO 2025-10-06 21:57:33,353 basehttp "GET /static/js/script.js HTTP/1.1" 200 4461
INFO 2025-10-06 21:57:33,449 basehttp "GET /static/images/border-frame.png HTTP/1.1" 200 2053757
INFO 2025-10-06 21:57:33,461 basehttp "GET /static/images/certificate-bg.png HTTP/1.1" 200 2483930
INFO 2025-10-06 21:57:33,509 basehttp "GET /static/media/welcome.mp3 HTTP/1.1" 200 4661731
INFO 2025-10-06 21:57:33,655 basehttp "GET /static/media/company_intro.mp4 HTTP/1.1" 200 22498702
INFO 2025-10-06 21:57:38,392 basehttp "GET /static/icons/animal.ico HTTP/1.1" 200 34453
INFO 2025-10-06 21:58:46,100 autoreload Watching for file changes with StatReloader
INFO 2025-10-06 21:58:46,788 basehttp "GET /about/ HTTP/1.1" 200 9226
INFO 2025-10-06 21:58:47,162 basehttp "GET /static/css/footer.css HTTP/1.1" 200 701
INFO 2025-10-06 21:58:47,179 basehttp "GET /static/css/notifications.css HTTP/1.1" 200 746
INFO 2025-10-06 21:58:47,182 basehttp "GET /media/logos/baseavatar.jpg HTTP/1.1" 200 13823
INFO 2025-10-06 21:58:47,183 basehttp "GET /static/js/jquery/jquery-3.7.1.min.js HTTP/1.1" 200 87535
INFO 2025-10-06 21:58:47,186 basehttp "GET /static/js/script.js HTTP/1.1" 200 4461
INFO 2025-10-06 21:58:47,197 basehttp "GET /static/css/base.css HTTP/1.1" 200 4576
INFO 2025-10-06 21:58:47,215 basehttp "GET /static/css/main/about.css HTTP/1.1" 200 2774
INFO 2025-10-06 21:58:47,272 basehttp "GET /static/images/border-frame.png HTTP/1.1" 200 2053757
INFO 2025-10-06 21:58:47,281 basehttp "GET /static/images/certificate-bg.png HTTP/1.1" 200 2483930
INFO 2025-10-06 21:58:47,324 basehttp "GET /static/media/welcome.mp3 HTTP/1.1" 200 4661731
INFO 2025-10-06 21:58:47,429 basehttp "GET /static/media/company_intro.mp4 HTTP/1.1" 200 22498702
INFO 2025-10-06 21:58:59,046 basehttp "GET /static/icons/animal.ico HTTP/1.1" 200 34453
INFO 2025-10-06 22:00:44,797 autoreload Watching for file changes with StatReloader
INFO 2025-10-06 22:00:46,339 basehttp "GET /about/ HTTP/1.1" 200 9452
INFO 2025-10-06 22:00:46,752 basehttp "GET /static/css/main/about.css HTTP/1.1" 200 2829
INFO 2025-10-06 22:00:46,780 basehttp "GET /static/css/footer.css HTTP/1.1" 200 701
INFO 2025-10-06 22:00:46,785 basehttp "GET /media/logos/baseavatar.jpg HTTP/1.1" 200 13823
INFO 2025-10-06 22:00:46,791 basehttp "GET /static/js/jquery/jquery-3.7.1.min.js HTTP/1.1" 200 87535
INFO 2025-10-06 22:00:46,792 basehttp "GET /static/css/base.css HTTP/1.1" 200 4576
INFO 2025-10-06 22:00:46,797 basehttp "GET /static/css/notifications.css HTTP/1.1" 200 746
INFO 2025-10-06 22:00:46,802 basehttp "GET /static/js/script.js HTTP/1.1" 200 4461
INFO 2025-10-06 22:00:46,827 basehttp "GET /static/images/border-frame.png HTTP/1.1" 200 2053757
INFO 2025-10-06 22:00:46,880 basehttp "GET /static/images/certificate-bg.png HTTP/1.1" 200 2483930
INFO 2025-10-06 22:00:46,921 basehttp "GET /static/media/welcome.mp3 HTTP/1.1" 200 4661731
INFO 2025-10-06 22:00:47,135 basehttp "GET /static/media/company_intro.mp4 HTTP/1.1" 200 22498702
INFO 2025-10-06 22:01:25,900 basehttp "GET /static/icons/animal.ico HTTP/1.1" 200 34453
INFO 2025-10-06 22:02:53,015 autoreload Watching for file changes with StatReloader
INFO 2025-10-06 22:02:53,639 basehttp "GET /about/ HTTP/1.1" 200 9405
INFO 2025-10-06 22:02:53,834 basehttp "GET /static/css/main/about.css HTTP/1.1" 200 2481
INFO 2025-10-06 22:02:55,849 basehttp "GET /about/ HTTP/1.1" 200 9405
INFO 2025-10-06 22:02:55,867 basehttp "GET /static/css/base.css HTTP/1.1" 200 4576
INFO 2025-10-06 22:02:55,871 basehttp "GET /static/css/footer.css HTTP/1.1" 200 701
INFO 2025-10-06 22:02:55,872 basehttp "GET /static/css/main/about.css HTTP/1.1" 200 2481
INFO 2025-10-06 22:02:55,876 basehttp "GET /static/css/notifications.css HTTP/1.1" 200 746
INFO 2025-10-06 22:02:55,878 basehttp "GET /media/logos/baseavatar.jpg HTTP/1.1" 200 13823
INFO 2025-10-06 22:02:55,883 basehttp "GET /static/js/script.js HTTP/1.1" 200 4461
INFO 2025-10-06 22:02:55,884 basehttp "GET /static/js/jquery/jquery-3.7.1.min.js HTTP/1.1" 200 87535
INFO 2025-10-06 22:02:55,911 basehttp "GET /static/images/border-frame.png HTTP/1.1" 200 2053757
INFO 2025-10-06 22:02:55,942 basehttp "GET /static/images/certificate-bg.png HTTP/1.1" 200 2483930
INFO 2025-10-06 22:02:59,209 basehttp "GET /static/icons/animal.ico HTTP/1.1" 200 34453
INFO 2025-10-06 22:07:01,420 autoreload Watching for file changes with StatReloader
INFO 2025-10-06 22:07:02,173 basehttp "GET /about/ HTTP/1.1" 200 9405
INFO 2025-10-06 22:07:02,348 basehttp "GET /static/css/main/about.css HTTP/1.1" 200 2641
INFO 2025-10-06 22:09:00,961 autoreload Watching for file changes with StatReloader
INFO 2025-10-06 22:09:04,121 basehttp "GET /about/ HTTP/1.1" 200 9484
INFO 2025-10-06 22:09:04,479 basehttp "GET /static/css/base.css HTTP/1.1" 200 4576
INFO 2025-10-06 22:09:04,484 basehttp "GET /static/css/footer.css HTTP/1.1" 200 701
INFO 2025-10-06 22:09:04,489 basehttp "GET /media/logos/baseavatar.jpg HTTP/1.1" 200 13823
INFO 2025-10-06 22:09:04,494 basehttp "GET /static/js/jquery/jquery-3.7.1.min.js HTTP/1.1" 200 87535
INFO 2025-10-06 22:09:04,498 basehttp "GET /static/js/script.js HTTP/1.1" 200 4461
INFO 2025-10-06 22:09:04,520 basehttp "GET /static/images/border-frame.png HTTP/1.1" 200 2053757
INFO 2025-10-06 22:09:04,536 basehttp "GET /static/css/notifications.css HTTP/1.1" 200 746
INFO 2025-10-06 22:09:04,551 basehttp "GET /static/css/main/about.css HTTP/1.1" 200 2650
INFO 2025-10-06 22:09:04,624 basehttp "GET /static/images/certificate-bg.png HTTP/1.1" 200 2483930
INFO 2025-10-06 22:09:04,667 basehttp "GET /static/media/welcome.mp3 HTTP/1.1" 200 4661731
INFO 2025-10-06 22:09:04,808 basehttp "GET /static/media/company_intro.mp4 HTTP/1.1" 200 22498702
INFO 2025-10-06 22:09:36,975 basehttp "GET /static/icons/animal.ico HTTP/1.1" 200 34453
INFO 2025-10-06 22:09:49,316 autoreload Watching for file changes with StatReloader
INFO 2025-10-06 22:09:50,077 basehttp "GET /about/ HTTP/1.1" 200 9484
INFO 2025-10-06 22:09:50,212 basehttp "GET /static/css/main/about.css HTTP/1.1" 200 2633
INFO 2025-10-06 22:09:59,772 autoreload Watching for file changes with StatReloader
INFO 2025-10-06 22:10:01,473 basehttp "GET /about/ HTTP/1.1" 200 9484
INFO 2025-10-06 22:10:01,604 basehttp "GET /static/css/main/about.css HTTP/1.1" 200 2633
INFO 2025-10-06 22:10:02,410 basehttp "GET /about/ HTTP/1.1" 200 9484
INFO 2025-10-06 22:10:02,425 basehttp "GET /static/css/main/about.css HTTP/1.1" 304 0
INFO 2025-10-06 22:10:10,963 autoreload Watching for file changes with StatReloader
INFO 2025-10-06 22:10:11,510 basehttp "GET /about/ HTTP/1.1" 200 9484
INFO 2025-10-06 22:10:11,662 basehttp "GET /static/css/main/about.css HTTP/1.1" 200 2633
INFO 2025-10-06 22:10:30,509 autoreload Watching for file changes with StatReloader
INFO 2025-10-06 22:10:31,107 basehttp "GET /about/ HTTP/1.1" 200 9484
INFO 2025-10-06 22:10:31,243 basehttp "GET /static/css/main/about.css HTTP/1.1" 200 2616
INFO 2025-10-06 22:10:59,325 autoreload Watching for file changes with StatReloader
INFO 2025-10-06 22:10:59,880 basehttp "GET /about/ HTTP/1.1" 200 9484
INFO 2025-10-06 22:11:00,236 basehttp "GET /static/css/base.css HTTP/1.1" 200 4576
INFO 2025-10-06 22:11:00,246 basehttp "GET /static/js/jquery/jquery-3.7.1.min.js HTTP/1.1" 200 87535
INFO 2025-10-06 22:11:00,250 basehttp "GET /static/js/script.js HTTP/1.1" 200 4461
INFO 2025-10-06 22:11:00,265 basehttp "GET /static/css/footer.css HTTP/1.1" 200 701
INFO 2025-10-06 22:11:00,279 basehttp "GET /static/css/notifications.css HTTP/1.1" 200 746
INFO 2025-10-06 22:11:00,286 basehttp "GET /static/css/main/about.css HTTP/1.1" 200 2599
INFO 2025-10-06 22:11:00,339 basehttp "GET /static/images/certificate-bg.png HTTP/1.1" 200 2483930
INFO 2025-10-06 22:11:00,357 basehttp "GET /static/media/welcome.mp3 HTTP/1.1" 200 4661731
INFO 2025-10-06 22:11:00,511 basehttp "GET /media/logos/baseavatar.jpg HTTP/1.1" 200 13823
INFO 2025-10-06 22:11:00,536 basehttp "GET /static/images/border-frame.png HTTP/1.1" 200 2053757
INFO 2025-10-06 22:11:01,478 basehttp "GET /static/icons/animal.ico HTTP/1.1" 200 34453
INFO 2025-10-06 22:13:04,411 autoreload Watching for file changes with StatReloader
INFO 2025-10-06 22:13:05,218 basehttp "GET /about/ HTTP/1.1" 200 9484
INFO 2025-10-06 22:13:05,682 basehttp "GET /static/css/notifications.css HTTP/1.1" 200 746
INFO 2025-10-06 22:13:05,688 basehttp "GET /static/js/jquery/jquery-3.7.1.min.js HTTP/1.1" 200 87535
INFO 2025-10-06 22:13:05,691 basehttp "GET /static/js/script.js HTTP/1.1" 200 4461
INFO 2025-10-06 22:13:05,738 basehttp "GET /static/css/footer.css HTTP/1.1" 200 701
INFO 2025-10-06 22:13:05,761 basehttp "GET /media/logos/baseavatar.jpg HTTP/1.1" 200 13823
INFO 2025-10-06 22:13:05,781 basehttp "GET /static/css/base.css HTTP/1.1" 200 4576
INFO 2025-10-06 22:13:05,799 basehttp "GET /static/css/main/about.css HTTP/1.1" 200 2734
INFO 2025-10-06 22:13:05,858 basehttp "GET /static/images/certificate-bg.png HTTP/1.1" 200 2483930
INFO 2025-10-06 22:13:05,894 basehttp "GET /static/media/welcome.mp3 HTTP/1.1" 200 4661731
INFO 2025-10-06 22:13:05,975 basehttp "GET /static/images/border-frame.png HTTP/1.1" 200 2053757
INFO 2025-10-06 22:13:06,036 basehttp "GET /static/media/company_intro.mp4 HTTP/1.1" 200 22498702
INFO 2025-10-06 22:13:09,764 basehttp "GET /static/icons/animal.ico HTTP/1.1" 200 34453
INFO 2025-10-06 22:13:54,163 autoreload Watching for file changes with StatReloader
INFO 2025-10-06 22:13:54,757 basehttp "GET /about/ HTTP/1.1" 200 9484
INFO 2025-10-06 22:13:55,108 basehttp "GET /static/css/main/about.css HTTP/1.1" 200 2682
INFO 2025-10-06 22:13:55,113 basehttp "GET /static/css/footer.css HTTP/1.1" 200 701
INFO 2025-10-06 22:13:55,120 basehttp "GET /media/logos/baseavatar.jpg HTTP/1.1" 200 13823
INFO 2025-10-06 22:13:55,124 basehttp "GET /static/css/base.css HTTP/1.1" 200 4576
INFO 2025-10-06 22:13:55,126 basehttp "GET /static/js/jquery/jquery-3.7.1.min.js HTTP/1.1" 200 87535
INFO 2025-10-06 22:13:55,130 basehttp "GET /static/js/script.js HTTP/1.1" 200 4461
INFO 2025-10-06 22:13:55,141 basehttp "GET /static/images/border-frame.png HTTP/1.1" 200 2053757
INFO 2025-10-06 22:13:55,217 basehttp "GET /static/css/notifications.css HTTP/1.1" 200 746
INFO 2025-10-06 22:13:55,268 basehttp "GET /static/images/certificate-bg.png HTTP/1.1" 200 2483930
INFO 2025-10-06 22:13:55,299 basehttp "GET /static/media/welcome.mp3 HTTP/1.1" 200 4661731
INFO 2025-10-06 22:13:55,481 basehttp "GET /static/media/company_intro.mp4 HTTP/1.1" 200 22498702
INFO 2025-10-06 22:14:01,549 basehttp "GET /static/icons/animal.ico HTTP/1.1" 200 34453
INFO 2025-10-06 22:15:45,462 autoreload Watching for file changes with StatReloader
INFO 2025-10-06 22:15:46,025 basehttp "GET /about/ HTTP/1.1" 200 9484
INFO 2025-10-06 22:15:46,376 basehttp "GET /static/css/footer.css HTTP/1.1" 200 701
INFO 2025-10-06 22:15:46,383 basehttp "GET /static/css/base.css HTTP/1.1" 200 4576
INFO 2025-10-06 22:15:46,387 basehttp "GET /media/logos/baseavatar.jpg HTTP/1.1" 200 13823
INFO 2025-10-06 22:15:46,391 basehttp "GET /static/js/jquery/jquery-3.7.1.min.js HTTP/1.1" 200 87535
INFO 2025-10-06 22:15:46,392 basehttp "GET /static/css/main/about.css HTTP/1.1" 200 2819
INFO 2025-10-06 22:15:46,394 basehttp "GET /static/js/script.js HTTP/1.1" 200 4461
INFO 2025-10-06 22:15:46,406 basehttp "GET /static/images/border-frame.png HTTP/1.1" 200 2053757
INFO 2025-10-06 22:15:46,484 basehttp "GET /static/css/notifications.css HTTP/1.1" 200 746
INFO 2025-10-06 22:15:46,536 basehttp "GET /static/images/certificate-bg.png HTTP/1.1" 200 2483930
INFO 2025-10-06 22:15:46,590 basehttp "GET /static/media/welcome.mp3 HTTP/1.1" 200 4661731
INFO 2025-10-06 22:15:46,721 basehttp "GET /static/media/company_intro.mp4 HTTP/1.1" 200 22498702
INFO 2025-10-06 22:15:52,010 basehttp "GET /static/icons/animal.ico HTTP/1.1" 200 34453
INFO 2025-10-06 22:16:06,602 autoreload Watching for file changes with StatReloader
INFO 2025-10-06 22:16:07,311 basehttp "GET /about/ HTTP/1.1" 200 9484
INFO 2025-10-06 22:16:07,567 basehttp "GET /static/css/base.css HTTP/1.1" 200 4576
INFO 2025-10-06 22:16:07,608 basehttp "GET /static/css/main/about.css HTTP/1.1" 200 2817
INFO 2025-10-06 22:16:07,613 basehttp "GET /media/logos/baseavatar.jpg HTTP/1.1" 200 13823
INFO 2025-10-06 22:16:07,618 basehttp "GET /static/js/jquery/jquery-3.7.1.min.js HTTP/1.1" 200 87535
INFO 2025-10-06 22:16:07,620 basehttp "GET /static/css/footer.css HTTP/1.1" 200 701
INFO 2025-10-06 22:16:07,623 basehttp "GET /static/js/script.js HTTP/1.1" 200 4461
INFO 2025-10-06 22:16:07,635 basehttp "GET /static/images/border-frame.png HTTP/1.1" 200 2053757
INFO 2025-10-06 22:16:07,713 basehttp "GET /static/css/notifications.css HTTP/1.1" 200 746
INFO 2025-10-06 22:16:07,761 basehttp "GET /static/images/certificate-bg.png HTTP/1.1" 200 2483930
INFO 2025-10-06 22:16:07,788 basehttp "GET /static/media/welcome.mp3 HTTP/1.1" 200 4661731
INFO 2025-10-06 22:16:07,922 basehttp "GET /static/media/company_intro.mp4 HTTP/1.1" 200 22498702
INFO 2025-10-06 22:16:09,062 basehttp "GET /static/icons/animal.ico HTTP/1.1" 200 34453
INFO 2025-10-06 22:16:41,672 autoreload Watching for file changes with StatReloader
INFO 2025-10-06 22:16:42,237 basehttp "GET /about/ HTTP/1.1" 200 9484
INFO 2025-10-06 22:16:42,554 basehttp "GET /static/css/base.css HTTP/1.1" 200 4576
INFO 2025-10-06 22:16:42,566 basehttp "GET /static/css/footer.css HTTP/1.1" 200 701
INFO 2025-10-06 22:16:42,578 basehttp "GET /media/logos/baseavatar.jpg HTTP/1.1" 200 13823
INFO 2025-10-06 22:16:42,583 basehttp "GET /static/js/jquery/jquery-3.7.1.min.js HTTP/1.1" 200 87535
INFO 2025-10-06 22:16:42,590 basehttp "GET /static/js/script.js HTTP/1.1" 200 4461
INFO 2025-10-06 22:16:42,601 basehttp "GET /static/css/main/about.css HTTP/1.1" 200 2821
INFO 2025-10-06 22:16:42,604 basehttp "GET /static/images/border-frame.png HTTP/1.1" 200 2053757
INFO 2025-10-06 22:16:42,691 basehttp "GET /static/css/notifications.css HTTP/1.1" 200 746
INFO 2025-10-06 22:16:42,735 basehttp "GET /static/images/certificate-bg.png HTTP/1.1" 200 2483930
INFO 2025-10-06 22:16:42,767 basehttp "GET /static/media/welcome.mp3 HTTP/1.1" 200 4661731
INFO 2025-10-06 22:16:42,903 basehttp "GET /static/media/company_intro.mp4 HTTP/1.1" 200 22498702
INFO 2025-10-06 22:16:44,959 basehttp "GET /static/icons/animal.ico HTTP/1.1" 200 34453
INFO 2025-10-06 22:19:48,233 autoreload Watching for file changes with StatReloader
INFO 2025-10-06 22:19:48,960 basehttp "GET /about/ HTTP/1.1" 200 9598
INFO 2025-10-06 22:19:49,285 basehttp "GET /static/css/main/about.css HTTP/1.1" 200 3112
INFO 2025-10-06 22:19:49,292 basehttp "GET /static/css/base.css HTTP/1.1" 200 4576
INFO 2025-10-06 22:19:49,296 basehttp "GET /media/logos/baseavatar.jpg HTTP/1.1" 200 13823
INFO 2025-10-06 22:19:49,302 basehttp "GET /static/js/jquery/jquery-3.7.1.min.js HTTP/1.1" 200 87535
INFO 2025-10-06 22:19:49,306 basehttp "GET /static/js/script.js HTTP/1.1" 200 4461
INFO 2025-10-06 22:19:49,317 basehttp "GET /static/css/footer.css HTTP/1.1" 200 701
INFO 2025-10-06 22:19:49,319 basehttp "GET /static/images/border-frame.png HTTP/1.1" 200 2053757
INFO 2025-10-06 22:19:49,408 basehttp "GET /static/css/notifications.css HTTP/1.1" 200 746
INFO 2025-10-06 22:19:49,453 basehttp "GET /static/images/certificate-bg.png HTTP/1.1" 200 2483930
INFO 2025-10-06 22:19:49,516 basehttp "GET /static/media/welcome.mp3 HTTP/1.1" 200 4661731
INFO 2025-10-06 22:19:49,639 basehttp "GET /static/media/company_intro.mp4 HTTP/1.1" 200 22498702
INFO 2025-10-06 22:19:55,132 basehttp "GET /static/icons/animal.ico HTTP/1.1" 200 34453
INFO 2025-10-06 22:32:48,139 autoreload Watching for file changes with StatReloader
INFO 2025-10-06 22:32:48,731 basehttp "GET /about/ HTTP/1.1" 200 9452
INFO 2025-10-06 22:32:49,133 basehttp "GET /static/css/footer.css HTTP/1.1" 200 701
INFO 2025-10-06 22:32:49,158 basehttp "GET /static/css/base.css HTTP/1.1" 200 4576
INFO 2025-10-06 22:32:49,163 basehttp "GET /media/logos/baseavatar.jpg HTTP/1.1" 200 13823
INFO 2025-10-06 22:32:49,169 basehttp "GET /static/css/main/about.css HTTP/1.1" 200 2997
INFO 2025-10-06 22:32:49,170 basehttp "GET /static/js/jquery/jquery-3.7.1.min.js HTTP/1.1" 200 87535
INFO 2025-10-06 22:32:49,173 basehttp "GET /static/css/notifications.css HTTP/1.1" 200 746
INFO 2025-10-06 22:32:49,174 basehttp "GET /static/js/script.js HTTP/1.1" 200 4461
INFO 2025-10-06 22:32:49,190 basehttp "GET /static/images/border-frame.png HTTP/1.1" 200 2053757
INFO 2025-10-06 22:32:49,219 basehttp "GET /static/images/certificate-bg.png HTTP/1.1" 200 2483930
INFO 2025-10-06 22:32:49,266 basehttp "GET /static/media/welcome.mp3 HTTP/1.1" 200 4661731
INFO 2025-10-06 22:32:49,392 basehttp "GET /static/media/company_intro.mp4 HTTP/1.1" 200 22498702
INFO 2025-10-06 22:32:50,545 basehttp "GET /static/icons/animal.ico HTTP/1.1" 200 34453
INFO 2025-10-06 22:34:17,826 autoreload Watching for file changes with StatReloader
INFO 2025-10-06 22:34:18,391 basehttp "GET /about/ HTTP/1.1" 200 9452
INFO 2025-10-06 22:34:18,818 basehttp "GET /static/css/base.css HTTP/1.1" 200 4576
INFO 2025-10-06 22:34:18,829 basehttp "GET /static/js/jquery/jquery-3.7.1.min.js HTTP/1.1" 200 87535
INFO 2025-10-06 22:34:18,834 basehttp "GET /static/js/script.js HTTP/1.1" 200 4461
INFO 2025-10-06 22:34:18,842 basehttp "GET /static/css/main/about.css HTTP/1.1" 200 3159
INFO 2025-10-06 22:34:18,855 basehttp "GET /static/css/notifications.css HTTP/1.1" 200 746
INFO 2025-10-06 22:34:18,860 basehttp "GET /static/css/footer.css HTTP/1.1" 200 701
INFO 2025-10-06 22:34:18,915 basehttp "GET /static/images/certificate-bg.png HTTP/1.1" 200 2483930
INFO 2025-10-06 22:34:18,959 basehttp "GET /static/media/welcome.mp3 HTTP/1.1" 200 4661731
INFO 2025-10-06 22:34:19,108 basehttp "GET /static/media/company_intro.mp4 HTTP/1.1" 200 22498702
INFO 2025-10-06 22:34:19,141 basehttp "GET /media/logos/baseavatar.jpg HTTP/1.1" 200 13823
INFO 2025-10-06 22:34:19,162 basehttp "GET /static/images/border-frame.png HTTP/1.1" 200 2053757
INFO 2025-10-06 22:34:20,140 basehttp "GET /static/icons/animal.ico HTTP/1.1" 200 34453
INFO 2025-10-06 22:34:33,022 autoreload Watching for file changes with StatReloader
INFO 2025-10-06 22:34:39,223 basehttp "GET /about/ HTTP/1.1" 200 9452
INFO 2025-10-06 22:34:39,711 basehttp "GET /static/css/footer.css HTTP/1.1" 200 701
INFO 2025-10-06 22:34:39,722 basehttp "GET /static/js/jquery/jquery-3.7.1.min.js HTTP/1.1" 200 87535
INFO 2025-10-06 22:34:39,726 basehttp "GET /static/js/script.js HTTP/1.1" 200 4461
INFO 2025-10-06 22:34:39,749 basehttp "GET /static/css/base.css HTTP/1.1" 200 4576
INFO 2025-10-06 22:34:39,765 basehttp "GET /static/css/notifications.css HTTP/1.1" 200 746
INFO 2025-10-06 22:34:39,773 basehttp "GET /static/css/main/about.css HTTP/1.1" 200 2997
INFO 2025-10-06 22:34:39,790 basehttp "GET /media/logos/baseavatar.jpg HTTP/1.1" 200 13823
INFO 2025-10-06 22:34:39,859 basehttp "GET /static/images/certificate-bg.png HTTP/1.1" 200 2483930
INFO 2025-10-06 22:34:39,886 basehttp "GET /static/images/border-frame.png HTTP/1.1" 200 2053757
INFO 2025-10-06 22:34:39,913 basehttp "GET /static/media/welcome.mp3 HTTP/1.1" 200 4661731
INFO 2025-10-06 22:34:40,078 basehttp "GET /static/media/company_intro.mp4 HTTP/1.1" 200 22498702
INFO 2025-10-06 22:34:40,581 basehttp "GET /static/icons/animal.ico HTTP/1.1" 200 34453
INFO 2025-10-06 22:34:57,723 autoreload Watching for file changes with StatReloader
INFO 2025-10-06 22:35:00,045 basehttp "GET /about/ HTTP/1.1" 200 9452
INFO 2025-10-06 22:35:00,184 basehttp "GET /static/css/main/about.css HTTP/1.1" 200 3020
INFO 2025-10-06 22:35:04,626 basehttp "GET /about/ HTTP/1.1" 200 9452
INFO 2025-10-06 22:35:04,652 basehttp "GET /static/css/base.css HTTP/1.1" 200 4576
INFO 2025-10-06 22:35:04,654 basehttp "GET /static/css/footer.css HTTP/1.1" 200 701
INFO 2025-10-06 22:35:04,660 basehttp "GET /static/js/script.js HTTP/1.1" 200 4461
INFO 2025-10-06 22:35:04,660 basehttp "GET /media/logos/baseavatar.jpg HTTP/1.1" 200 13823
INFO 2025-10-06 22:35:04,661 basehttp "GET /static/css/notifications.css HTTP/1.1" 200 746
INFO 2025-10-06 22:35:04,662 basehttp "GET /static/css/main/about.css HTTP/1.1" 200 3020
INFO 2025-10-06 22:35:04,663 basehttp "GET /static/js/jquery/jquery-3.7.1.min.js HTTP/1.1" 200 87535
INFO 2025-10-06 22:35:04,699 basehttp "GET /static/images/border-frame.png HTTP/1.1" 200 2053757
INFO 2025-10-06 22:35:04,713 basehttp "GET /static/images/certificate-bg.png HTTP/1.1" 200 2483930
INFO 2025-10-06 22:35:05,937 basehttp "GET /static/icons/animal.ico HTTP/1.1" 200 34453
INFO 2025-10-06 22:35:14,749 autoreload Watching for file changes with StatReloader
WARNING 2025-10-06 22:35:15,484 log Not Found: /.well-known/appspecific/com.chrome.devtools.json
WARNING 2025-10-06 22:35:15,485 basehttp "GET /.well-known/appspecific/com.chrome.devtools.json HTTP/1.1" 404 5872
INFO 2025-10-06 22:35:15,582 basehttp "GET /static/css/main/about.css HTTP/1.1" 200 2997
INFO 2025-10-06 22:35:27,783 basehttp "GET /static/images/border-frame.png HTTP/1.1" 200 2053757
INFO 2025-10-06 22:35:47,377 basehttp "GET /about/ HTTP/1.1" 200 9452
INFO 2025-10-06 22:35:47,409 basehttp "GET /static/css/base.css HTTP/1.1" 200 4576
INFO 2025-10-06 22:35:47,414 basehttp "GET /static/css/footer.css HTTP/1.1" 200 701
WARNING 2025-10-06 22:35:47,433 log Not Found: /.well-known/appspecific/com.chrome.devtools.json
WARNING 2025-10-06 22:35:47,434 basehttp "GET /.well-known/appspecific/com.chrome.devtools.json HTTP/1.1" 404 5872
INFO 2025-10-06 22:35:47,435 basehttp "GET /media/logos/baseavatar.jpg HTTP/1.1" 200 13823
INFO 2025-10-06 22:35:47,440 basehttp "GET /static/css/notifications.css HTTP/1.1" 200 746
INFO 2025-10-06 22:35:47,442 basehttp "GET /static/js/jquery/jquery-3.7.1.min.js HTTP/1.1" 200 87535
INFO 2025-10-06 22:35:47,442 basehttp "GET /static/js/script.js HTTP/1.1" 200 4461
INFO 2025-10-06 22:35:47,443 basehttp "GET /static/css/main/about.css HTTP/1.1" 200 2936
INFO 2025-10-06 22:35:47,473 basehttp "GET /static/images/border-frame.png HTTP/1.1" 200 2053757
INFO 2025-10-06 22:35:47,518 basehttp "GET /static/images/certificate-bg.png HTTP/1.1" 200 2483930
INFO 2025-10-06 22:35:47,587 basehttp "GET /static/media/welcome.mp3 HTTP/1.1" 200 4661731
INFO 2025-10-06 22:35:47,756 basehttp "GET /static/media/company_intro.mp4 HTTP/1.1" 200 22498702
INFO 2025-10-06 22:35:50,814 basehttp "GET /static/icons/animal.ico HTTP/1.1" 200 34453
INFO 2025-10-06 22:36:23,739 autoreload Watching for file changes with StatReloader
INFO 2025-10-06 22:36:24,395 basehttp "GET /about/ HTTP/1.1" 200 9452
WARNING 2025-10-06 22:36:24,439 log Not Found: /.well-known/appspecific/com.chrome.devtools.json
WARNING 2025-10-06 22:36:24,440 basehttp "GET /.well-known/appspecific/com.chrome.devtools.json HTTP/1.1" 404 5872
INFO 2025-10-06 22:36:24,616 basehttp "GET /static/css/main/about.css HTTP/1.1" 200 2970
INFO 2025-10-06 22:40:29,993 basehttp "GET /contact/ HTTP/1.1" 200 7782
INFO 2025-10-06 22:41:59,526 basehttp "GET / HTTP/1.1" 200 11201
INFO 2025-10-06 22:41:59,550 basehttp "GET /static/css/main/index.css HTTP/1.1" 200 5550
INFO 2025-10-06 22:42:07,534 basehttp "GET /about/ HTTP/1.1" 200 9452
INFO 2025-10-06 22:42:07,569 basehttp "GET /static/css/main/about.css HTTP/1.1" 304 0
INFO 2025-10-06 22:42:14,815 basehttp "GET /privacy_policy/ HTTP/1.1" 200 4583
INFO 2025-10-06 22:42:14,838 basehttp "GET /static/css/main/privacy_policy.css HTTP/1.1" 200 860
INFO 2025-10-06 22:42:17,526 basehttp "GET /contact/ HTTP/1.1" 200 7782
INFO 2025-10-06 22:42:37,684 autoreload Watching for file changes with StatReloader
INFO 2025-10-06 22:42:38,274 basehttp "GET /contact/ HTTP/1.1" 200 7782
INFO 2025-10-06 22:42:42,819 basehttp "GET /contact/ HTTP/1.1" 200 7782
INFO 2025-10-06 22:42:43,098 basehttp "GET /static/css/main/contact.css HTTP/1.1" 200 1264
INFO 2025-10-06 22:42:43,121 basehttp "GET /media/users/506e8fe625c1f8707cec23d6b130dc08_sqZJoDz.jpeg HTTP/1.1" 200 846399
INFO 2025-10-06 22:42:43,125 basehttp "GET /static/css/base.css HTTP/1.1" 200 4576
INFO 2025-10-06 22:42:43,127 basehttp "GET /static/images/baseavatar.jpg HTTP/1.1" 200 13823
INFO 2025-10-06 22:42:43,131 basehttp "GET /static/css/notifications.css HTTP/1.1" 200 746
INFO 2025-10-06 22:42:43,132 basehttp "GET /static/js/script.js HTTP/1.1" 200 4461
INFO 2025-10-06 22:42:43,134 basehttp "GET /static/js/jquery/jquery-3.7.1.min.js HTTP/1.1" 200 87535
INFO 2025-10-06 22:42:43,134 basehttp "GET /media/users/9a14b8b2c9494052fab98e31e76bb929.jpg HTTP/1.1" 200 1340200
INFO 2025-10-06 22:42:43,310 basehttp "GET /static/icons/animal.ico HTTP/1.1" 200 34453
INFO 2025-10-06 22:44:51,965 autoreload Watching for file changes with StatReloader
INFO 2025-10-06 22:44:52,532 basehttp "GET /contact/ HTTP/1.1" 200 7759
INFO 2025-10-06 22:44:52,700 basehttp "GET /static/css/main/contact.css HTTP/1.1" 200 1196
INFO 2025-10-06 22:45:30,489 basehttp "GET /jobs/ HTTP/1.1" 200 9084
INFO 2025-10-06 22:45:30,521 basehttp "GET /static/css/jobs/job_list.css HTTP/1.1" 200 697
INFO 2025-10-06 22:47:54,149 autoreload Watching for file changes with StatReloader
INFO 2025-10-06 22:47:54,661 basehttp "GET /jobs/ HTTP/1.1" 200 9434
INFO 2025-10-06 22:47:54,929 basehttp "GET /static/js/jquery/jquery-3.7.1.min.js HTTP/1.1" 200 87535
INFO 2025-10-06 22:47:55,024 basehttp "GET /static/css/jobs/job_list.css HTTP/1.1" 200 1060
INFO 2025-10-06 22:47:55,031 basehttp "GET /static/css/base.css HTTP/1.1" 200 4576
INFO 2025-10-06 22:47:55,063 basehttp "GET /static/css/notifications.css HTTP/1.1" 200 746
INFO 2025-10-06 22:47:55,156 basehttp "GET /static/js/script.js HTTP/1.1" 200 4461
INFO 2025-10-06 22:47:55,177 basehttp "GET /static/icons/animal.ico HTTP/1.1" 200 34453
INFO 2025-10-06 22:48:13,749 basehttp "GET / HTTP/1.1" 200 11973
INFO 2025-10-06 22:48:16,595 basehttp "GET /jobs/ HTTP/1.1" 200 10206
INFO 2025-10-06 22:48:16,606 basehttp "GET /static/css/jobs/job_list.css HTTP/1.1" 200 1060
INFO 2025-10-06 22:55:55,442 autoreload Watching for file changes with StatReloader
INFO 2025-10-06 22:55:56,062 basehttp "GET /jobs/ HTTP/1.1" 200 9007
INFO 2025-10-06 22:55:56,399 basehttp "GET /static/css/base.css HTTP/1.1" 200 4576
INFO 2025-10-06 22:55:56,426 basehttp "GET /static/js/jquery/jquery-3.7.1.min.js HTTP/1.1" 200 87535
INFO 2025-10-06 22:55:56,444 basehttp "GET /static/css/jobs/job_list.css HTTP/1.1" 200 1079
INFO 2025-10-06 22:55:56,463 basehttp "GET /static/css/notifications.css HTTP/1.1" 200 746
INFO 2025-10-06 22:55:56,550 basehttp "GET /static/js/script.js HTTP/1.1" 200 4461
INFO 2025-10-06 22:55:56,568 basehttp "GET /static/icons/animal.ico HTTP/1.1" 200 34453
INFO 2025-10-06 22:57:55,586 autoreload Watching for file changes with StatReloader
INFO 2025-10-06 22:57:56,268 basehttp "GET /jobs/ HTTP/1.1" 200 9007
INFO 2025-10-06 22:57:56,628 basehttp "GET /static/css/jobs/job_list.css HTTP/1.1" 200 1234
INFO 2025-10-06 22:57:56,686 basehttp "GET /static/css/base.css HTTP/1.1" 200 4576
INFO 2025-10-06 22:57:56,698 basehttp "GET /static/js/jquery/jquery-3.7.1.min.js HTTP/1.1" 200 87535
INFO 2025-10-06 22:57:56,700 basehttp "GET /static/css/notifications.css HTTP/1.1" 200 746
INFO 2025-10-06 22:57:56,791 basehttp "GET /static/js/script.js HTTP/1.1" 200 4461
INFO 2025-10-06 22:57:56,807 basehttp "GET /static/icons/animal.ico HTTP/1.1" 200 34453
INFO 2025-10-06 22:59:00,576 autoreload Watching for file changes with StatReloader
INFO 2025-10-06 22:59:01,214 basehttp "GET /jobs/ HTTP/1.1" 200 9007
INFO 2025-10-06 22:59:01,381 basehttp "GET /static/css/jobs/job_list.css HTTP/1.1" 200 964
INFO 2025-10-06 23:03:41,337 basehttp "GET /faq/ HTTP/1.1" 200 8609
INFO 2025-10-06 23:03:41,364 basehttp "GET /static/css/main/faq.css HTTP/1.1" 200 912
INFO 2025-10-06 23:07:20,600 autoreload Watching for file changes with StatReloader
INFO 2025-10-06 23:07:21,219 basehttp "GET /jobs/ HTTP/1.1" 200 9007
INFO 2025-10-06 23:07:21,622 basehttp "GET /static/css/jobs/job_list.css HTTP/1.1" 200 964
INFO 2025-10-06 23:07:21,683 basehttp "GET /static/css/base.css HTTP/1.1" 200 4576
INFO 2025-10-06 23:07:21,690 basehttp "GET /static/js/jquery/jquery-3.7.1.min.js HTTP/1.1" 200 87535
INFO 2025-10-06 23:07:21,711 basehttp "GET /static/css/notifications.css HTTP/1.1" 200 746
INFO 2025-10-06 23:07:21,716 basehttp "GET /static/js/script.js HTTP/1.1" 200 4461
INFO 2025-10-06 23:07:21,733 basehttp "GET /static/icons/animal.ico HTTP/1.1" 200 34453
INFO 2025-10-06 23:07:23,095 basehttp "GET /faq/ HTTP/1.1" 200 8235
INFO 2025-10-06 23:08:08,439 autoreload Watching for file changes with StatReloader
INFO 2025-10-06 23:08:08,957 basehttp "GET /faq/ HTTP/1.1" 200 8211
INFO 2025-10-06 23:08:53,725 autoreload Watching for file changes with StatReloader
INFO 2025-10-06 23:08:54,199 basehttp "GET /faq/ HTTP/1.1" 200 8211
INFO 2025-10-06 23:08:56,103 basehttp "GET /faq/ HTTP/1.1" 200 8211
INFO 2025-10-06 23:08:56,471 basehttp "GET /static/js/jquery/jquery-3.7.1.min.js HTTP/1.1" 200 87535
INFO 2025-10-06 23:08:56,492 basehttp "GET /static/js/script.js HTTP/1.1" 200 4461
INFO 2025-10-06 23:08:56,504 basehttp "GET /static/css/main/faq.css HTTP/1.1" 200 1799
INFO 2025-10-06 23:08:56,523 basehttp "GET /static/css/notifications.css HTTP/1.1" 200 746
INFO 2025-10-06 23:08:56,526 basehttp "GET /static/css/base.css HTTP/1.1" 200 4576
INFO 2025-10-06 23:08:56,543 basehttp "GET /static/icons/animal.ico HTTP/1.1" 200 34453
INFO 2025-10-06 23:10:08,630 autoreload Watching for file changes with StatReloader
INFO 2025-10-06 23:10:09,212 basehttp "GET /faq/ HTTP/1.1" 200 8211
INFO 2025-10-06 23:10:09,673 basehttp "GET /static/js/jquery/jquery-3.7.1.min.js HTTP/1.1" 200 87535
INFO 2025-10-06 23:10:09,691 basehttp "GET /static/css/base.css HTTP/1.1" 200 4576
INFO 2025-10-06 23:10:09,701 basehttp "GET /static/js/script.js HTTP/1.1" 200 4461
INFO 2025-10-06 23:10:09,731 basehttp "GET /static/css/main/faq.css HTTP/1.1" 200 1730
INFO 2025-10-06 23:10:09,734 basehttp "GET /static/css/notifications.css HTTP/1.1" 200 746
INFO 2025-10-06 23:10:09,753 basehttp "GET /static/icons/animal.ico HTTP/1.1" 200 34453
INFO 2025-10-06 23:11:00,777 autoreload Watching for file changes with StatReloader
INFO 2025-10-06 23:11:01,298 basehttp "GET /faq/ HTTP/1.1" 200 8211
INFO 2025-10-06 23:11:01,649 basehttp "GET /static/css/main/faq.css HTTP/1.1" 200 1730
INFO 2025-10-06 23:11:01,664 basehttp "GET /static/css/base.css HTTP/1.1" 200 4576
INFO 2025-10-06 23:11:01,689 basehttp "GET /static/js/jquery/jquery-3.7.1.min.js HTTP/1.1" 200 87535
INFO 2025-10-06 23:11:01,699 basehttp "GET /static/css/notifications.css HTTP/1.1" 200 746
INFO 2025-10-06 23:11:01,787 basehttp "GET /static/js/script.js HTTP/1.1" 200 4461
INFO 2025-10-06 23:11:01,799 basehttp "GET /static/icons/animal.ico HTTP/1.1" 200 34453
INFO 2025-10-06 23:11:13,580 autoreload Watching for file changes with StatReloader
INFO 2025-10-06 23:11:14,300 basehttp "GET /faq/ HTTP/1.1" 200 8211
INFO 2025-10-06 23:11:14,675 basehttp "GET /static/css/base.css HTTP/1.1" 200 4576
INFO 2025-10-06 23:11:14,701 basehttp "GET /static/js/script.js HTTP/1.1" 200 4461
INFO 2025-10-06 23:11:14,727 basehttp "GET /static/css/main/faq.css HTTP/1.1" 200 1730
INFO 2025-10-06 23:11:14,734 basehttp "GET /static/css/notifications.css HTTP/1.1" 200 746
INFO 2025-10-06 23:11:14,741 basehttp "GET /static/js/jquery/jquery-3.7.1.min.js HTTP/1.1" 200 87535
INFO 2025-10-06 23:11:14,758 basehttp "GET /static/icons/animal.ico HTTP/1.1" 200 34453
INFO 2025-10-06 23:13:39,648 basehttp "GET /privacy_policy/ HTTP/1.1" 200 4582
INFO 2025-10-06 23:48:46,141 basehttp "GET /privacy_policy/ HTTP/1.1" 200 5798
INFO 2025-10-06 23:48:46,157 basehttp "GET /static/css/base.css HTTP/1.1" 200 4576
INFO 2025-10-06 23:48:46,170 basehttp "GET /static/css/notifications.css HTTP/1.1" 200 746
INFO 2025-10-06 23:48:46,171 basehttp "GET /static/css/main/privacy_policy.css HTTP/1.1" 200 803
INFO 2025-10-06 23:48:46,172 basehttp "GET /static/js/script.js HTTP/1.1" 200 4461
INFO 2025-10-06 23:48:46,174 basehttp "GET /static/js/jquery/jquery-3.7.1.min.js HTTP/1.1" 200 87535
INFO 2025-10-06 23:48:46,210 basehttp "GET /static/icons/animal.ico HTTP/1.1" 200 34453
INFO 2025-10-06 23:49:03,034 basehttp "GET /privacy_policy/ HTTP/1.1" 200 5798
INFO 2025-10-06 23:49:03,046 basehttp "GET /static/css/base.css HTTP/1.1" 200 4576
INFO 2025-10-06 23:49:03,054 basehttp "GET /static/css/notifications.css HTTP/1.1" 200 746
INFO 2025-10-06 23:49:03,056 basehttp "GET /static/css/main/privacy_policy.css HTTP/1.1" 200 2057
INFO 2025-10-06 23:49:03,057 basehttp "GET /static/js/script.js HTTP/1.1" 200 4461
INFO 2025-10-06 23:49:03,058 basehttp "GET /static/js/jquery/jquery-3.7.1.min.js HTTP/1.1" 200 87535
INFO 2025-10-06 23:49:03,100 basehttp "GET /static/icons/animal.ico HTTP/1.1" 200 34453
INFO 2025-10-06 23:50:53,740 autoreload Watching for file changes with StatReloader
INFO 2025-10-06 23:54:09,656 autoreload Watching for file changes with StatReloader
INFO 2025-10-06 23:54:11,585 basehttp "GET /privacy_policy/ HTTP/1.1" 200 6441
INFO 2025-10-06 23:54:12,007 basehttp "GET /static/js/script.js HTTP/1.1" 200 4461
INFO 2025-10-06 23:54:12,028 basehttp "GET /static/css/main/privacy_policy.css HTTP/1.1" 200 2230
INFO 2025-10-06 23:54:12,041 basehttp "GET /static/js/jquery/jquery-3.7.1.min.js HTTP/1.1" 200 87535
INFO 2025-10-06 23:54:12,057 basehttp "GET /static/css/base.css HTTP/1.1" 200 4576
INFO 2025-10-06 23:54:12,075 basehttp "GET /static/css/notifications.css HTTP/1.1" 200 746
INFO 2025-10-06 23:54:12,118 basehttp "GET /static/icons/animal.ico HTTP/1.1" 200 34453
INFO 2025-10-06 23:55:06,534 autoreload Watching for file changes with StatReloader
INFO 2025-10-06 23:55:09,473 basehttp "GET /privacy_policy/ HTTP/1.1" 200 6441
INFO 2025-10-06 23:55:09,898 basehttp "GET /static/js/jquery/jquery-3.7.1.min.js HTTP/1.1" 200 87535
INFO 2025-10-06 23:55:09,933 basehttp "GET /static/css/main/privacy_policy.css HTTP/1.1" 200 2226
INFO 2025-10-06 23:55:09,973 basehttp "GET /static/js/script.js HTTP/1.1" 200 4461
INFO 2025-10-06 23:55:09,973 basehttp "GET /static/css/base.css HTTP/1.1" 200 4576
INFO 2025-10-06 23:55:09,978 basehttp "GET /static/css/notifications.css HTTP/1.1" 200 746
INFO 2025-10-06 23:55:09,999 basehttp "GET /static/icons/animal.ico HTTP/1.1" 200 34453
INFO 2025-10-07 00:05:40,140 autoreload Watching for file changes with StatReloader
INFO 2025-10-07 00:05:40,921 basehttp "GET /privacy_policy/ HTTP/1.1" 200 6614
INFO 2025-10-07 00:05:41,273 basehttp "GET /static/css/main/privacy_policy.css HTTP/1.1" 200 2340
INFO 2025-10-07 00:05:41,348 basehttp "GET /static/css/base.css HTTP/1.1" 200 4576
INFO 2025-10-07 00:05:41,390 basehttp "GET /static/js/script.js HTTP/1.1" 200 4461
INFO 2025-10-07 00:05:41,396 basehttp "GET /static/js/jquery/jquery-3.7.1.min.js HTTP/1.1" 200 87535
INFO 2025-10-07 00:05:41,409 basehttp "GET /static/css/notifications.css HTTP/1.1" 200 746
INFO 2025-10-07 00:05:41,438 basehttp "GET /static/icons/animal.ico HTTP/1.1" 200 34453
INFO 2025-10-07 00:07:26,220 basehttp "GET /about/ HTTP/1.1" 200 9452
INFO 2025-10-07 00:07:26,252 basehttp "GET /static/images/border-frame.png HTTP/1.1" 304 0
INFO 2025-10-07 00:07:26,253 basehttp "GET /static/css/main/about.css HTTP/1.1" 304 0
INFO 2025-10-07 00:07:26,268 basehttp "GET /static/images/certificate-bg.png HTTP/1.1" 304 0
INFO 2025-10-07 00:07:27,960 basehttp "GET /about/ HTTP/1.1" 200 9452
INFO 2025-10-07 00:07:28,963 basehttp "GET /contact/ HTTP/1.1" 200 7759
INFO 2025-10-07 00:07:28,982 basehttp "GET /static/css/main/contact.css HTTP/1.1" 304 0
INFO 2025-10-07 00:07:32,719 basehttp "GET /jobs/ HTTP/1.1" 200 9007
INFO 2025-10-07 00:07:32,740 basehttp "GET /static/css/jobs/job_list.css HTTP/1.1" 304 0
INFO 2025-10-07 00:07:36,259 basehttp "GET /analytics/ HTTP/1.1" 200 7542
INFO 2025-10-07 00:07:36,278 basehttp "GET /static/css/analytics/statistics.css HTTP/1.1" 200 2110
INFO 2025-10-07 00:07:36,288 basehttp "GET /media/charts/korm.png HTTP/1.1" 200 29446
INFO 2025-10-07 00:07:36,289 basehttp "GET /media/charts/aksessuary.png HTTP/1.1" 200 22613
INFO 2025-10-07 00:07:36,290 basehttp "GET /media/charts/igrushki.png HTTP/1.1" 200 26189
INFO 2025-10-07 00:07:36,291 basehttp "GET /media/charts/all.png HTTP/1.1" 200 33023
INFO 2025-10-07 00:07:40,471 basehttp "GET /privacy_policy/ HTTP/1.1" 200 6614
INFO 2025-10-07 00:07:40,493 basehttp "GET /static/css/main/privacy_policy.css HTTP/1.1" 304 0
INFO 2025-10-07 00:07:45,416 basehttp "GET /news/ HTTP/1.1" 200 13200
INFO 2025-10-07 00:07:45,438 basehttp "GET /static/css/main/news.css HTTP/1.1" 304 0
INFO 2025-10-07 00:07:47,081 basehttp "GET /faq/ HTTP/1.1" 200 8211
INFO 2025-10-07 00:07:47,101 basehttp "GET /static/css/main/faq.css HTTP/1.1" 304 0
INFO 2025-10-07 00:07:51,736 basehttp "GET /privacy_policy/ HTTP/1.1" 200 6614
INFO 2025-10-07 00:07:52,052 basehttp - Broken pipe from ('127.0.0.1', 62799)
INFO 2025-10-07 00:08:08,053 basehttp "GET /promotional/ HTTP/1.1" 200 7085
INFO 2025-10-07 00:08:08,089 basehttp "GET /static/css/main/promotional.css HTTP/1.1" 200 1074
INFO 2025-10-07 00:09:51,654 autoreload Watching for file changes with StatReloader
INFO 2025-10-07 00:09:52,944 basehttp "GET /promotional/ HTTP/1.1" 200 7085
INFO 2025-10-07 00:09:56,513 basehttp "GET /promotional/ HTTP/1.1" 200 7085
INFO 2025-10-07 00:09:57,777 basehttp "GET /promotional/ HTTP/1.1" 200 7085
INFO 2025-10-07 00:09:58,193 basehttp "GET /static/css/main/promotional.css HTTP/1.1" 200 1558
INFO 2025-10-07 00:09:58,245 basehttp "GET /static/css/footer.css HTTP/1.1" 200 701
INFO 2025-10-07 00:09:58,260 basehttp "GET /static/css/base.css HTTP/1.1" 200 4576
INFO 2025-10-07 00:09:58,279 basehttp "GET /static/css/notifications.css HTTP/1.1" 200 746
INFO 2025-10-07 00:09:58,323 basehttp "GET /static/js/jquery/jquery-3.7.1.min.js HTTP/1.1" 200 87535
INFO 2025-10-07 00:09:58,333 basehttp "GET /static/js/script.js HTTP/1.1" 200 4461
INFO 2025-10-07 00:09:58,342 basehttp "GET /static/icons/animal.ico HTTP/1.1" 200 34453
INFO 2025-10-07 00:10:58,758 autoreload Watching for file changes with StatReloader
INFO 2025-10-07 00:10:59,291 basehttp "GET /promotional/ HTTP/1.1" 200 7085
INFO 2025-10-07 00:10:59,452 basehttp "GET /static/css/main/promotional.css HTTP/1.1" 200 1506
INFO 2025-10-07 00:12:11,919 autoreload Watching for file changes with StatReloader
INFO 2025-10-07 00:12:12,513 basehttp "GET /promotional/ HTTP/1.1" 200 7085
INFO 2025-10-07 00:12:12,937 basehttp "GET /static/css/base.css HTTP/1.1" 200 4576
INFO 2025-10-07 00:12:12,951 basehttp "GET /static/css/main/promotional.css HTTP/1.1" 200 1340
INFO 2025-10-07 00:12:12,966 basehttp "GET /static/js/jquery/jquery-3.7.1.min.js HTTP/1.1" 200 87535
INFO 2025-10-07 00:12:13,005 basehttp "GET /static/css/footer.css HTTP/1.1" 200 701
INFO 2025-10-07 00:12:13,015 basehttp "GET /static/css/notifications.css HTTP/1.1" 200 746
INFO 2025-10-07 00:12:13,108 basehttp "GET /static/js/script.js HTTP/1.1" 200 4461
INFO 2025-10-07 00:12:13,120 basehttp "GET /static/icons/animal.ico HTTP/1.1" 200 34453
INFO 2025-10-08 20:38:05,196 basehttp "GET / HTTP/1.1" 200 11201
INFO 2025-10-08 20:38:05,220 basehttp "GET /static/css/base.css HTTP/1.1" 304 0
INFO 2025-10-08 20:38:05,227 basehttp "GET /static/css/main/index.css HTTP/1.1" 304 0
INFO 2025-10-08 20:38:05,227 basehttp "GET /static/css/footer.css HTTP/1.1" 304 0
INFO 2025-10-08 20:38:05,230 basehttp "GET /static/css/notifications.css HTTP/1.1" 304 0
INFO 2025-10-08 20:38:05,231 basehttp "GET /static/js/script.js HTTP/1.1" 304 0
INFO 2025-10-08 20:38:05,234 basehttp "GET /static/images/fish1.png HTTP/1.1" 304 0
INFO 2025-10-08 20:38:05,239 basehttp "GET /static/images/banner3.jpg HTTP/1.1" 304 0
INFO 2025-10-08 20:38:05,239 basehttp "GET /static/images/banner1.jpg HTTP/1.1" 304 0
INFO 2025-10-08 20:38:05,244 basehttp "GET /static/images/banner2.jpg HTTP/1.1" 304 0
INFO 2025-10-08 20:38:05,246 basehttp "GET /static/images/fish2.png HTTP/1.1" 304 0
INFO 2025-10-08 20:38:05,248 basehttp "GET /static/images/seaweed.png HTTP/1.1" 304 0
INFO 2025-10-08 20:39:08,425 basehttp "GET /about/ HTTP/1.1" 200 9452
INFO 2025-10-08 20:39:08,459 basehttp "GET /static/css/main/about.css HTTP/1.1" 304 0
INFO 2025-10-08 20:39:08,463 basehttp "GET /static/images/border-frame.png HTTP/1.1" 304 0
INFO 2025-10-08 20:39:08,464 basehttp "GET /static/media/company_intro.mp4 HTTP/1.1" 304 0
INFO 2025-10-08 20:39:08,484 basehttp "GET /static/images/certificate-bg.png HTTP/1.1" 304 0
INFO 2025-10-08 20:39:10,167 basehttp "GET /contact/ HTTP/1.1" 200 7759
INFO 2025-10-08 20:39:10,184 basehttp "GET /static/css/main/contact.css HTTP/1.1" 304 0
INFO 2025-10-08 20:39:12,557 basehttp "GET /jobs/ HTTP/1.1" 200 9007
INFO 2025-10-08 20:39:12,576 basehttp "GET /static/css/jobs/job_list.css HTTP/1.1" 304 0
INFO 2025-10-08 20:39:15,793 basehttp "GET /analytics/ HTTP/1.1" 200 7542
INFO 2025-10-08 20:39:15,811 basehttp "GET /static/css/analytics/statistics.css HTTP/1.1" 304 0
INFO 2025-10-08 20:39:15,822 basehttp "GET /media/charts/korm.png HTTP/1.1" 200 29446
INFO 2025-10-08 20:39:15,823 basehttp "GET /media/charts/igrushki.png HTTP/1.1" 200 26189
INFO 2025-10-08 20:39:15,823 basehttp "GET /media/charts/aksessuary.png HTTP/1.1" 200 22613
INFO 2025-10-08 20:39:15,824 basehttp "GET /media/charts/all.png HTTP/1.1" 200 33023
INFO 2025-10-08 20:39:19,131 basehttp "GET /promotional/ HTTP/1.1" 200 7085
INFO 2025-10-08 20:39:19,166 basehttp "GET /static/css/main/promotional.css HTTP/1.1" 200 1339
INFO 2025-10-08 20:39:21,778 basehttp "GET /privacy_policy/ HTTP/1.1" 200 6614
INFO 2025-10-08 20:39:21,797 basehttp "GET /static/css/main/privacy_policy.css HTTP/1.1" 304 0
INFO 2025-10-08 20:41:49,575 basehttp "GET /about/ HTTP/1.1" 200 9452
INFO 2025-10-08 20:41:54,255 basehttp "GET /privacy_policy/ HTTP/1.1" 200 6614
INFO 2025-10-08 20:43:00,171 basehttp "GET /user/login/ HTTP/1.1" 200 4915
INFO 2025-10-08 20:43:00,200 basehttp "GET /static/css/users/login.css HTTP/1.1" 200 1273
INFO 2025-10-08 20:43:18,144 basehttp "POST /user/login/ HTTP/1.1" 200 5258
INFO 2025-10-08 20:43:34,670 basehttp "GET / HTTP/1.1" 200 11973
INFO 2025-10-08 20:43:34,714 basehttp "GET /static/css/base.css HTTP/1.1" 200 4576
INFO 2025-10-08 20:43:34,715 basehttp "GET /static/css/footer.css HTTP/1.1" 304 0
INFO 2025-10-08 20:43:34,715 basehttp "GET /static/css/notifications.css HTTP/1.1" 304 0
INFO 2025-10-08 20:43:34,715 basehttp "GET /static/css/main/index.css HTTP/1.1" 200 5550
INFO 2025-10-08 20:43:34,720 basehttp "GET /static/images/fish1.png HTTP/1.1" 304 0
INFO 2025-10-08 20:43:34,721 basehttp "GET /static/images/fish2.png HTTP/1.1" 304 0
INFO 2025-10-08 20:43:34,721 basehttp "GET /static/images/seaweed.png HTTP/1.1" 304 0
INFO 2025-10-08 20:43:34,723 basehttp "GET /static/js/script.js HTTP/1.1" 304 0
INFO 2025-10-08 20:43:34,723 basehttp "GET /static/icons/animal.ico HTTP/1.1" 304 0
INFO 2025-10-08 20:43:34,724 basehttp "GET /static/images/banner1.jpg HTTP/1.1" 304 0
INFO 2025-10-08 20:43:34,726 basehttp "GET /static/images/banner2.jpg HTTP/1.1" 304 0
INFO 2025-10-08 20:43:34,727 basehttp "GET /static/images/banner3.jpg HTTP/1.1" 304 0
INFO 2025-10-08 20:43:56,333 basehttp "GET /reviews/ HTTP/1.1" 200 9152
INFO 2025-10-08 20:43:56,343 basehttp "GET /static/css/reviews/review_list.css HTTP/1.1" 200 867
INFO 2025-10-08 20:44:00,493 basehttp "GET /about/ HTTP/1.1" 200 10224
INFO 2025-10-08 20:44:00,507 basehttp "GET /static/css/main/about.css HTTP/1.1" 200 2970
INFO 2025-10-08 20:44:00,535 basehttp "GET /static/images/border-frame.png HTTP/1.1" 200 2053757
INFO 2025-10-08 20:44:00,553 basehttp "GET /static/images/certificate-bg.png HTTP/1.1" 200 2483930
INFO 2025-10-08 20:44:00,561 basehttp "GET /static/media/company_intro.mp4 HTTP/1.1" 304 0
INFO 2025-10-08 20:44:03,706 basehttp "GET /news/ HTTP/1.1" 200 15252
INFO 2025-10-08 20:44:03,720 basehttp "GET /static/css/main/news.css HTTP/1.1" 200 2382
INFO 2025-10-08 20:45:52,566 basehttp "POST /user/login/ HTTP/1.1" 302 0
INFO 2025-10-08 20:45:52,580 basehttp "GET /user/profile/ HTTP/1.1" 200 7223
INFO 2025-10-08 20:45:52,604 basehttp "GET /static/css/users/profile.css HTTP/1.1" 200 2852
INFO 2025-10-08 20:49:35,459 autoreload Watching for file changes with StatReloader
INFO 2025-10-08 20:50:11,354 autoreload Watching for file changes with StatReloader
INFO 2025-10-08 20:50:12,405 basehttp "GET /user/profile/ HTTP/1.1" 200 7192
INFO 2025-10-08 20:50:12,896 basehttp "GET /static/js/jquery/jquery-3.7.1.min.js HTTP/1.1" 200 87535
INFO 2025-10-08 20:50:12,928 basehttp "GET /media/users/506e8fe625c1f8707cec23d6b130dc08_sqZJoDz.jpeg HTTP/1.1" 200 846399
INFO 2025-10-08 20:50:12,959 basehttp "GET /static/css/users/profile.css HTTP/1.1" 200 2852
INFO 2025-10-08 20:50:12,984 basehttp "GET /static/css/notifications.css HTTP/1.1" 200 746
INFO 2025-10-08 20:50:12,991 basehttp "GET /static/css/base.css HTTP/1.1" 200 4580
INFO 2025-10-08 20:50:12,998 basehttp "GET /static/js/script.js HTTP/1.1" 200 4461
INFO 2025-10-08 20:50:13,024 basehttp "GET /static/icons/animal.ico HTTP/1.1" 200 34453
INFO 2025-10-08 20:50:13,599 basehttp "GET /user/profile/ HTTP/1.1" 200 7192
INFO 2025-10-08 20:50:13,613 basehttp "GET /static/css/base.css HTTP/1.1" 200 4580
INFO 2025-10-08 20:50:13,618 basehttp "GET /static/css/users/profile.css HTTP/1.1" 200 2852
INFO 2025-10-08 20:50:13,619 basehttp "GET /static/css/notifications.css HTTP/1.1" 200 746
INFO 2025-10-08 20:50:13,619 basehttp "GET /static/js/script.js HTTP/1.1" 200 4461
INFO 2025-10-08 20:50:13,622 basehttp "GET /static/js/jquery/jquery-3.7.1.min.js HTTP/1.1" 200 87535
INFO 2025-10-08 20:50:13,629 basehttp "GET /media/users/506e8fe625c1f8707cec23d6b130dc08_sqZJoDz.jpeg HTTP/1.1" 200 846399
INFO 2025-10-08 20:50:13,648 basehttp "GET /static/icons/animal.ico HTTP/1.1" 200 34453
INFO 2025-10-08 20:50:13,999 basehttp "GET /user/profile/ HTTP/1.1" 200 7192
INFO 2025-10-08 20:50:14,014 basehttp "GET /static/css/base.css HTTP/1.1" 200 4580
INFO 2025-10-08 20:50:14,020 basehttp "GET /static/css/users/profile.css HTTP/1.1" 200 2852
INFO 2025-10-08 20:50:14,020 basehttp "GET /static/css/notifications.css HTTP/1.1" 200 746
INFO 2025-10-08 20:50:14,020 basehttp "GET /static/js/script.js HTTP/1.1" 200 4461
INFO 2025-10-08 20:50:14,022 basehttp "GET /static/js/jquery/jquery-3.7.1.min.js HTTP/1.1" 200 87535
INFO 2025-10-08 20:50:14,029 basehttp "GET /media/users/506e8fe625c1f8707cec23d6b130dc08_sqZJoDz.jpeg HTTP/1.1" 200 846399
INFO 2025-10-08 20:50:14,052 basehttp "GET /static/icons/animal.ico HTTP/1.1" 200 34453
INFO 2025-10-08 20:50:14,221 basehttp "GET /user/profile/ HTTP/1.1" 200 7192
INFO 2025-10-08 20:50:14,242 basehttp "GET /static/css/base.css HTTP/1.1" 200 4580
INFO 2025-10-08 20:50:14,250 basehttp "GET /static/css/users/profile.css HTTP/1.1" 200 2852
INFO 2025-10-08 20:50:14,251 basehttp "GET /static/css/notifications.css HTTP/1.1" 200 746
INFO 2025-10-08 20:50:14,252 basehttp "GET /static/js/script.js HTTP/1.1" 200 4461
INFO 2025-10-08 20:50:14,254 basehttp "GET /static/js/jquery/jquery-3.7.1.min.js HTTP/1.1" 200 87535
INFO 2025-10-08 20:50:14,263 basehttp "GET /media/users/506e8fe625c1f8707cec23d6b130dc08_sqZJoDz.jpeg HTTP/1.1" 200 846399
INFO 2025-10-08 20:50:14,288 basehttp "GET /static/icons/animal.ico HTTP/1.1" 200 34453
INFO 2025-10-08 20:50:14,411 basehttp "GET /user/profile/ HTTP/1.1" 200 7192
INFO 2025-10-08 20:50:14,423 basehttp "GET /static/css/base.css HTTP/1.1" 200 4580
INFO 2025-10-08 20:50:14,429 basehttp "GET /static/css/notifications.css HTTP/1.1" 200 746
INFO 2025-10-08 20:50:14,429 basehttp "GET /static/css/users/profile.css HTTP/1.1" 200 2852
INFO 2025-10-08 20:50:14,429 basehttp "GET /static/js/script.js HTTP/1.1" 200 4461
INFO 2025-10-08 20:50:14,431 basehttp "GET /static/js/jquery/jquery-3.7.1.min.js HTTP/1.1" 200 87535
INFO 2025-10-08 20:50:14,449 basehttp "GET /media/users/506e8fe625c1f8707cec23d6b130dc08_sqZJoDz.jpeg HTTP/1.1" 200 846399
INFO 2025-10-08 20:50:14,463 basehttp "GET /static/icons/animal.ico HTTP/1.1" 200 34453
INFO 2025-10-08 20:51:18,475 autoreload Watching for file changes with StatReloader
INFO 2025-10-08 20:51:20,489 basehttp "GET /user/profile/ HTTP/1.1" 200 7192
INFO 2025-10-08 20:51:20,955 basehttp "GET /static/css/base.css HTTP/1.1" 200 4576
INFO 2025-10-08 20:51:20,988 basehttp "GET /media/users/506e8fe625c1f8707cec23d6b130dc08_sqZJoDz.jpeg HTTP/1.1" 200 846399
INFO 2025-10-08 20:51:21,010 basehttp "GET /static/js/jquery/jquery-3.7.1.min.js HTTP/1.1" 200 87535
INFO 2025-10-08 20:51:21,042 basehttp "GET /static/css/users/profile.css HTTP/1.1" 200 2852
INFO 2025-10-08 20:51:21,066 basehttp "GET /static/css/notifications.css HTTP/1.1" 200 746
INFO 2025-10-08 20:51:21,078 basehttp "GET /static/js/script.js HTTP/1.1" 200 4461
INFO 2025-10-08 20:51:21,092 basehttp "GET /static/icons/animal.ico HTTP/1.1" 200 34453
INFO 2025-10-08 20:51:30,809 autoreload Watching for file changes with StatReloader
INFO 2025-10-08 20:51:35,970 basehttp "GET /user/profile/ HTTP/1.1" 200 7192
INFO 2025-10-08 20:51:36,086 basehttp "GET /static/css/base.css HTTP/1.1" 200 4576
INFO 2025-10-08 20:51:44,846 basehttp "GET / HTTP/1.1" 200 11973
INFO 2025-10-08 20:51:44,867 basehttp "GET /static/css/base.css HTTP/1.1" 304 0
INFO 2025-10-08 20:54:45,392 autoreload Watching for file changes with StatReloader
INFO 2025-10-08 20:54:47,813 basehttp "GET / HTTP/1.1" 200 11973
INFO 2025-10-08 20:54:47,970 basehttp "GET /static/css/base.css HTTP/1.1" 200 4633
INFO 2025-10-08 20:55:06,777 autoreload Watching for file changes with StatReloader
INFO 2025-10-08 20:55:10,024 basehttp "GET / HTTP/1.1" 200 11973
INFO 2025-10-08 20:55:10,141 basehttp "GET /static/css/base.css HTTP/1.1" 200 4628
INFO 2025-10-08 20:55:13,511 basehttp "GET /catalog/search/?q= HTTP/1.1" 200 5776
INFO 2025-10-08 20:55:13,531 basehttp "GET /static/css/base.css HTTP/1.1" 304 0
INFO 2025-10-08 20:55:13,536 basehttp "GET /static/css/goods/catalog.css HTTP/1.1" 200 3186
INFO 2025-10-08 20:55:38,216 autoreload Watching for file changes with StatReloader
INFO 2025-10-08 20:55:41,338 basehttp "GET / HTTP/1.1" 200 11973
INFO 2025-10-08 20:55:41,456 basehttp "GET /static/css/base.css HTTP/1.1" 200 4593
INFO 2025-10-08 20:56:01,975 autoreload Watching for file changes with StatReloader
INFO 2025-10-08 20:56:02,601 basehttp "GET / HTTP/1.1" 200 11973
INFO 2025-10-08 20:56:02,737 basehttp "GET /static/css/base.css HTTP/1.1" 200 4654
INFO 2025-10-08 20:56:16,238 autoreload Watching for file changes with StatReloader
INFO 2025-10-08 20:56:16,896 basehttp "GET / HTTP/1.1" 200 11973
INFO 2025-10-08 20:56:17,021 basehttp "GET /static/css/base.css HTTP/1.1" 200 4597
INFO 2025-10-08 20:57:55,379 basehttp "GET /suppliers/ HTTP/1.1" 200 8050
INFO 2025-10-08 20:57:55,402 basehttp "GET /static/css/base.css HTTP/1.1" 304 0
INFO 2025-10-08 20:57:55,408 basehttp "GET /static/css/main/supplier_list.css HTTP/1.1" 200 841
INFO 2025-10-08 20:58:00,190 basehttp "GET /user/users/ HTTP/1.1" 200 10034
INFO 2025-10-08 20:58:00,210 basehttp "GET /static/css/users/user_list.css HTTP/1.1" 200 1599
INFO 2025-10-08 20:58:22,151 basehttp "GET /user/admin_orders/ HTTP/1.1" 200 8566
INFO 2025-10-08 20:58:22,171 basehttp "GET /static/css/base.css HTTP/1.1" 304 0
INFO 2025-10-08 20:58:22,172 basehttp "GET /static/css/users/admin_orders.css HTTP/1.1" 200 892
INFO 2025-10-08 21:30:27,652 autoreload Watching for file changes with StatReloader
INFO 2025-10-08 21:30:28,761 basehttp "GET /user/admin_orders/ HTTP/1.1" 200 8566
INFO 2025-10-08 21:30:29,147 basehttp "GET /static/js/jquery/jquery-3.7.1.min.js HTTP/1.1" 200 87535
INFO 2025-10-08 21:30:29,216 basehttp "GET /static/js/script.js HTTP/1.1" 200 4461
INFO 2025-10-08 21:30:29,226 basehttp "GET /static/css/users/admin_orders.css HTTP/1.1" 200 892
INFO 2025-10-08 21:30:29,233 basehttp "GET /static/css/base.css HTTP/1.1" 200 4597
INFO 2025-10-08 21:30:29,246 basehttp "GET /static/css/notifications.css HTTP/1.1" 200 746
INFO 2025-10-08 21:30:29,275 basehttp "GET /static/icons/animal.ico HTTP/1.1" 200 34453
INFO 2025-10-08 21:30:31,500 basehttp "GET /suppliers/ HTTP/1.1" 200 8121
INFO 2025-10-08 21:34:10,768 autoreload Watching for file changes with StatReloader
INFO 2025-10-08 21:34:17,286 basehttp "GET /suppliers/ HTTP/1.1" 200 8488
INFO 2025-10-08 21:34:17,728 basehttp "GET /static/js/jquery/jquery-3.7.1.min.js HTTP/1.1" 200 87535
INFO 2025-10-08 21:34:17,744 basehttp "GET /static/css/main/supplier_list.css HTTP/1.1" 200 2314
INFO 2025-10-08 21:34:17,755 basehttp "GET /static/css/base.css HTTP/1.1" 200 4597
INFO 2025-10-08 21:34:17,778 basehttp "GET /static/js/script.js HTTP/1.1" 200 4461
INFO 2025-10-08 21:34:17,786 basehttp "GET /static/css/notifications.css HTTP/1.1" 200 746
INFO 2025-10-08 21:34:17,818 basehttp "GET /static/icons/animal.ico HTTP/1.1" 200 34453
INFO 2025-10-08 21:35:45,562 basehttp "GET /suppliers/ HTTP/1.1" 200 8488
INFO 2025-10-08 21:35:45,576 basehttp "GET /static/css/main/supplier_list.css HTTP/1.1" 200 1876
INFO 2025-10-08 21:40:23,436 autoreload Watching for file changes with StatReloader
INFO 2025-10-08 21:40:27,477 basehttp "GET /user/users/ HTTP/1.1" 200 10034
INFO 2025-10-08 21:40:27,498 basehttp "GET /static/css/base.css HTTP/1.1" 304 0
INFO 2025-10-08 21:40:29,612 basehttp "GET /user/users/ HTTP/1.1" 200 10034
INFO 2025-10-08 21:40:37,101 autoreload Watching for file changes with StatReloader
INFO 2025-10-08 21:40:37,753 basehttp "GET /user/admin_orders/ HTTP/1.1" 200 8566
INFO 2025-10-08 21:40:38,447 basehttp "GET /user/users/ HTTP/1.1" 200 10034
INFO 2025-10-08 21:40:40,948 basehttp "GET /user/users/ HTTP/1.1" 200 10034
INFO 2025-10-08 21:40:41,314 basehttp "GET /static/css/notifications.css HTTP/1.1" 200 746
INFO 2025-10-08 21:40:41,336 basehttp "GET /static/css/base.css HTTP/1.1" 200 4597
INFO 2025-10-08 21:40:41,366 basehttp "GET /static/js/jquery/jquery-3.7.1.min.js HTTP/1.1" 200 87535
INFO 2025-10-08 21:40:41,389 basehttp "GET /static/css/users/user_list.css HTTP/1.1" 200 1686
INFO 2025-10-08 21:40:41,393 basehttp "GET /static/js/script.js HTTP/1.1" 200 4461
INFO 2025-10-08 21:40:41,431 basehttp "GET /static/icons/animal.ico HTTP/1.1" 200 34453
INFO 2025-10-08 21:43:12,881 autoreload Watching for file changes with StatReloader
INFO 2025-10-08 21:43:13,431 basehttp "GET /user/admin_orders/ HTTP/1.1" 200 8566
INFO 2025-10-08 21:43:15,016 basehttp "GET /user/admin_orders/ HTTP/1.1" 200 8566
INFO 2025-10-08 21:43:15,409 basehttp "GET /static/css/users/admin_orders.css HTTP/1.1" 200 2115
INFO 2025-10-08 21:43:15,428 basehttp "GET /static/css/notifications.css HTTP/1.1" 200 746
INFO 2025-10-08 21:43:15,441 basehttp "GET /static/css/base.css HTTP/1.1" 200 4597
INFO 2025-10-08 21:43:15,445 basehttp "GET /static/js/script.js HTTP/1.1" 200 4461
INFO 2025-10-08 21:43:15,453 basehttp "GET /static/js/jquery/jquery-3.7.1.min.js HTTP/1.1" 200 87535
INFO 2025-10-08 21:43:15,473 basehttp "GET /static/icons/animal.ico HTTP/1.1" 200 34453
INFO 2025-10-08 21:47:13,766 basehttp "GET /reviews/ HTTP/1.1" 200 9152
INFO 2025-10-08 21:47:13,796 basehttp "GET /static/css/reviews/review_list.css HTTP/1.1" 200 867
INFO 2025-10-08 21:47:21,588 basehttp "GET /suppliers/ HTTP/1.1" 200 8488
INFO 2025-10-08 21:47:21,613 basehttp "GET /static/css/main/supplier_list.css HTTP/1.1" 304 0
INFO 2025-10-08 21:47:22,176 basehttp "GET /user/users/ HTTP/1.1" 200 10034
INFO 2025-10-08 21:47:22,194 basehttp "GET /static/css/users/user_list.css HTTP/1.1" 304 0
INFO 2025-10-08 21:47:22,759 basehttp "GET /user/admin_orders/ HTTP/1.1" 200 8566
INFO 2025-10-08 21:47:22,782 basehttp "GET /static/css/users/admin_orders.css HTTP/1.1" 304 0
INFO 2025-10-08 21:47:23,598 basehttp "GET /user/users/ HTTP/1.1" 200 10034
INFO 2025-10-08 21:47:24,232 basehttp "GET /suppliers/ HTTP/1.1" 200 8488
INFO 2025-10-08 21:47:40,104 basehttp "GET /user/login/ HTTP/1.1" 200 5687
ERROR 2025-10-08 21:47:43,988 log Internal Server Error: /user/registration/
Traceback (most recent call last):
  File "C:\Labs\353504_Antonava_01\STRWEB\LR2\ZooShopApp\.venv\Lib\site-packages\django\core\handlers\exception.py", line 55, in inner
    response = get_response(request)
               ^^^^^^^^^^^^^^^^^^^^^
  File "C:\Labs\353504_Antonava_01\STRWEB\LR2\ZooShopApp\.venv\Lib\site-packages\django\core\handlers\base.py", line 197, in _get_response
    response = wrapped_callback(request, *callback_args, **callback_kwargs)
               ^^^^^^^^^^^^^^^^^^^^^^^^^^^^^^^^^^^^^^^^^^^^^^^^^^^^^^^^^^^^
  File "C:\Labs\353504_Antonava_01\STRWEB\LR2\ZooShopApp\users\views.py", line 55, in registration
    today = date.today()
            ^^^^
NameError: name 'date' is not defined
ERROR 2025-10-08 21:47:43,989 basehttp "GET /user/registration/ HTTP/1.1" 500 73529
WARNING 2025-10-08 21:47:44,066 log Not Found: /favicon.ico
WARNING 2025-10-08 21:47:44,067 basehttp "GET /favicon.ico HTTP/1.1" 404 5761
INFO 2025-10-08 21:47:49,149 basehttp "GET /privacy_policy/ HTTP/1.1" 200 7386
INFO 2025-10-08 21:47:51,257 basehttp "GET / HTTP/1.1" 200 11973
INFO 2025-10-08 21:52:45,328 autoreload Watching for file changes with StatReloader
INFO 2025-10-08 21:56:19,063 autoreload Watching for file changes with StatReloader
INFO 2025-10-08 21:56:20,383 basehttp "GET / HTTP/1.1" 200 12173
INFO 2025-10-08 21:56:20,401 basehttp "GET /static/css/base.css HTTP/1.1" 304 0
INFO 2025-10-08 21:56:25,338 basehttp "GET /user/logout/ HTTP/1.1" 302 0
INFO 2025-10-08 21:56:25,348 basehttp "GET / HTTP/1.1" 200 11233
INFO 2025-10-08 21:56:27,623 basehttp "GET /user/login/ HTTP/1.1" 200 4915
ERROR 2025-10-08 21:56:29,543 log Internal Server Error: /user/registration/
Traceback (most recent call last):
  File "C:\Labs\353504_Antonava_01\STRWEB\LR2\ZooShopApp\.venv\Lib\site-packages\django\core\handlers\exception.py", line 55, in inner
    response = get_response(request)
               ^^^^^^^^^^^^^^^^^^^^^
  File "C:\Labs\353504_Antonava_01\STRWEB\LR2\ZooShopApp\.venv\Lib\site-packages\django\core\handlers\base.py", line 197, in _get_response
    response = wrapped_callback(request, *callback_args, **callback_kwargs)
               ^^^^^^^^^^^^^^^^^^^^^^^^^^^^^^^^^^^^^^^^^^^^^^^^^^^^^^^^^^^^
  File "C:\Labs\353504_Antonava_01\STRWEB\LR2\ZooShopApp\users\views.py", line 55, in registration
    today = date.today()
            ^^^^
NameError: name 'date' is not defined
ERROR 2025-10-08 21:56:29,545 basehttp "GET /user/registration/ HTTP/1.1" 500 73366
INFO 2025-10-08 21:58:33,094 autoreload Watching for file changes with StatReloader
INFO 2025-10-08 21:58:35,745 basehttp "GET /user/registration/ HTTP/1.1" 200 8906
INFO 2025-10-08 21:58:35,893 basehttp "GET /static/css/users/registration.css HTTP/1.1" 200 2722
INFO 2025-10-08 21:59:25,343 basehttp "GET / HTTP/1.1" 200 11201
INFO 2025-10-08 21:59:26,752 basehttp "GET /about/ HTTP/1.1" 200 9452
INFO 2025-10-08 21:59:27,865 basehttp "GET /user/login/ HTTP/1.1" 200 4915
INFO 2025-10-08 21:59:29,993 basehttp "GET /user/registration/ HTTP/1.1" 200 8906
INFO 2025-10-08 21:59:30,013 basehttp "GET /static/css/users/registration.css HTTP/1.1" 304 0
INFO 2025-10-08 22:00:40,741 autoreload Watching for file changes with StatReloader
INFO 2025-10-08 22:00:41,258 basehttp "GET /user/registration/ HTTP/1.1" 200 8906
INFO 2025-10-08 22:00:41,422 basehttp "GET /static/css/users/registration.css HTTP/1.1" 200 2705
INFO 2025-10-08 22:01:05,281 autoreload Watching for file changes with StatReloader
INFO 2025-10-08 22:01:05,751 basehttp "GET /user/registration/ HTTP/1.1" 200 8906
INFO 2025-10-08 22:01:05,888 basehttp "GET /static/css/users/registration.css HTTP/1.1" 200 2552
INFO 2025-10-08 22:03:48,982 autoreload Watching for file changes with StatReloader
INFO 2025-10-08 22:03:50,719 basehttp "GET /user/login/ HTTP/1.1" 200 5006
INFO 2025-10-08 22:03:50,750 basehttp "GET /static/css/base.css HTTP/1.1" 304 0
INFO 2025-10-08 22:03:53,816 basehttp "GET /user/login/ HTTP/1.1" 200 5006
INFO 2025-10-08 22:03:54,193 basehttp "GET /static/js/script.js HTTP/1.1" 200 4461
INFO 2025-10-08 22:03:54,211 basehttp "GET /static/js/jquery/jquery-3.7.1.min.js HTTP/1.1" 200 87535
INFO 2025-10-08 22:03:54,228 basehttp "GET /static/css/users/login.css HTTP/1.1" 200 1901
INFO 2025-10-08 22:03:54,236 basehttp "GET /static/css/base.css HTTP/1.1" 200 4597
INFO 2025-10-08 22:03:54,246 basehttp "GET /static/css/notifications.css HTTP/1.1" 200 746
INFO 2025-10-08 22:03:54,267 basehttp "GET /static/icons/animal.ico HTTP/1.1" 200 34453
INFO 2025-10-08 22:06:29,159 autoreload Watching for file changes with StatReloader
INFO 2025-10-08 22:06:33,160 basehttp "POST /user/login/ HTTP/1.1" 302 0
INFO 2025-10-08 22:06:33,192 basehttp "GET /user/profile/ HTTP/1.1" 200 7423
INFO 2025-10-08 22:06:35,998 basehttp "GET /user/profile/ HTTP/1.1" 200 7392
INFO 2025-10-08 22:06:36,445 basehttp "GET /static/js/jquery/jquery-3.7.1.min.js HTTP/1.1" 200 87535
INFO 2025-10-08 22:06:36,563 basehttp "GET /static/css/users/profile.css HTTP/1.1" 200 3286
INFO 2025-10-08 22:06:36,571 basehttp "GET /static/css/base.css HTTP/1.1" 200 4597
INFO 2025-10-08 22:06:36,620 basehttp "GET /static/js/script.js HTTP/1.1" 200 4461
INFO 2025-10-08 22:06:36,637 basehttp "GET /static/css/notifications.css HTTP/1.1" 200 746
INFO 2025-10-08 22:06:36,656 basehttp "GET /media/users/506e8fe625c1f8707cec23d6b130dc08_sqZJoDz.jpeg HTTP/1.1" 200 846399
INFO 2025-10-08 22:06:36,669 basehttp "GET /static/icons/animal.ico HTTP/1.1" 200 34453
INFO 2025-10-08 22:07:58,361 autoreload Watching for file changes with StatReloader
INFO 2025-10-08 22:07:59,900 basehttp "GET /user/profile/ HTTP/1.1" 200 7392
INFO 2025-10-08 22:08:00,041 basehttp "GET /static/css/users/profile.css HTTP/1.1" 200 3217
INFO 2025-10-08 22:08:06,192 basehttp "POST /user/profile/ HTTP/1.1" 302 0
INFO 2025-10-08 22:08:06,201 basehttp "GET /user/profile/ HTTP/1.1" 200 7434
INFO 2025-10-08 22:08:06,218 basehttp "GET /static/css/users/profile.css HTTP/1.1" 304 0
INFO 2025-10-09 02:02:12,751 autoreload Watching for file changes with StatReloader
INFO 2025-10-09 02:02:13,540 basehttp "GET /user/profile/ HTTP/1.1" 200 7392
INFO 2025-10-09 02:02:13,567 basehttp "GET /static/css/base.css HTTP/1.1" 304 0
INFO 2025-10-09 02:02:13,574 basehttp "GET /static/css/users/profile.css HTTP/1.1" 304 0
INFO 2025-10-09 02:02:15,707 basehttp "GET /user/logout/ HTTP/1.1" 302 0
INFO 2025-10-09 02:02:15,731 basehttp "GET / HTTP/1.1" 200 11233
INFO 2025-10-09 02:02:15,749 basehttp "GET /static/css/main/index.css HTTP/1.1" 304 0
INFO 2025-10-09 02:02:17,358 basehttp "GET /user/login/ HTTP/1.1" 200 5006
INFO 2025-10-09 02:02:17,377 basehttp "GET /static/css/users/login.css HTTP/1.1" 304 0
INFO 2025-10-09 02:02:20,612 basehttp "POST /user/login/ HTTP/1.1" 302 0
INFO 2025-10-09 02:02:20,622 basehttp "GET /user/profile/ HTTP/1.1" 200 7423
INFO 2025-10-09 02:02:35,819 autoreload Watching for file changes with StatReloader
INFO 2025-10-09 02:02:36,376 basehttp "GET /user/profile/ HTTP/1.1" 200 7392
INFO 2025-10-09 02:02:39,328 basehttp "GET /user/logout/ HTTP/1.1" 302 0
INFO 2025-10-09 02:02:39,349 basehttp "GET / HTTP/1.1" 200 11233
INFO 2025-10-09 02:02:41,206 basehttp "GET / HTTP/1.1" 200 11201
INFO 2025-10-09 02:02:41,674 basehttp "GET /static/css/main/index.css HTTP/1.1" 200 5550
INFO 2025-10-09 02:02:41,693 basehttp "GET /static/images/seaweed.png HTTP/1.1" 200 1584444
INFO 2025-10-09 02:02:41,700 basehttp "GET /static/js/jquery/jquery-3.7.1.min.js HTTP/1.1" 200 87535
INFO 2025-10-09 02:02:41,704 basehttp "GET /static/js/script.js HTTP/1.1" 200 4461
INFO 2025-10-09 02:02:41,708 basehttp "GET /static/icons/animal.ico HTTP/1.1" 200 34453
INFO 2025-10-09 02:02:41,712 basehttp "GET /static/images/banner1.jpg HTTP/1.1" 200 42882
INFO 2025-10-09 02:02:41,715 basehttp "GET /static/images/banner2.jpg HTTP/1.1" 200 15668
INFO 2025-10-09 02:02:41,719 basehttp "GET /static/images/banner3.jpg HTTP/1.1" 200 8842
INFO 2025-10-09 02:02:41,722 basehttp "GET /media/partners/baseavatar.jpg HTTP/1.1" 200 13823
INFO 2025-10-09 02:02:41,726 basehttp "GET /media/partners/baseavatar_64wQ8mi.jpg HTTP/1.1" 200 13823
INFO 2025-10-09 02:02:41,729 basehttp "GET /media/partners/baseavatar_xg5AIgP.jpg HTTP/1.1" 200 13823
INFO 2025-10-09 02:02:41,744 basehttp "GET /static/css/notifications.css HTTP/1.1" 200 773
INFO 2025-10-09 02:02:41,745 basehttp "GET /static/images/fish1.png HTTP/1.1" 200 2205819
INFO 2025-10-09 02:02:41,772 basehttp "GET /static/css/footer.css HTTP/1.1" 200 701
INFO 2025-10-09 02:02:41,776 basehttp "GET /static/css/base.css HTTP/1.1" 200 4597
INFO 2025-10-09 02:02:41,803 basehttp "GET /static/images/fish2.png HTTP/1.1" 200 1352197
INFO 2025-10-09 02:02:41,822 basehttp "GET /static/icons/animal.ico HTTP/1.1" 200 34453
INFO 2025-10-09 02:02:43,083 basehttp "GET /user/login/ HTTP/1.1" 200 5006
INFO 2025-10-09 02:02:43,102 basehttp "GET /static/css/notifications.css HTTP/1.1" 304 0
INFO 2025-10-09 02:02:45,476 basehttp "POST /user/login/ HTTP/1.1" 302 0
INFO 2025-10-09 02:02:45,488 basehttp "GET /user/profile/ HTTP/1.1" 200 7423
INFO 2025-10-09 02:02:45,511 basehttp "GET /static/css/notifications.css HTTP/1.1" 304 0
INFO 2025-10-09 02:02:56,172 autoreload Watching for file changes with StatReloader
INFO 2025-10-09 02:02:56,812 basehttp "GET /user/profile/ HTTP/1.1" 200 7392
INFO 2025-10-09 02:02:57,111 basehttp "GET /static/css/base.css HTTP/1.1" 200 4597
INFO 2025-10-09 02:02:57,180 basehttp "GET /media/users/506e8fe625c1f8707cec23d6b130dc08_sqZJoDz.jpeg HTTP/1.1" 200 846399
INFO 2025-10-09 02:02:57,192 basehttp "GET /static/css/users/profile.css HTTP/1.1" 200 3217
INFO 2025-10-09 02:02:57,207 basehttp "GET /static/css/notifications.css HTTP/1.1" 200 772
INFO 2025-10-09 02:02:57,397 basehttp "GET /static/js/script.js HTTP/1.1" 200 4461
INFO 2025-10-09 02:02:57,404 basehttp "GET /static/js/jquery/jquery-3.7.1.min.js HTTP/1.1" 200 87535
INFO 2025-10-09 02:02:57,419 basehttp "GET /static/icons/animal.ico HTTP/1.1" 200 34453
INFO 2025-10-09 02:02:59,436 basehttp "GET /user/logout/ HTTP/1.1" 302 0
INFO 2025-10-09 02:02:59,454 basehttp "GET / HTTP/1.1" 200 11233
INFO 2025-10-09 02:02:59,475 basehttp "GET /static/css/notifications.css HTTP/1.1" 304 0
INFO 2025-10-09 02:03:07,405 autoreload Watching for file changes with StatReloader
INFO 2025-10-09 02:03:10,247 basehttp "GET / HTTP/1.1" 200 11201
INFO 2025-10-09 02:03:10,709 basehttp "GET /static/css/base.css HTTP/1.1" 200 4597
INFO 2025-10-09 02:03:10,733 basehttp "GET /static/css/notifications.css HTTP/1.1" 200 772
INFO 2025-10-09 02:03:10,740 basehttp "GET /static/js/jquery/jquery-3.7.1.min.js HTTP/1.1" 200 87535
INFO 2025-10-09 02:03:10,744 basehttp "GET /static/js/script.js HTTP/1.1" 200 4461
INFO 2025-10-09 02:03:10,749 basehttp "GET /static/icons/animal.ico HTTP/1.1" 200 34453
INFO 2025-10-09 02:03:10,751 basehttp "GET /static/images/seaweed.png HTTP/1.1" 200 1584444
INFO 2025-10-09 02:03:10,756 basehttp "GET /static/images/banner1.jpg HTTP/1.1" 200 42882
INFO 2025-10-09 02:03:10,757 basehttp "GET /static/images/banner2.jpg HTTP/1.1" 200 15668
INFO 2025-10-09 02:03:10,761 basehttp "GET /static/images/banner3.jpg HTTP/1.1" 200 8842
INFO 2025-10-09 02:03:10,761 basehttp "GET /media/partners/baseavatar.jpg HTTP/1.1" 200 13823
INFO 2025-10-09 02:03:10,764 basehttp "GET /media/partners/baseavatar_64wQ8mi.jpg HTTP/1.1" 200 13823
INFO 2025-10-09 02:03:10,765 basehttp "GET /media/partners/baseavatar_xg5AIgP.jpg HTTP/1.1" 200 13823
INFO 2025-10-09 02:03:10,775 basehttp "GET /static/css/footer.css HTTP/1.1" 200 701
INFO 2025-10-09 02:03:10,804 basehttp "GET /static/css/main/index.css HTTP/1.1" 200 5550
INFO 2025-10-09 02:03:10,847 basehttp "GET /static/images/fish1.png HTTP/1.1" 200 2205819
INFO 2025-10-09 02:03:10,853 basehttp "GET /static/images/fish2.png HTTP/1.1" 200 1352197
INFO 2025-10-09 02:03:10,862 basehttp "GET /static/icons/animal.ico HTTP/1.1" 200 34453
INFO 2025-10-09 02:03:11,374 basehttp "GET / HTTP/1.1" 200 11201
INFO 2025-10-09 02:03:11,387 basehttp "GET /static/css/base.css HTTP/1.1" 200 4597
INFO 2025-10-09 02:03:11,393 basehttp "GET /static/css/main/index.css HTTP/1.1" 200 5550
INFO 2025-10-09 02:03:11,399 basehttp "GET /static/css/notifications.css HTTP/1.1" 200 772
INFO 2025-10-09 02:03:11,399 basehttp "GET /static/css/footer.css HTTP/1.1" 200 701
INFO 2025-10-09 02:03:11,402 basehttp "GET /static/js/jquery/jquery-3.7.1.min.js HTTP/1.1" 200 87535
INFO 2025-10-09 02:03:11,406 basehttp "GET /static/js/script.js HTTP/1.1" 200 4461
INFO 2025-10-09 02:03:11,407 basehttp "GET /static/icons/animal.ico HTTP/1.1" 200 34453
INFO 2025-10-09 02:03:11,411 basehttp "GET /static/images/banner1.jpg HTTP/1.1" 200 42882
INFO 2025-10-09 02:03:11,418 basehttp "GET /static/images/banner2.jpg HTTP/1.1" 200 15668
INFO 2025-10-09 02:03:11,420 basehttp "GET /static/images/banner3.jpg HTTP/1.1" 200 8842
INFO 2025-10-09 02:03:11,433 basehttp "GET /media/partners/baseavatar.jpg HTTP/1.1" 200 13823
INFO 2025-10-09 02:03:11,440 basehttp "GET /media/partners/baseavatar_xg5AIgP.jpg HTTP/1.1" 200 13823
INFO 2025-10-09 02:03:11,441 basehttp "GET /media/partners/baseavatar_64wQ8mi.jpg HTTP/1.1" 200 13823
INFO 2025-10-09 02:03:11,443 basehttp "GET /static/images/seaweed.png HTTP/1.1" 200 1584444
INFO 2025-10-09 02:03:11,446 basehttp "GET /static/images/fish2.png HTTP/1.1" 200 1352197
INFO 2025-10-09 02:03:11,454 basehttp "GET /static/images/fish1.png HTTP/1.1" 200 2205819
INFO 2025-10-09 02:03:12,125 basehttp "GET /static/icons/animal.ico HTTP/1.1" 200 34453
INFO 2025-10-09 02:03:13,411 basehttp "GET /user/login/ HTTP/1.1" 200 5006
INFO 2025-10-09 02:03:13,433 basehttp "GET /static/css/notifications.css HTTP/1.1" 304 0
INFO 2025-10-09 02:03:15,540 basehttp "POST /user/login/ HTTP/1.1" 302 0
INFO 2025-10-09 02:03:15,562 basehttp "GET /user/profile/ HTTP/1.1" 200 7423
INFO 2025-10-09 02:03:15,585 basehttp "GET /static/css/notifications.css HTTP/1.1" 304 0
INFO 2025-10-09 02:04:55,896 autoreload Watching for file changes with StatReloader
INFO 2025-10-09 02:04:59,923 basehttp "GET / HTTP/1.1" 200 12173
INFO 2025-10-09 02:04:59,941 basehttp "GET /static/css/notifications.css HTTP/1.1" 304 0
INFO 2025-10-09 02:05:02,239 basehttp "GET /analytics/ HTTP/1.1" 200 8514
INFO 2025-10-09 02:05:02,588 basehttp "GET /media/charts/korm.png HTTP/1.1" 200 29446
INFO 2025-10-09 02:05:02,598 basehttp "GET /media/charts/igrushki.png HTTP/1.1" 200 26189
INFO 2025-10-09 02:05:02,613 basehttp "GET /media/charts/all.png HTTP/1.1" 200 33023
INFO 2025-10-09 02:05:02,617 basehttp "GET /media/charts/aksessuary.png HTTP/1.1" 200 22613
INFO 2025-10-09 02:08:21,089 autoreload Watching for file changes with StatReloader
INFO 2025-10-09 02:08:22,413 basehttp "GET /analytics/ HTTP/1.1" 200 8487
INFO 2025-10-09 02:08:22,864 basehttp "GET /static/css/analytics/statistics.css HTTP/1.1" 200 3757
INFO 2025-10-09 02:08:22,869 basehttp "GET /media/charts/igrushki.png HTTP/1.1" 200 26189
INFO 2025-10-09 02:08:22,874 basehttp "GET /static/js/jquery/jquery-3.7.1.min.js HTTP/1.1" 200 87535
INFO 2025-10-09 02:08:22,878 basehttp "GET /static/js/script.js HTTP/1.1" 200 4461
INFO 2025-10-09 02:08:22,905 basehttp "GET /static/css/notifications.css HTTP/1.1" 200 772
INFO 2025-10-09 02:08:22,942 basehttp "GET /media/charts/korm.png HTTP/1.1" 200 29446
INFO 2025-10-09 02:08:22,955 basehttp "GET /media/charts/all.png HTTP/1.1" 200 33023
INFO 2025-10-09 02:08:22,969 basehttp "GET /static/css/base.css HTTP/1.1" 200 4597
INFO 2025-10-09 02:08:22,981 basehttp "GET /media/charts/aksessuary.png HTTP/1.1" 200 22613
INFO 2025-10-09 02:08:23,004 basehttp "GET /static/icons/animal.ico HTTP/1.1" 200 34453
INFO 2025-10-09 02:11:47,586 basehttp "GET /analytics/ HTTP/1.1" 200 8487
INFO 2025-10-09 02:11:47,609 basehttp "GET /static/css/analytics/statistics.css HTTP/1.1" 200 3194
INFO 2025-10-09 02:11:47,622 basehttp "GET /static/css/notifications.css HTTP/1.1" 304 0
INFO 2025-10-09 02:11:47,622 basehttp "GET /media/charts/all.png HTTP/1.1" 200 33023
INFO 2025-10-09 02:11:47,623 basehttp "GET /media/charts/korm.png HTTP/1.1" 200 29446
INFO 2025-10-09 02:11:47,624 basehttp "GET /media/charts/aksessuary.png HTTP/1.1" 200 22613
INFO 2025-10-09 02:11:47,624 basehttp "GET /media/charts/igrushki.png HTTP/1.1" 200 26189
INFO 2025-10-09 02:11:48,525 basehttp "GET /reviews/ HTTP/1.1" 200 9352
INFO 2025-10-09 02:11:59,008 basehttp "GET /user/profile/ HTTP/1.1" 200 7392
INFO 2025-10-09 02:12:01,761 basehttp "GET /user/profile/ HTTP/1.1" 200 7392
INFO 2025-10-09 02:12:04,090 basehttp "GET /reviews/ HTTP/1.1" 200 9352
INFO 2025-10-09 02:12:04,105 basehttp "GET /static/css/base.css HTTP/1.1" 200 4597
INFO 2025-10-09 02:12:04,111 basehttp "GET /static/css/reviews/review_list.css HTTP/1.1" 200 2319
INFO 2025-10-09 02:12:04,112 basehttp "GET /static/js/script.js HTTP/1.1" 200 4461
INFO 2025-10-09 02:12:04,113 basehttp "GET /static/css/notifications.css HTTP/1.1" 200 772
INFO 2025-10-09 02:12:04,115 basehttp "GET /static/js/jquery/jquery-3.7.1.min.js HTTP/1.1" 200 87535
INFO 2025-10-09 02:12:04,141 basehttp "GET /static/icons/animal.ico HTTP/1.1" 200 34453
INFO 2025-10-09 02:15:24,339 autoreload Watching for file changes with StatReloader
INFO 2025-10-09 02:15:25,104 basehttp "GET /reviews/ HTTP/1.1" 200 9352
INFO 2025-10-09 02:15:25,473 basehttp "GET /static/css/base.css HTTP/1.1" 200 4597
INFO 2025-10-09 02:15:25,479 basehttp "GET /static/js/jquery/jquery-3.7.1.min.js HTTP/1.1" 200 87535
INFO 2025-10-09 02:15:25,500 basehttp "GET /static/css/notifications.css HTTP/1.1" 200 772
INFO 2025-10-09 02:15:25,505 basehttp "GET /static/css/reviews/review_list.css HTTP/1.1" 200 1608
INFO 2025-10-09 02:15:25,602 basehttp "GET /static/js/script.js HTTP/1.1" 200 4461
INFO 2025-10-09 02:15:25,622 basehttp "GET /static/icons/animal.ico HTTP/1.1" 200 34453
INFO 2025-10-09 02:15:31,029 basehttp "GET /news/ HTTP/1.1" 200 15201
INFO 2025-10-09 02:15:31,074 basehttp "GET /static/css/base.css HTTP/1.1" 200 4597
INFO 2025-10-09 02:15:31,075 basehttp "GET /static/css/main/news.css HTTP/1.1" 200 2382
INFO 2025-10-09 02:15:31,080 basehttp "GET /static/css/footer.css HTTP/1.1" 200 701
INFO 2025-10-09 02:15:31,080 basehttp "GET /static/css/notifications.css HTTP/1.1" 200 772
INFO 2025-10-09 02:15:31,110 basehttp "GET /static/js/script.js HTTP/1.1" 200 4461
INFO 2025-10-09 02:15:31,112 basehttp "GET /static/js/jquery/jquery-3.7.1.min.js HTTP/1.1" 200 87535
INFO 2025-10-09 02:15:32,492 basehttp "GET / HTTP/1.1" 200 12173
INFO 2025-10-09 02:15:32,502 basehttp "GET /static/css/main/index.css HTTP/1.1" 304 0
INFO 2025-10-09 02:15:45,756 basehttp "GET /user/profile/ HTTP/1.1" 200 7392
INFO 2025-10-09 02:15:47,227 basehttp "GET /reviews/add/ HTTP/1.1" 200 5688
INFO 2025-10-09 02:15:47,249 basehttp "GET /static/css/reviews/add_review.css HTTP/1.1" 200 2698
INFO 2025-10-09 02:16:34,142 autoreload Watching for file changes with StatReloader
INFO 2025-10-09 02:16:36,681 basehttp "GET /reviews/add/ HTTP/1.1" 200 5688
INFO 2025-10-09 02:16:37,084 basehttp "GET /static/css/base.css HTTP/1.1" 200 4597
INFO 2025-10-09 02:16:37,114 basehttp "GET /static/css/reviews/add_review.css HTTP/1.1" 200 2088
INFO 2025-10-09 02:16:37,159 basehttp "GET /static/js/script.js HTTP/1.1" 200 4461
INFO 2025-10-09 02:16:37,173 basehttp "GET /static/js/jquery/jquery-3.7.1.min.js HTTP/1.1" 200 87535
INFO 2025-10-09 02:16:37,176 basehttp "GET /static/css/notifications.css HTTP/1.1" 200 772
INFO 2025-10-09 02:16:37,194 basehttp "GET /static/icons/animal.ico HTTP/1.1" 200 34453
INFO 2025-10-09 02:16:50,462 basehttp "POST /reviews/add/ HTTP/1.1" 302 0
INFO 2025-10-09 02:16:50,488 basehttp "GET /reviews/ HTTP/1.1" 200 9673
INFO 2025-10-09 02:16:50,511 basehttp "GET /static/css/reviews/review_list.css HTTP/1.1" 304 0
INFO 2025-10-09 02:23:54,334 autoreload Watching for file changes with StatReloader
INFO 2025-10-09 02:23:55,122 basehttp "GET /reviews/ HTTP/1.1" 200 9673
INFO 2025-10-09 02:23:55,523 basehttp "GET /static/js/jquery/jquery-3.7.1.min.js HTTP/1.1" 200 87535
INFO 2025-10-09 02:23:55,563 basehttp "GET /static/css/base.css HTTP/1.1" 200 4949
INFO 2025-10-09 02:23:55,575 basehttp "GET /static/css/reviews/review_list.css HTTP/1.1" 200 1608
INFO 2025-10-09 02:23:55,608 basehttp "GET /static/css/notifications.css HTTP/1.1" 200 772
INFO 2025-10-09 02:23:55,611 basehttp "GET /static/js/script.js HTTP/1.1" 200 4461
INFO 2025-10-09 02:23:55,639 basehttp "GET /static/icons/animal.ico HTTP/1.1" 200 34453
INFO 2025-10-09 02:23:57,721 basehttp "GET /user/logout/ HTTP/1.1" 302 0
INFO 2025-10-09 02:23:57,730 basehttp "GET / HTTP/1.1" 200 11233
INFO 2025-10-09 02:23:58,906 basehttp "GET /user/login/ HTTP/1.1" 200 5006
INFO 2025-10-09 02:24:00,135 basehttp "GET /user/registration/ HTTP/1.1" 200 8906
INFO 2025-10-09 02:24:00,154 basehttp "GET /static/css/users/registration.css HTTP/1.1" 200 2951
INFO 2025-10-09 02:24:16,602 basehttp "GET / HTTP/1.1" 200 11201
INFO 2025-10-09 02:24:18,366 basehttp "GET /user/login/ HTTP/1.1" 200 5006
INFO 2025-10-09 02:24:19,668 basehttp "GET /user/registration/ HTTP/1.1" 200 8906
INFO 2025-10-09 02:24:19,686 basehttp "GET /static/css/base.css HTTP/1.1" 304 0
INFO 2025-10-09 02:24:19,694 basehttp "GET /static/css/users/registration.css HTTP/1.1" 304 0
INFO 2025-10-09 02:24:23,384 basehttp "GET /user/login/ HTTP/1.1" 200 5006
INFO 2025-10-09 02:24:24,257 basehttp "GET /user/registration/ HTTP/1.1" 200 8906
INFO 2025-10-09 02:24:24,296 basehttp "GET /static/css/users/registration.css HTTP/1.1" 304 0
INFO 2025-10-09 02:25:00,714 autoreload Watching for file changes with StatReloader
INFO 2025-10-09 02:25:24,857 autoreload Watching for file changes with StatReloader
INFO 2025-10-09 02:25:28,833 basehttp "GET /user/registration/ HTTP/1.1" 200 8906
INFO 2025-10-09 02:25:29,265 basehttp "GET /static/css/users/registration.css HTTP/1.1" 200 2782
INFO 2025-10-09 02:25:29,294 basehttp "GET /static/js/jquery/jquery-3.7.1.min.js HTTP/1.1" 200 87535
INFO 2025-10-09 02:25:29,312 basehttp "GET /static/css/base.css HTTP/1.1" 200 4949
INFO 2025-10-09 02:25:29,321 basehttp "GET /static/js/script.js HTTP/1.1" 200 4461
INFO 2025-10-09 02:25:29,331 basehttp "GET /static/css/notifications.css HTTP/1.1" 200 772
INFO 2025-10-09 02:25:29,356 basehttp "GET /static/icons/animal.ico HTTP/1.1" 200 34453
INFO 2025-10-09 02:25:46,239 basehttp "GET /user/login/ HTTP/1.1" 200 5006
INFO 2025-10-09 02:25:47,568 basehttp "GET /user/login/ HTTP/1.1" 200 5006
INFO 2025-10-09 02:25:54,215 basehttp "GET /user/registration/ HTTP/1.1" 200 8906
INFO 2025-10-09 02:25:54,244 basehttp "GET /static/css/users/registration.css HTTP/1.1" 304 0
INFO 2025-10-09 02:25:59,329 basehttp "GET /user/login/ HTTP/1.1" 200 5006
INFO 2025-10-09 02:25:59,344 basehttp "GET /static/css/base.css HTTP/1.1" 200 4949
INFO 2025-10-09 02:25:59,351 basehttp "GET /static/js/script.js HTTP/1.1" 200 4461
INFO 2025-10-09 02:25:59,351 basehttp "GET /static/css/notifications.css HTTP/1.1" 200 772
INFO 2025-10-09 02:25:59,353 basehttp "GET /static/css/users/login.css HTTP/1.1" 200 2068
INFO 2025-10-09 02:25:59,355 basehttp "GET /static/js/jquery/jquery-3.7.1.min.js HTTP/1.1" 200 87535
INFO 2025-10-09 02:25:59,382 basehttp "GET /static/icons/animal.ico HTTP/1.1" 200 34453
INFO 2025-10-09 02:26:03,364 basehttp "GET /user/registration/ HTTP/1.1" 200 8906
INFO 2025-10-09 02:26:03,384 basehttp "GET /static/css/users/registration.css HTTP/1.1" 304 0
INFO 2025-10-09 02:26:06,892 basehttp "GET /user/login/ HTTP/1.1" 200 5006
INFO 2025-10-09 02:26:06,907 basehttp "GET /static/css/users/login.css HTTP/1.1" 304 0
INFO 2025-10-09 02:26:08,177 basehttp "GET /user/login/ HTTP/1.1" 200 5006
INFO 2025-10-09 02:26:11,663 basehttp "GET /user/login/ HTTP/1.1" 200 5006
INFO 2025-10-09 02:26:11,678 basehttp "GET /static/css/base.css HTTP/1.1" 200 4949
INFO 2025-10-09 02:26:11,684 basehttp "GET /static/css/users/login.css HTTP/1.1" 200 2068
INFO 2025-10-09 02:26:11,686 basehttp "GET /static/css/notifications.css HTTP/1.1" 200 772
INFO 2025-10-09 02:26:11,686 basehttp "GET /static/js/script.js HTTP/1.1" 200 4461
INFO 2025-10-09 02:26:11,688 basehttp "GET /static/js/jquery/jquery-3.7.1.min.js HTTP/1.1" 200 87535
INFO 2025-10-09 02:26:11,717 basehttp "GET /static/icons/animal.ico HTTP/1.1" 200 34453
INFO 2025-10-09 02:26:15,004 basehttp "GET / HTTP/1.1" 200 11201
INFO 2025-10-09 02:26:16,381 basehttp "GET / HTTP/1.1" 200 11201
INFO 2025-10-09 02:26:18,165 basehttp "GET /user/login/ HTTP/1.1" 200 5006
INFO 2025-10-09 02:26:18,184 basehttp "GET /static/css/users/login.css HTTP/1.1" 304 0
INFO 2025-10-09 02:26:20,377 basehttp "GET / HTTP/1.1" 200 11201
INFO 2025-10-09 02:28:54,893 basehttp "GET / HTTP/1.1" 200 11201
INFO 2025-10-09 02:28:54,910 basehttp "GET /static/css/base.css HTTP/1.1" 200 5017
INFO 2025-10-09 02:28:54,918 basehttp "GET /static/css/main/index.css HTTP/1.1" 200 5550
INFO 2025-10-09 02:28:54,921 basehttp "GET /static/css/footer.css HTTP/1.1" 200 701
INFO 2025-10-09 02:28:54,923 basehttp "GET /static/css/notifications.css HTTP/1.1" 200 772
INFO 2025-10-09 02:28:54,941 basehttp "GET /static/js/script.js HTTP/1.1" 200 4461
INFO 2025-10-09 02:28:54,943 basehttp "GET /static/icons/animal.ico HTTP/1.1" 200 34453
INFO 2025-10-09 02:28:54,949 basehttp "GET /static/js/jquery/jquery-3.7.1.min.js HTTP/1.1" 200 87535
INFO 2025-10-09 02:28:54,950 basehttp "GET /static/images/banner2.jpg HTTP/1.1" 200 15668
INFO 2025-10-09 02:28:54,952 basehttp "GET /static/images/banner3.jpg HTTP/1.1" 200 8842
INFO 2025-10-09 02:28:54,964 basehttp "GET /static/images/banner1.jpg HTTP/1.1" 200 42882
INFO 2025-10-09 02:28:54,982 basehttp "GET /media/partners/baseavatar.jpg HTTP/1.1" 200 13823
INFO 2025-10-09 02:28:54,982 basehttp "GET /media/partners/baseavatar_64wQ8mi.jpg HTTP/1.1" 200 13823
INFO 2025-10-09 02:28:54,985 basehttp "GET /static/images/fish2.png HTTP/1.1" 200 1352197
INFO 2025-10-09 02:28:54,987 basehttp "GET /media/partners/baseavatar_xg5AIgP.jpg HTTP/1.1" 200 13823
INFO 2025-10-09 02:28:54,988 basehttp "GET /static/images/seaweed.png HTTP/1.1" 200 1584444
INFO 2025-10-09 02:28:54,996 basehttp "GET /static/images/fish1.png HTTP/1.1" 200 2205819
INFO 2025-10-09 02:28:56,198 basehttp "GET /static/icons/animal.ico HTTP/1.1" 200 34453
INFO 2025-10-09 02:28:56,591 basehttp "GET / HTTP/1.1" 200 11201
INFO 2025-10-09 02:28:56,605 basehttp "GET /static/css/base.css HTTP/1.1" 304 0
INFO 2025-10-09 02:28:57,869 basehttp "GET / HTTP/1.1" 200 11201
INFO 2025-10-09 02:28:57,882 basehttp "GET /static/css/base.css HTTP/1.1" 304 0
INFO 2025-10-09 02:28:59,179 basehttp "GET / HTTP/1.1" 200 11201
INFO 2025-10-09 02:28:59,193 basehttp "GET /static/css/base.css HTTP/1.1" 200 5017
INFO 2025-10-09 02:28:59,201 basehttp "GET /static/css/footer.css HTTP/1.1" 200 701
INFO 2025-10-09 02:28:59,202 basehttp "GET /static/css/main/index.css HTTP/1.1" 200 5550
INFO 2025-10-09 02:28:59,204 basehttp "GET /static/css/notifications.css HTTP/1.1" 200 772
INFO 2025-10-09 02:28:59,208 basehttp "GET /static/js/script.js HTTP/1.1" 200 4461
INFO 2025-10-09 02:28:59,210 basehttp "GET /static/icons/animal.ico HTTP/1.1" 200 34453
INFO 2025-10-09 02:28:59,212 basehttp "GET /static/js/jquery/jquery-3.7.1.min.js HTTP/1.1" 200 87535
INFO 2025-10-09 02:28:59,216 basehttp "GET /static/images/banner2.jpg HTTP/1.1" 200 15668
INFO 2025-10-09 02:28:59,216 basehttp "GET /static/images/banner1.jpg HTTP/1.1" 200 42882
INFO 2025-10-09 02:28:59,226 basehttp "GET /static/images/banner3.jpg HTTP/1.1" 200 8842
INFO 2025-10-09 02:28:59,232 basehttp "GET /media/partners/baseavatar.jpg HTTP/1.1" 200 13823
INFO 2025-10-09 02:28:59,233 basehttp "GET /media/partners/baseavatar_64wQ8mi.jpg HTTP/1.1" 200 13823
INFO 2025-10-09 02:28:59,238 basehttp "GET /media/partners/baseavatar_xg5AIgP.jpg HTTP/1.1" 200 13823
INFO 2025-10-09 02:28:59,245 basehttp "GET /static/images/fish2.png HTTP/1.1" 200 1352197
INFO 2025-10-09 02:28:59,248 basehttp "GET /static/images/seaweed.png HTTP/1.1" 200 1584444
INFO 2025-10-09 02:28:59,260 basehttp "GET /static/images/fish1.png HTTP/1.1" 200 2205819
INFO 2025-10-09 02:28:59,369 basehttp "GET /static/icons/animal.ico HTTP/1.1" 200 34453
INFO 2025-10-09 02:29:00,936 basehttp "GET / HTTP/1.1" 200 11201
INFO 2025-10-09 02:29:00,950 basehttp "GET /static/css/base.css HTTP/1.1" 304 0
INFO 2025-10-09 02:31:19,186 autoreload Watching for file changes with StatReloader
INFO 2025-10-09 02:31:21,332 basehttp "GET / HTTP/1.1" 200 11276
INFO 2025-10-09 02:31:21,783 basehttp "GET /static/css/notifications.css HTTP/1.1" 200 772
INFO 2025-10-09 02:31:21,803 basehttp "GET /static/images/seaweed.png HTTP/1.1" 200 1584444
INFO 2025-10-09 02:31:21,808 basehttp "GET /static/js/jquery/jquery-3.7.1.min.js HTTP/1.1" 200 87535
INFO 2025-10-09 02:31:21,811 basehttp "GET /static/js/script.js HTTP/1.1" 200 4461
INFO 2025-10-09 02:31:21,814 basehttp "GET /static/icons/animal.ico HTTP/1.1" 200 34453
INFO 2025-10-09 02:31:21,817 basehttp "GET /static/images/banner1.jpg HTTP/1.1" 200 42882
INFO 2025-10-09 02:31:21,820 basehttp "GET /static/images/banner2.jpg HTTP/1.1" 200 15668
INFO 2025-10-09 02:31:21,822 basehttp "GET /static/images/banner3.jpg HTTP/1.1" 200 8842
INFO 2025-10-09 02:31:21,825 basehttp "GET /media/partners/baseavatar.jpg HTTP/1.1" 200 13823
INFO 2025-10-09 02:31:21,827 basehttp "GET /media/partners/baseavatar_64wQ8mi.jpg HTTP/1.1" 200 13823
INFO 2025-10-09 02:31:21,830 basehttp "GET /media/partners/baseavatar_xg5AIgP.jpg HTTP/1.1" 200 13823
INFO 2025-10-09 02:31:21,844 basehttp "GET /static/css/main/index.css HTTP/1.1" 200 5550
INFO 2025-10-09 02:31:21,896 basehttp "GET /static/css/base.css HTTP/1.1" 200 5016
INFO 2025-10-09 02:31:21,924 basehttp "GET /static/images/fish1.png HTTP/1.1" 200 2205819
INFO 2025-10-09 02:31:21,934 basehttp "GET /static/css/footer.css HTTP/1.1" 200 701
INFO 2025-10-09 02:31:21,965 basehttp "GET /static/images/fish2.png HTTP/1.1" 200 1352197
INFO 2025-10-09 02:31:21,981 basehttp "GET /static/icons/animal.ico HTTP/1.1" 200 34453
INFO 2025-10-09 02:31:23,676 basehttp "GET / HTTP/1.1" 200 11276
INFO 2025-10-09 02:31:27,588 basehttp "GET /news/ HTTP/1.1" 200 13716
INFO 2025-10-09 02:31:27,609 basehttp "GET /static/css/base.css HTTP/1.1" 304 0
INFO 2025-10-09 02:31:27,617 basehttp "GET /static/css/main/news.css HTTP/1.1" 304 0
INFO 2025-10-09 02:31:32,256 basehttp "GET /news/ HTTP/1.1" 200 15090
INFO 2025-10-09 02:31:32,276 basehttp "GET /static/css/base.css HTTP/1.1" 200 5016
INFO 2025-10-09 02:31:32,282 basehttp "GET /static/css/footer.css HTTP/1.1" 200 701
INFO 2025-10-09 02:31:32,282 basehttp "GET /static/css/notifications.css HTTP/1.1" 200 772
INFO 2025-10-09 02:31:32,282 basehttp "GET /static/css/main/news.css HTTP/1.1" 200 2382
INFO 2025-10-09 02:31:32,286 basehttp "GET /static/js/script.js HTTP/1.1" 200 4461
INFO 2025-10-09 02:31:32,288 basehttp "GET /static/js/jquery/jquery-3.7.1.min.js HTTP/1.1" 200 87535
INFO 2025-10-09 02:31:33,475 basehttp "GET / HTTP/1.1" 200 11276
INFO 2025-10-09 02:31:35,103 basehttp "GET / HTTP/1.1" 200 11276
INFO 2025-10-09 02:33:22,403 autoreload Watching for file changes with StatReloader
INFO 2025-10-09 02:33:22,977 basehttp "GET / HTTP/1.1" 200 11380
INFO 2025-10-09 02:33:23,294 basehttp "GET /static/css/base.css HTTP/1.1" 200 5016
INFO 2025-10-09 02:33:23,308 basehttp "GET /static/images/seaweed.png HTTP/1.1" 200 1584444
INFO 2025-10-09 02:33:23,311 basehttp "GET /static/js/jquery/jquery-3.7.1.min.js HTTP/1.1" 200 87535
INFO 2025-10-09 02:33:23,315 basehttp "GET /static/js/script.js HTTP/1.1" 200 4461
INFO 2025-10-09 02:33:23,318 basehttp "GET /static/icons/animal.ico HTTP/1.1" 200 34453
INFO 2025-10-09 02:33:23,321 basehttp "GET /static/images/banner1.jpg HTTP/1.1" 200 42882
INFO 2025-10-09 02:33:23,331 basehttp "GET /static/images/banner2.jpg HTTP/1.1" 200 15668
INFO 2025-10-09 02:33:23,333 basehttp "GET /static/images/banner3.jpg HTTP/1.1" 200 8842
INFO 2025-10-09 02:33:23,336 basehttp "GET /media/partners/baseavatar.jpg HTTP/1.1" 200 13823
INFO 2025-10-09 02:33:23,338 basehttp "GET /media/partners/baseavatar_64wQ8mi.jpg HTTP/1.1" 200 13823
INFO 2025-10-09 02:33:23,341 basehttp "GET /media/partners/baseavatar_xg5AIgP.jpg HTTP/1.1" 200 13823
INFO 2025-10-09 02:33:23,438 basehttp "GET /static/css/notifications.css HTTP/1.1" 200 772
INFO 2025-10-09 02:33:23,487 basehttp "GET /static/images/fish1.png HTTP/1.1" 200 2205819
INFO 2025-10-09 02:33:23,507 basehttp "GET /static/css/footer.css HTTP/1.1" 200 701
INFO 2025-10-09 02:33:23,518 basehttp "GET /static/css/main/index.css HTTP/1.1" 200 5550
INFO 2025-10-09 02:33:23,629 basehttp "GET /static/images/fish2.png HTTP/1.1" 200 1352197
INFO 2025-10-09 02:33:23,637 basehttp "GET /static/icons/animal.ico HTTP/1.1" 200 34453
INFO 2025-10-09 02:33:25,919 basehttp "GET /about/ HTTP/1.1" 200 9625
INFO 2025-10-09 02:33:25,942 basehttp "GET /static/css/main/about.css HTTP/1.1" 304 0
INFO 2025-10-09 02:33:25,951 basehttp "GET /static/images/border-frame.png HTTP/1.1" 304 0
INFO 2025-10-09 02:33:25,977 basehttp "GET /static/images/certificate-bg.png HTTP/1.1" 304 0
INFO 2025-10-09 02:33:27,998 basehttp "GET /jobs/ HTTP/1.1" 200 9180
INFO 2025-10-09 02:33:28,027 basehttp "GET /static/css/jobs/job_list.css HTTP/1.1" 304 0
INFO 2025-10-09 02:33:30,834 basehttp "GET /news/ HTTP/1.1" 200 13047
INFO 2025-10-09 02:33:31,810 basehttp "GET /faq/ HTTP/1.1" 200 8390
INFO 2025-10-09 02:33:31,828 basehttp "GET /static/css/main/faq.css HTTP/1.1" 304 0
INFO 2025-10-09 02:33:34,482 basehttp "GET / HTTP/1.1" 200 11380
INFO 2025-10-09 19:02:09,040 autoreload Watching for file changes with StatReloader
INFO 2025-10-09 19:02:11,669 basehttp "GET / HTTP/1.1" 200 11380
INFO 2025-10-09 19:02:11,700 basehttp "GET /static/css/base.css HTTP/1.1" 304 0
INFO 2025-10-09 19:02:11,704 basehttp "GET /static/css/main/index.css HTTP/1.1" 304 0
INFO 2025-10-09 19:02:11,704 basehttp "GET /static/css/notifications.css HTTP/1.1" 304 0
INFO 2025-10-09 19:02:48,900 basehttp "GET /static/images/banner1-small.jpg HTTP/1.1" 200 19914
INFO 2025-10-09 19:02:48,952 basehttp "GET /static/images/banner3-small.jpg HTTP/1.1" 200 6770
INFO 2025-10-09 19:02:48,959 basehttp "GET /static/images/banner2-small.jpg HTTP/1.1" 200 10090
INFO 2025-10-09 19:03:35,330 basehttp "GET /faq/ HTTP/1.1" 200 8390
INFO 2025-10-09 19:03:35,374 basehttp "GET /static/css/main/faq.css HTTP/1.1" 304 0
INFO 2025-10-09 19:03:38,399 basehttp "GET /privacy_policy/ HTTP/1.1" 200 6787
INFO 2025-10-09 19:03:38,439 basehttp "GET /static/css/main/privacy_policy.css HTTP/1.1" 304 0
INFO 2025-10-09 19:04:35,313 autoreload Watching for file changes with StatReloader
INFO 2025-10-09 19:04:40,158 basehttp "GET /user/login/ HTTP/1.1" 200 5185
INFO 2025-10-09 19:04:40,471 basehttp "GET /static/css/users/login.css HTTP/1.1" 200 2038
INFO 2025-10-09 19:04:53,121 basehttp "POST /user/login/ HTTP/1.1" 200 5727
INFO 2025-10-09 19:05:48,679 basehttp "POST /user/login/ HTTP/1.1" 302 0
INFO 2025-10-09 19:05:48,709 basehttp "GET /user/profile/ HTTP/1.1" 200 7058
INFO 2025-10-09 19:05:48,744 basehttp "GET /static/css/users/profile.css HTTP/1.1" 304 0
INFO 2025-10-09 19:06:03,616 basehttp "GET /user/logout/ HTTP/1.1" 302 0
INFO 2025-10-09 19:06:03,651 basehttp "GET / HTTP/1.1" 200 11412
INFO 2025-10-09 19:06:05,237 basehttp "GET /user/login/ HTTP/1.1" 200 5185
INFO 2025-10-09 19:06:24,398 basehttp "POST /user/login/ HTTP/1.1" 302 0
INFO 2025-10-09 19:06:24,434 basehttp "GET /user/profile/ HTTP/1.1" 200 13465
INFO 2025-10-09 19:06:24,484 basehttp "GET /static/css/carts/included_cart.css HTTP/1.1" 200 1600
INFO 2025-10-09 19:06:29,230 basehttp "GET /user/users-cart/ HTTP/1.1" 200 5054
INFO 2025-10-09 19:06:29,264 basehttp "GET /static/css/users/users_cart.css HTTP/1.1" 200 419
INFO 2025-10-09 19:06:34,434 basehttp "GET /catalog/all/ HTTP/1.1" 200 9892
INFO 2025-10-09 19:06:34,491 basehttp "GET /static/icons/cart-plus.svg HTTP/1.1" 200 565
INFO 2025-10-09 19:06:34,492 basehttp "GET /media/goods_images/cat_tree.jpg HTTP/1.1" 200 35022
INFO 2025-10-09 19:06:34,492 basehttp "GET /media/goods_images/aquarium.jpg HTTP/1.1" 200 60510
INFO 2025-10-09 19:06:34,494 basehttp "GET /media/goods_images/rabbit_house.jpg HTTP/1.1" 200 166474
INFO 2025-10-09 19:06:37,404 basehttp "POST /cart/cart_add/ HTTP/1.1" 200 2130
INFO 2025-10-09 19:06:37,783 basehttp "POST /cart/cart_add/ HTTP/1.1" 200 2130
INFO 2025-10-09 19:06:38,133 basehttp "POST /cart/cart_add/ HTTP/1.1" 200 2130
INFO 2025-10-09 19:06:41,538 basehttp "GET /user/users-cart/ HTTP/1.1" 200 6578
INFO 2025-10-09 19:06:41,578 basehttp "GET /static/icons/trash3-fill.svg HTTP/1.1" 200 578
INFO 2025-10-09 19:07:07,447 basehttp "GET /orders/create-order/ HTTP/1.1" 200 9286
INFO 2025-10-09 19:07:07,493 basehttp "GET /static/css/orders/create_order.css HTTP/1.1" 200 1359
INFO 2025-10-09 19:07:30,151 basehttp "POST /orders/create-order/ HTTP/1.1" 200 9464
INFO 2025-10-09 19:07:55,112 basehttp "POST /orders/create-order/ HTTP/1.1" 302 0
INFO 2025-10-09 19:07:55,151 basehttp "GET /user/profile/ HTTP/1.1" 200 14345
INFO 2025-10-09 19:08:09,004 basehttp "GET /user/profile/ HTTP/1.1" 200 14264
INFO 2025-10-09 19:08:11,216 basehttp "GET /user/users-cart/ HTTP/1.1" 200 5054
INFO 2025-10-09 19:08:17,531 basehttp "GET /user/users-cart/ HTTP/1.1" 200 5054
INFO 2025-10-09 19:08:20,747 basehttp "GET /user/profile/ HTTP/1.1" 200 14264
INFO 2025-10-09 19:22:09,288 basehttp "GET /about/ HTTP/1.1" 200 10175
INFO 2025-10-09 19:22:09,355 basehttp "GET /static/css/main/about.css HTTP/1.1" 304 0
INFO 2025-10-09 19:22:09,357 basehttp "GET /static/images/border-frame.png HTTP/1.1" 304 0
INFO 2025-10-09 19:22:09,362 basehttp "GET /media/logos/baseavatar.jpg HTTP/1.1" 304 0
INFO 2025-10-09 19:22:09,420 basehttp "GET /static/images/certificate-bg.png HTTP/1.1" 304 0
INFO 2025-10-09 19:30:44,419 basehttp "GET / HTTP/1.1" 200 11930
INFO 2025-10-09 19:31:16,893 basehttp "GET / HTTP/1.1" 200 11930
INFO 2025-10-09 19:31:21,618 basehttp "GET /catalog/all/ HTTP/1.1" 200 9892
INFO 2025-10-09 19:31:27,881 basehttp "GET /catalog/all/?order_by=default_price HTTP/1.1" 200 9385
INFO 2025-10-09 19:31:27,930 basehttp "GET /media/goods_images/dog_bed.jpg HTTP/1.1" 200 87008
INFO 2025-10-09 19:31:27,935 basehttp "GET /media/goods_images/pet_carrier.jpg HTTP/1.1" 200 92160
INFO 2025-10-09 19:31:27,936 basehttp "GET /media/goods_images/cat_food.jpg HTTP/1.1" 200 127347
INFO 2025-10-09 19:31:33,334 basehttp "GET /catalog/search/?q= HTTP/1.1" 200 5600
INFO 2025-10-09 19:31:37,551 basehttp "GET /catalog/search/?q=. HTTP/1.1" 200 9943
INFO 2025-10-09 19:31:41,937 basehttp "GET /user/users-cart/ HTTP/1.1" 200 5054
INFO 2025-10-09 19:31:44,810 basehttp "GET /user/profile/ HTTP/1.1" 200 14264
INFO 2025-10-09 19:31:56,333 basehttp "GET /catalog/product/akvarium/ HTTP/1.1" 200 5819
INFO 2025-10-09 19:31:56,367 basehttp "GET /static/css/goods/product.css HTTP/1.1" 200 2245
INFO 2025-10-09 19:32:00,578 basehttp "GET /user/users-cart/ HTTP/1.1" 200 5054
INFO 2025-10-09 19:32:05,935 basehttp "GET /catalog/all/ HTTP/1.1" 200 9892
INFO 2025-10-09 19:32:09,059 basehttp "POST /cart/cart_add/ HTTP/1.1" 200 2177
INFO 2025-10-09 19:32:11,177 basehttp "GET /user/users-cart/ HTTP/1.1" 200 6597
INFO 2025-10-09 19:32:12,703 basehttp "GET /orders/create-order/ HTTP/1.1" 200 9305
INFO 2025-10-09 19:32:19,579 basehttp "POST /orders/create-order/ HTTP/1.1" 200 9483
INFO 2025-10-09 19:32:24,844 basehttp "POST /orders/create-order/ HTTP/1.1" 200 9483
INFO 2025-10-09 19:32:27,019 basehttp "POST /orders/create-order/ HTTP/1.1" 200 9483
INFO 2025-10-09 19:32:45,753 basehttp "POST /orders/create-order/ HTTP/1.1" 302 0
INFO 2025-10-09 19:32:45,786 basehttp "GET /user/profile/ HTTP/1.1" 200 15205
INFO 2025-10-09 19:32:53,482 basehttp "GET /faq/ HTTP/1.1" 200 8940
INFO 2025-10-09 19:33:04,170 basehttp "GET /reviews/ HTTP/1.1" 200 9430
INFO 2025-10-09 19:33:04,208 basehttp "GET /static/css/reviews/review_list.css HTTP/1.1" 304 0
INFO 2025-10-09 19:33:11,427 basehttp "GET /user/logout/ HTTP/1.1" 302 0
INFO 2025-10-09 19:33:11,447 basehttp "GET / HTTP/1.1" 200 11412
INFO 2025-10-09 19:33:12,435 basehttp "GET /reviews/ HTTP/1.1" 200 8878
INFO 2025-10-09 19:33:13,264 basehttp "GET /user/login/ HTTP/1.1" 200 5185
INFO 2025-10-09 19:33:15,002 basehttp "GET /faq/ HTTP/1.1" 200 8390
INFO 2025-10-09 19:33:24,434 basehttp "GET /news/ HTTP/1.1" 200 14825
INFO 2025-10-09 19:33:24,476 basehttp "GET /static/css/main/news.css HTTP/1.1" 304 0
INFO 2025-10-09 19:33:40,797 basehttp "GET / HTTP/1.1" 200 11380
INFO 2025-10-09 19:33:43,603 basehttp "GET /user/login/ HTTP/1.1" 200 5185
INFO 2025-10-09 19:33:44,990 basehttp "GET / HTTP/1.1" 200 11380
INFO 2025-10-09 19:34:08,573 basehttp "GET / HTTP/1.1" 200 11380
INFO 2025-10-09 19:34:22,816 basehttp "GET / HTTP/1.1" 200 11380
INFO 2025-10-09 19:34:29,392 basehttp - Broken pipe from ('127.0.0.1', 55765)
INFO 2025-10-09 19:34:38,201 basehttp "GET /privacy_policy/ HTTP/1.1" 200 6787
INFO 2025-10-09 19:35:08,931 basehttp "GET /about/ HTTP/1.1" 200 9625
INFO 2025-10-09 19:37:14,257 basehttp "GET / HTTP/1.1" 200 11380
INFO 2025-10-09 19:38:23,620 basehttp "GET /contact/ HTTP/1.1" 200 7932
INFO 2025-10-09 19:38:23,652 basehttp "GET /static/css/main/contact.css HTTP/1.1" 304 0
INFO 2025-10-09 19:38:33,214 basehttp "GET /analytics/ HTTP/1.1" 200 7652
INFO 2025-10-09 19:38:33,260 basehttp "GET /static/css/analytics/statistics.css HTTP/1.1" 304 0
INFO 2025-10-09 19:38:33,288 basehttp "GET /media/charts/all.png HTTP/1.1" 200 33844
INFO 2025-10-09 19:38:33,289 basehttp "GET /media/charts/aksessuary.png HTTP/1.1" 200 23289
INFO 2025-10-09 19:38:33,289 basehttp "GET /media/charts/igrushki.png HTTP/1.1" 200 26189
INFO 2025-10-09 19:38:33,291 basehttp "GET /media/charts/korm.png HTTP/1.1" 200 29446
INFO 2025-10-09 19:38:58,155 basehttp "GET /user/login/ HTTP/1.1" 200 5185
INFO 2025-10-09 19:39:04,964 basehttp "POST /user/login/ HTTP/1.1" 302 0
INFO 2025-10-09 19:39:05,008 basehttp "GET /user/profile/ HTTP/1.1" 200 7559
INFO 2025-10-09 19:39:07,166 basehttp "GET /suppliers/ HTTP/1.1" 200 8824
INFO 2025-10-09 19:39:07,200 basehttp "GET /static/css/main/supplier_list.css HTTP/1.1" 304 0
INFO 2025-10-09 19:39:27,659 basehttp "GET /news/ HTTP/1.1" 200 15068
INFO 2025-11-01 23:04:24,174 autoreload Watching for file changes with StatReloader
INFO 2025-11-01 23:04:39,001 basehttp "GET / HTTP/1.1" 200 11387
INFO 2025-11-01 23:04:39,453 basehttp "GET /static/css/footer.css HTTP/1.1" 200 701
INFO 2025-11-01 23:04:39,462 basehttp "GET /static/css/base.css HTTP/1.1" 200 5016
INFO 2025-11-01 23:04:39,482 basehttp "GET /static/css/main/index.css HTTP/1.1" 200 5550
INFO 2025-11-01 23:04:39,489 basehttp "GET /static/css/notifications.css HTTP/1.1" 200 772
INFO 2025-11-01 23:04:39,491 basehttp "GET /static/js/script.js HTTP/1.1" 200 4461
INFO 2025-11-01 23:04:39,494 basehttp "GET /static/js/jquery/jquery-3.7.1.min.js HTTP/1.1" 200 87535
INFO 2025-11-01 23:04:39,512 basehttp "GET /static/icons/animal.ico HTTP/1.1" 200 34453
INFO 2025-11-01 23:04:39,514 basehttp "GET /static/images/banner1.jpg HTTP/1.1" 200 42882
INFO 2025-11-01 23:04:39,515 basehttp "GET /static/images/banner2.jpg HTTP/1.1" 200 15668
INFO 2025-11-01 23:04:39,532 basehttp "GET /static/images/fish2.png HTTP/1.1" 200 1352197
INFO 2025-11-01 23:04:39,533 basehttp "GET /static/images/banner3.jpg HTTP/1.1" 200 8842
INFO 2025-11-01 23:04:39,538 basehttp "GET /media/partners/baseavatar_64wQ8mi.jpg HTTP/1.1" 200 13823
INFO 2025-11-01 23:04:39,538 basehttp "GET /media/partners/baseavatar.jpg HTTP/1.1" 200 13823
INFO 2025-11-01 23:04:39,549 basehttp "GET /media/partners/baseavatar_xg5AIgP.jpg HTTP/1.1" 200 13823
INFO 2025-11-01 23:04:39,559 basehttp "GET /static/images/fish1.png HTTP/1.1" 200 2205819
INFO 2025-11-01 23:04:39,560 basehttp "GET /static/images/seaweed.png HTTP/1.1" 200 1584444
INFO 2025-11-01 23:11:07,773 autoreload Watching for file changes with StatReloader
INFO 2025-11-01 23:14:42,031 autoreload Watching for file changes with StatReloader
INFO 2025-11-01 23:20:25,129 autoreload Watching for file changes with StatReloader
INFO 2025-11-01 23:23:47,685 autoreload Watching for file changes with StatReloader
INFO 2025-11-01 23:23:49,727 basehttp "GET / HTTP/1.1" 200 11387
INFO 2025-11-17 19:44:34,956 autoreload Watching for file changes with StatReloader
INFO 2025-11-17 19:44:52,134 basehttp "GET / HTTP/1.1" 200 11565
INFO 2025-11-17 19:44:52,803 basehttp "GET /static/images/fish2.png HTTP/1.1" 200 1352197
INFO 2025-11-17 19:44:52,836 basehttp "GET /static/css/base.css HTTP/1.1" 200 5170
INFO 2025-11-17 19:44:52,838 basehttp "GET /static/images/seaweed.png HTTP/1.1" 200 1584444
INFO 2025-11-17 19:44:52,841 basehttp "GET /static/js/script.js HTTP/1.1" 200 4461
INFO 2025-11-17 19:44:52,841 basehttp "GET /static/js/jquery/jquery-3.7.1.min.js HTTP/1.1" 200 87535
INFO 2025-11-17 19:44:52,842 basehttp "GET /static/images/fish1.png HTTP/1.1" 200 2205819
INFO 2025-11-17 19:44:52,858 basehttp "GET /static/images/banner2.jpg HTTP/1.1" 200 15668
INFO 2025-11-17 19:44:52,858 basehttp "GET /static/icons/animal.ico HTTP/1.1" 200 34453
INFO 2025-11-17 19:44:52,859 basehttp "GET /static/images/banner1.jpg HTTP/1.1" 200 42882
INFO 2025-11-17 19:44:52,863 basehttp "GET /media/partners/baseavatar.jpg HTTP/1.1" 200 13823
INFO 2025-11-17 19:44:52,866 basehttp "GET /media/partners/baseavatar_64wQ8mi.jpg HTTP/1.1" 200 13823
INFO 2025-11-17 19:44:52,868 basehttp "GET /media/partners/baseavatar_xg5AIgP.jpg HTTP/1.1" 200 13823
INFO 2025-11-17 19:44:52,874 basehttp "GET /static/images/banner3.jpg HTTP/1.1" 200 8842
INFO 2025-11-17 19:44:52,886 basehttp "GET /static/css/notifications.css HTTP/1.1" 200 772
INFO 2025-11-17 19:44:52,977 basehttp "GET /static/css/footer.css HTTP/1.1" 200 701
INFO 2025-11-17 19:44:52,981 basehttp "GET /static/css/main/index.css HTTP/1.1" 200 5550
INFO 2025-11-17 19:47:39,959 autoreload Watching for file changes with StatReloader
INFO 2025-11-17 19:47:43,967 basehttp "GET / HTTP/1.1" 200 11542
INFO 2025-11-17 19:47:44,391 basehttp "GET /static/css/base.css HTTP/1.1" 200 5236
INFO 2025-11-17 19:47:44,396 basehttp "GET /static/js/theme.js HTTP/1.1" 200 810
INFO 2025-11-17 19:49:48,374 autoreload Watching for file changes with StatReloader
INFO 2025-11-17 19:49:51,041 basehttp "GET / HTTP/1.1" 200 11542
INFO 2025-11-17 19:49:51,440 basehttp "GET /static/css/base.css HTTP/1.1" 200 6646
INFO 2025-11-17 19:49:51,449 basehttp "GET /static/js/theme.js HTTP/1.1" 200 715
INFO 2025-11-17 19:53:08,657 autoreload Watching for file changes with StatReloader
INFO 2025-11-17 19:53:12,291 basehttp "GET / HTTP/1.1" 200 11542
INFO 2025-11-17 19:53:12,400 basehttp "GET /static/js/theme.js HTTP/1.1" 304 0
INFO 2025-11-17 19:53:12,583 basehttp "GET /static/css/base.css HTTP/1.1" 200 6664
INFO 2025-11-17 19:53:14,003 basehttp "GET / HTTP/1.1" 200 11542
INFO 2025-11-17 19:53:14,012 basehttp "GET /static/css/base.css HTTP/1.1" 304 0
INFO 2025-11-17 19:54:37,270 autoreload Watching for file changes with StatReloader
INFO 2025-11-17 19:54:37,884 basehttp "GET / HTTP/1.1" 200 11542
INFO 2025-11-17 19:54:38,055 basehttp "GET /static/css/base.css HTTP/1.1" 200 6664
INFO 2025-11-17 19:54:38,057 basehttp "GET /static/js/theme.js HTTP/1.1" 304 0
INFO 2025-11-17 19:55:53,312 autoreload Watching for file changes with StatReloader
INFO 2025-11-17 19:55:54,010 basehttp "GET / HTTP/1.1" 200 11542
INFO 2025-11-17 19:55:54,021 basehttp "GET /static/js/theme.js HTTP/1.1" 304 0
INFO 2025-11-17 19:55:54,173 basehttp "GET /static/css/base.css HTTP/1.1" 200 6664
INFO 2025-11-17 19:56:10,769 autoreload Watching for file changes with StatReloader
INFO 2025-11-17 19:56:11,308 basehttp "GET / HTTP/1.1" 200 11542
INFO 2025-11-17 19:56:11,447 basehttp "GET /static/css/base.css HTTP/1.1" 200 6677
INFO 2025-11-17 19:56:19,754 basehttp "GET /static/css/base.css HTTP/1.1" 304 0
WARNING 2025-11-17 19:56:19,819 log Not Found: /.well-known/appspecific/com.chrome.devtools.json
WARNING 2025-11-17 19:56:19,819 basehttp "GET /.well-known/appspecific/com.chrome.devtools.json HTTP/1.1" 404 5872
INFO 2025-11-17 19:56:56,167 autoreload Watching for file changes with StatReloader
INFO 2025-11-17 19:56:56,855 basehttp "GET / HTTP/1.1" 200 11542
INFO 2025-11-17 19:56:56,887 basehttp "GET /static/js/theme.js HTTP/1.1" 304 0
WARNING 2025-11-17 19:56:56,902 log Not Found: /.well-known/appspecific/com.chrome.devtools.json
WARNING 2025-11-17 19:56:56,902 basehttp "GET /.well-known/appspecific/com.chrome.devtools.json HTTP/1.1" 404 5872
INFO 2025-11-17 19:56:57,076 basehttp "GET /static/css/base.css HTTP/1.1" 200 6664
INFO 2025-11-17 19:59:13,731 basehttp "GET / HTTP/1.1" 200 11542
INFO 2025-11-17 19:59:13,742 basehttp "GET /static/css/base.css HTTP/1.1" 304 0
INFO 2025-11-17 19:59:13,743 basehttp "GET /static/js/theme.js HTTP/1.1" 304 0
INFO 2025-11-17 19:59:17,793 basehttp "GET /faq/ HTTP/1.1" 200 8545
INFO 2025-11-17 19:59:17,803 basehttp "GET /static/css/main/faq.css HTTP/1.1" 200 1730
INFO 2025-11-17 19:59:19,258 basehttp "GET /reviews/ HTTP/1.1" 200 9033
INFO 2025-11-17 19:59:19,268 basehttp "GET /static/css/reviews/review_list.css HTTP/1.1" 200 1608
INFO 2025-11-17 19:59:20,538 basehttp "GET /faq/ HTTP/1.1" 200 8545
INFO 2025-11-17 19:59:43,343 autoreload Watching for file changes with StatReloader
INFO 2025-11-17 20:00:43,261 autoreload Watching for file changes with StatReloader
INFO 2025-11-17 20:00:44,412 basehttp "GET /faq/ HTTP/1.1" 200 8545
INFO 2025-11-17 20:00:44,422 basehttp "GET /static/css/base.css HTTP/1.1" 304 0
INFO 2025-11-17 20:00:44,422 basehttp "GET /static/js/theme.js HTTP/1.1" 304 0
INFO 2025-11-17 20:01:26,649 autoreload Watching for file changes with StatReloader
INFO 2025-11-17 20:01:27,185 basehttp "GET /faq/ HTTP/1.1" 200 8545
INFO 2025-11-17 20:01:27,354 basehttp "GET /static/css/base.css HTTP/1.1" 200 6664
INFO 2025-11-17 20:02:51,548 autoreload Watching for file changes with StatReloader
INFO 2025-11-17 20:02:55,046 basehttp "GET /faq/ HTTP/1.1" 200 8545
INFO 2025-11-17 20:02:55,054 basehttp "GET /static/js/theme.js HTTP/1.1" 304 0
INFO 2025-11-17 20:02:55,153 basehttp "GET /static/css/base.css HTTP/1.1" 200 6668
INFO 2025-11-17 20:02:59,741 basehttp "GET / HTTP/1.1" 200 11542
INFO 2025-11-17 20:02:59,750 basehttp "GET /static/css/base.css HTTP/1.1" 304 0
INFO 2025-11-17 20:04:30,343 autoreload Watching for file changes with StatReloader
INFO 2025-11-17 20:04:31,184 basehttp "GET / HTTP/1.1" 200 11542
INFO 2025-11-17 20:04:31,194 basehttp "GET /static/js/theme.js HTTP/1.1" 304 0
INFO 2025-11-17 20:04:31,335 basehttp "GET /static/css/base.css HTTP/1.1" 200 6642
INFO 2025-11-17 20:04:32,617 basehttp "GET / HTTP/1.1" 200 11542
INFO 2025-11-17 20:04:32,626 basehttp "GET /static/css/base.css HTTP/1.1" 304 0
INFO 2025-11-17 20:04:38,842 autoreload Watching for file changes with StatReloader
INFO 2025-11-17 20:04:39,393 basehttp "GET / HTTP/1.1" 200 11542
INFO 2025-11-17 20:04:39,402 basehttp "GET /static/css/base.css HTTP/1.1" 304 0
INFO 2025-11-17 20:04:39,975 basehttp "GET / HTTP/1.1" 200 11542
INFO 2025-11-17 20:04:40,710 basehttp "GET / HTTP/1.1" 200 11542
INFO 2025-11-17 20:04:40,716 basehttp "GET /static/css/base.css HTTP/1.1" 304 0
INFO 2025-11-17 20:06:21,045 autoreload Watching for file changes with StatReloader
INFO 2025-11-17 20:06:21,778 basehttp "GET / HTTP/1.1" 200 11542
INFO 2025-11-17 20:06:21,927 basehttp "GET /static/css/base.css HTTP/1.1" 200 6642
INFO 2025-11-17 20:06:21,929 basehttp "GET /static/js/theme.js HTTP/1.1" 304 0
INFO 2025-11-17 20:06:53,929 autoreload Watching for file changes with StatReloader
INFO 2025-11-17 20:06:54,450 basehttp "GET / HTTP/1.1" 200 11542
INFO 2025-11-17 20:06:54,614 basehttp "GET /static/css/base.css HTTP/1.1" 200 6840
INFO 2025-11-17 20:08:03,728 basehttp "GET /static/css/base.css HTTP/1.1" 200 6788
WARNING 2025-11-17 20:08:03,759 log Not Found: /.well-known/appspecific/com.chrome.devtools.json
WARNING 2025-11-17 20:08:03,759 basehttp "GET /.well-known/appspecific/com.chrome.devtools.json HTTP/1.1" 404 5872
INFO 2025-11-17 20:08:45,439 autoreload Watching for file changes with StatReloader
INFO 2025-11-17 20:08:46,080 basehttp "GET / HTTP/1.1" 200 11542
INFO 2025-11-17 20:08:46,090 basehttp "GET /static/js/theme.js HTTP/1.1" 304 0
INFO 2025-11-17 20:08:46,236 basehttp "GET /static/css/base.css HTTP/1.1" 200 6825
INFO 2025-11-17 20:10:06,118 autoreload Watching for file changes with StatReloader
INFO 2025-11-17 20:10:08,861 basehttp "GET / HTTP/1.1" 200 11542
INFO 2025-11-17 20:10:08,980 basehttp "GET /static/css/base.css HTTP/1.1" 200 6722
INFO 2025-11-17 20:10:21,385 basehttp "GET /static/css/base.css HTTP/1.1" 304 0
WARNING 2025-11-17 20:10:21,423 log Not Found: /.well-known/appspecific/com.chrome.devtools.json
WARNING 2025-11-17 20:10:21,425 basehttp "GET /.well-known/appspecific/com.chrome.devtools.json HTTP/1.1" 404 5872
INFO 2025-11-17 20:12:54,128 autoreload Watching for file changes with StatReloader
INFO 2025-11-17 20:12:54,738 basehttp "GET / HTTP/1.1" 200 11542
INFO 2025-11-17 20:12:54,904 basehttp "GET /static/css/base.css HTTP/1.1" 200 6887
INFO 2025-11-17 20:12:54,906 basehttp "GET /static/js/theme.js HTTP/1.1" 304 0
INFO 2025-11-17 20:13:11,221 autoreload Watching for file changes with StatReloader
INFO 2025-11-17 20:13:11,888 basehttp "GET / HTTP/1.1" 200 11542
INFO 2025-11-17 20:13:12,037 basehttp "GET /static/css/base.css HTTP/1.1" 200 6879
INFO 2025-11-17 20:13:20,836 basehttp "GET /about/ HTTP/1.1" 200 9787
INFO 2025-11-17 20:13:20,849 basehttp "GET /static/css/base.css HTTP/1.1" 304 0
INFO 2025-11-17 20:13:20,850 basehttp "GET /static/css/main/about.css HTTP/1.1" 200 2970
INFO 2025-11-17 20:13:20,862 basehttp "GET /media/logos/baseavatar.jpg HTTP/1.1" 200 13823
INFO 2025-11-17 20:13:20,909 basehttp "GET /static/images/border-frame.png HTTP/1.1" 200 2053757
INFO 2025-11-17 20:13:20,943 basehttp "GET /static/images/certificate-bg.png HTTP/1.1" 200 2483930
INFO 2025-11-17 20:13:20,967 basehttp "GET /static/media/welcome.mp3 HTTP/1.1" 200 4661731
INFO 2025-11-17 20:13:21,137 basehttp "GET /static/media/company_intro.mp4 HTTP/1.1" 200 22498702
INFO 2025-11-17 20:13:26,640 basehttp "GET /contact/ HTTP/1.1" 200 8087
INFO 2025-11-17 20:13:26,651 basehttp "GET /static/css/base.css HTTP/1.1" 304 0
INFO 2025-11-17 20:13:26,654 basehttp "GET /static/css/main/contact.css HTTP/1.1" 200 1196
INFO 2025-11-17 20:13:26,671 basehttp "GET /static/images/baseavatar.jpg HTTP/1.1" 200 13823
INFO 2025-11-17 20:13:26,683 basehttp "GET /media/users/506e8fe625c1f8707cec23d6b130dc08_sqZJoDz.jpeg HTTP/1.1" 200 846399
INFO 2025-11-17 20:13:26,688 basehttp "GET /media/users/9a14b8b2c9494052fab98e31e76bb929.jpg HTTP/1.1" 200 1340200
INFO 2025-11-17 20:13:29,660 basehttp "GET /jobs/ HTTP/1.1" 200 9335
INFO 2025-11-17 20:13:29,669 basehttp "GET /static/css/base.css HTTP/1.1" 304 0
INFO 2025-11-17 20:13:29,670 basehttp "GET /static/css/jobs/job_list.css HTTP/1.1" 200 964
INFO 2025-11-17 20:13:40,856 basehttp "GET /news/ HTTP/1.1" 200 14946
INFO 2025-11-17 20:13:40,874 basehttp "GET /static/css/main/news.css HTTP/1.1" 200 2382
INFO 2025-11-17 20:13:40,874 basehttp "GET /static/css/base.css HTTP/1.1" 304 0
INFO 2025-11-17 20:13:46,703 basehttp "GET / HTTP/1.1" 200 11542
INFO 2025-11-17 20:13:46,712 basehttp "GET /static/css/base.css HTTP/1.1" 304 0
INFO 2025-11-17 20:13:58,105 basehttp "GET / HTTP/1.1" 200 11542
INFO 2025-11-17 20:13:58,114 basehttp "GET /static/css/base.css HTTP/1.1" 304 0
INFO 2025-11-17 20:13:58,580 basehttp "GET / HTTP/1.1" 200 11542
INFO 2025-11-17 20:13:59,061 basehttp "GET / HTTP/1.1" 200 11542
INFO 2025-11-17 20:13:59,396 basehttp "GET / HTTP/1.1" 200 11542
INFO 2025-11-17 20:13:59,942 basehttp "GET / HTTP/1.1" 200 11542
INFO 2025-11-17 22:23:47,864 basehttp "GET /user/login/ HTTP/1.1" 200 5340
INFO 2025-11-17 22:23:47,874 basehttp "GET /static/css/base.css HTTP/1.1" 304 0
INFO 2025-11-17 22:23:47,875 basehttp "GET /static/js/theme.js HTTP/1.1" 304 0
INFO 2025-11-17 22:23:47,875 basehttp "GET /static/css/users/login.css HTTP/1.1" 200 2038
INFO 2025-11-17 22:23:51,630 basehttp "POST /user/login/ HTTP/1.1" 302 0
INFO 2025-11-17 22:23:51,668 basehttp "GET /user/profile/ HTTP/1.1" 200 7714
INFO 2025-11-17 22:23:51,681 basehttp "GET /static/css/users/profile.css HTTP/1.1" 200 3217
INFO 2025-11-17 22:23:55,908 basehttp "GET / HTTP/1.1" 200 12477
INFO 2025-11-17 22:34:04,564 autoreload Watching for file changes with StatReloader
INFO 2025-11-17 22:34:27,826 basehttp "GET / HTTP/1.1" 200 12477
INFO 2025-11-17 22:34:32,177 basehttp "GET /contact/ HTTP/1.1" 200 9022
INFO 2025-11-17 22:34:51,310 basehttp "GET /user/logout/ HTTP/1.1" 302 0
INFO 2025-11-17 22:34:51,325 basehttp "GET / HTTP/1.1" 200 11574
INFO 2025-11-17 22:34:52,994 basehttp "GET /user/login/ HTTP/1.1" 200 5340
INFO 2025-11-17 22:34:54,562 basehttp "GET /user/registration/ HTTP/1.1" 200 9234
INFO 2025-11-17 22:34:54,693 basehttp "GET /static/css/users/registration.css HTTP/1.1" 200 2782
INFO 2025-11-17 22:36:06,314 basehttp "POST /user/registration/ HTTP/1.1" 200 9234
INFO 2025-11-17 22:36:15,754 basehttp "GET /contact/ HTTP/1.1" 200 8087
INFO 2025-11-17 22:36:18,892 basehttp "GET /user/login/ HTTP/1.1" 200 5340
INFO 2025-11-17 22:36:34,336 basehttp "GET /contact/ HTTP/1.1" 200 8087
INFO 2025-11-17 22:40:58,492 autoreload C:\Labs\353504_Antonava_01\STRWEB\LR3\ZooShopApp\main\views.py changed, reloading.
INFO 2025-11-17 22:40:59,733 autoreload Watching for file changes with StatReloader
INFO 2025-11-17 22:41:13,730 autoreload C:\Labs\353504_Antonava_01\STRWEB\LR3\ZooShopApp\main\views.py changed, reloading.
INFO 2025-11-17 22:41:14,889 autoreload Watching for file changes with StatReloader
INFO 2025-11-17 22:41:59,064 autoreload C:\Labs\353504_Antonava_01\STRWEB\LR3\ZooShopApp\main\urls.py changed, reloading.
INFO 2025-11-17 22:42:00,132 autoreload Watching for file changes with StatReloader
INFO 2025-11-17 22:49:34,778 autoreload Watching for file changes with StatReloader
INFO 2025-11-17 22:49:40,864 basehttp "GET / HTTP/1.1" 200 11542
INFO 2025-11-17 22:49:40,986 basehttp "GET /static/css/base.css HTTP/1.1" 304 0
INFO 2025-11-17 22:49:40,999 basehttp "GET /static/js/theme.js HTTP/1.1" 304 0
INFO 2025-11-17 22:49:45,159 basehttp "GET /contact/ HTTP/1.1" 200 8087
INFO 2025-11-17 22:50:10,683 basehttp "GET /contacts/table/ HTTP/1.1" 200 6109
INFO 2025-11-17 22:50:10,938 basehttp "GET /static/js/contacts_table.js HTTP/1.1" 200 6840
INFO 2025-11-17 22:50:10,943 basehttp "GET /static/css/main/contacts_table.css HTTP/1.1" 200 3326
INFO 2025-11-17 22:50:10,965 basehttp "GET /contacts/api/ HTTP/1.1" 200 1486
INFO 2025-11-17 22:51:22,544 basehttp "GET /user/login/ HTTP/1.1" 200 5340
INFO 2025-11-17 22:51:25,077 basehttp "POST /user/login/ HTTP/1.1" 302 0
INFO 2025-11-17 22:51:25,103 basehttp "GET /user/profile/ HTTP/1.1" 200 7714
INFO 2025-11-17 22:51:26,498 basehttp "GET /user/users/ HTTP/1.1" 200 10525
INFO 2025-11-17 22:51:26,507 basehttp "GET /static/css/users/user_list.css HTTP/1.1" 200 1686
INFO 2025-11-17 22:52:02,988 basehttp "GET /contacts/table/ HTTP/1.1" 200 7044
INFO 2025-11-17 22:52:03,002 basehttp "GET /static/css/main/contacts_table.css HTTP/1.1" 304 0
INFO 2025-11-17 22:52:03,002 basehttp "GET /static/js/contacts_table.js HTTP/1.1" 304 0
INFO 2025-11-17 22:52:03,013 basehttp "GET /contacts/api/ HTTP/1.1" 200 1486
INFO 2025-11-17 22:55:59,618 autoreload Watching for file changes with StatReloader
INFO 2025-11-17 22:56:00,335 basehttp "GET /contacts/table/ HTTP/1.1" 200 7044
INFO 2025-11-17 22:56:00,345 basehttp "GET /static/js/contacts_table.js HTTP/1.1" 304 0
INFO 2025-11-17 22:56:00,498 basehttp "GET /static/css/main/contacts_table.css HTTP/1.1" 200 3748
INFO 2025-11-17 22:56:00,508 basehttp "GET /contacts/api/ HTTP/1.1" 200 1486
INFO 2025-11-17 22:56:10,588 basehttp "GET / HTTP/1.1" 200 12477
INFO 2025-11-17 22:56:30,314 basehttp "GET /about/ HTTP/1.1" 200 10722
INFO 2025-11-17 22:56:44,032 basehttp "GET /contact/ HTTP/1.1" 200 9022
INFO 2025-11-17 22:56:48,623 basehttp "GET /jobs/ HTTP/1.1" 200 10270
ERROR 2025-11-17 22:56:50,338 log Internal Server Error: /news/
Traceback (most recent call last):
  File "C:\Labs\353504_Antonava_01\STRWEB\LR3\ZooShopApp\.venv\Lib\site-packages\urllib3\connection.py", line 198, in _new_conn
    sock = connection.create_connection(
           ^^^^^^^^^^^^^^^^^^^^^^^^^^^^^
  File "C:\Labs\353504_Antonava_01\STRWEB\LR3\ZooShopApp\.venv\Lib\site-packages\urllib3\util\connection.py", line 60, in create_connection
    for res in socket.getaddrinfo(host, port, family, socket.SOCK_STREAM):
               ^^^^^^^^^^^^^^^^^^^^^^^^^^^^^^^^^^^^^^^^^^^^^^^^^^^^^^^^^^
  File "C:\Program Files\WindowsApps\PythonSoftwareFoundation.Python.3.11_3.11.2544.0_x64__qbz5n2kfra8p0\Lib\socket.py", line 962, in getaddrinfo
    for res in _socket.getaddrinfo(host, port, family, type, proto, flags):
               ^^^^^^^^^^^^^^^^^^^^^^^^^^^^^^^^^^^^^^^^^^^^^^^^^^^^^^^^^^^
socket.gaierror: [Errno 11001] getaddrinfo failed

The above exception was the direct cause of the following exception:

Traceback (most recent call last):
  File "C:\Labs\353504_Antonava_01\STRWEB\LR3\ZooShopApp\.venv\Lib\site-packages\urllib3\connectionpool.py", line 787, in urlopen
    response = self._make_request(
               ^^^^^^^^^^^^^^^^^^^
  File "C:\Labs\353504_Antonava_01\STRWEB\LR3\ZooShopApp\.venv\Lib\site-packages\urllib3\connectionpool.py", line 488, in _make_request
    raise new_e
  File "C:\Labs\353504_Antonava_01\STRWEB\LR3\ZooShopApp\.venv\Lib\site-packages\urllib3\connectionpool.py", line 464, in _make_request
    self._validate_conn(conn)
  File "C:\Labs\353504_Antonava_01\STRWEB\LR3\ZooShopApp\.venv\Lib\site-packages\urllib3\connectionpool.py", line 1093, in _validate_conn
    conn.connect()
  File "C:\Labs\353504_Antonava_01\STRWEB\LR3\ZooShopApp\.venv\Lib\site-packages\urllib3\connection.py", line 753, in connect
    self.sock = sock = self._new_conn()
                       ^^^^^^^^^^^^^^^^
  File "C:\Labs\353504_Antonava_01\STRWEB\LR3\ZooShopApp\.venv\Lib\site-packages\urllib3\connection.py", line 205, in _new_conn
    raise NameResolutionError(self.host, self, e) from e
urllib3.exceptions.NameResolutionError: <urllib3.connection.HTTPSConnection object at 0x000001996C1E9150>: Failed to resolve 'catfact.ninja' ([Errno 11001] getaddrinfo failed)

The above exception was the direct cause of the following exception:

Traceback (most recent call last):
  File "C:\Labs\353504_Antonava_01\STRWEB\LR3\ZooShopApp\.venv\Lib\site-packages\requests\adapters.py", line 644, in send
    resp = conn.urlopen(
           ^^^^^^^^^^^^^
  File "C:\Labs\353504_Antonava_01\STRWEB\LR3\ZooShopApp\.venv\Lib\site-packages\urllib3\connectionpool.py", line 841, in urlopen
    retries = retries.increment(
              ^^^^^^^^^^^^^^^^^^
  File "C:\Labs\353504_Antonava_01\STRWEB\LR3\ZooShopApp\.venv\Lib\site-packages\urllib3\util\retry.py", line 519, in increment
    raise MaxRetryError(_pool, url, reason) from reason  # type: ignore[arg-type]
    ^^^^^^^^^^^^^^^^^^^^^^^^^^^^^^^^^^^^^^^^^^^^^^^^^^^
urllib3.exceptions.MaxRetryError: HTTPSConnectionPool(host='catfact.ninja', port=443): Max retries exceeded with url: /facts (Caused by NameResolutionError("<urllib3.connection.HTTPSConnection object at 0x000001996C1E9150>: Failed to resolve 'catfact.ninja' ([Errno 11001] getaddrinfo failed)"))

During handling of the above exception, another exception occurred:

Traceback (most recent call last):
  File "C:\Labs\353504_Antonava_01\STRWEB\LR3\ZooShopApp\.venv\Lib\site-packages\django\core\handlers\exception.py", line 55, in inner
    response = get_response(request)
               ^^^^^^^^^^^^^^^^^^^^^
  File "C:\Labs\353504_Antonava_01\STRWEB\LR3\ZooShopApp\.venv\Lib\site-packages\django\core\handlers\base.py", line 197, in _get_response
    response = wrapped_callback(request, *callback_args, **callback_kwargs)
               ^^^^^^^^^^^^^^^^^^^^^^^^^^^^^^^^^^^^^^^^^^^^^^^^^^^^^^^^^^^^
  File "C:\Labs\353504_Antonava_01\STRWEB\LR3\ZooShopApp\main\views.py", line 136, in news
    cat_response = requests.get("https://catfact.ninja/facts")
                   ^^^^^^^^^^^^^^^^^^^^^^^^^^^^^^^^^^^^^^^^^^^
  File "C:\Labs\353504_Antonava_01\STRWEB\LR3\ZooShopApp\.venv\Lib\site-packages\requests\api.py", line 73, in get
    return request("get", url, params=params, **kwargs)
           ^^^^^^^^^^^^^^^^^^^^^^^^^^^^^^^^^^^^^^^^^^^^
  File "C:\Labs\353504_Antonava_01\STRWEB\LR3\ZooShopApp\.venv\Lib\site-packages\requests\api.py", line 59, in request
    return session.request(method=method, url=url, **kwargs)
           ^^^^^^^^^^^^^^^^^^^^^^^^^^^^^^^^^^^^^^^^^^^^^^^^^
  File "C:\Labs\353504_Antonava_01\STRWEB\LR3\ZooShopApp\.venv\Lib\site-packages\requests\sessions.py", line 589, in request
    resp = self.send(prep, **send_kwargs)
           ^^^^^^^^^^^^^^^^^^^^^^^^^^^^^^
  File "C:\Labs\353504_Antonava_01\STRWEB\LR3\ZooShopApp\.venv\Lib\site-packages\requests\sessions.py", line 703, in send
    r = adapter.send(request, **kwargs)
        ^^^^^^^^^^^^^^^^^^^^^^^^^^^^^^^
  File "C:\Labs\353504_Antonava_01\STRWEB\LR3\ZooShopApp\.venv\Lib\site-packages\requests\adapters.py", line 677, in send
    raise ConnectionError(e, request=request)
requests.exceptions.ConnectionError: HTTPSConnectionPool(host='catfact.ninja', port=443): Max retries exceeded with url: /facts (Caused by NameResolutionError("<urllib3.connection.HTTPSConnection object at 0x000001996C1E9150>: Failed to resolve 'catfact.ninja' ([Errno 11001] getaddrinfo failed)"))
INFO 2025-11-17 22:56:50,355 basehttp - Broken pipe from ('127.0.0.1', 56318)
INFO 2025-11-17 22:56:54,676 basehttp "GET /analytics/ HTTP/1.1" 200 8742
INFO 2025-11-17 22:56:54,691 basehttp "GET /static/css/analytics/statistics.css HTTP/1.1" 200 3194
INFO 2025-11-17 22:56:54,708 basehttp "GET /media/charts/all.png HTTP/1.1" 200 33829
INFO 2025-11-17 22:56:54,715 basehttp "GET /media/charts/aksessuary.png HTTP/1.1" 200 23277
INFO 2025-11-17 22:56:54,716 basehttp "GET /media/charts/korm.png HTTP/1.1" 200 29451
INFO 2025-11-17 22:56:54,724 basehttp "GET /media/charts/igrushki.png HTTP/1.1" 200 26246
INFO 2025-11-17 22:57:15,845 basehttp "GET /analytics/ HTTP/1.1" 200 8742
INFO 2025-11-17 22:57:15,870 basehttp "GET /media/charts/aksessuary.png HTTP/1.1" 200 23277
INFO 2025-11-17 22:57:15,870 basehttp "GET /media/charts/korm.png HTTP/1.1" 200 29451
INFO 2025-11-17 22:57:15,871 basehttp "GET /media/charts/igrushki.png HTTP/1.1" 200 26246
INFO 2025-11-17 22:57:15,872 basehttp "GET /media/charts/all.png HTTP/1.1" 200 33829
INFO 2025-11-17 22:57:17,267 basehttp "GET /promotional/ HTTP/1.1" 200 8355
INFO 2025-11-17 22:57:17,276 basehttp "GET /static/css/main/promotional.css HTTP/1.1" 200 1339
INFO 2025-11-17 22:57:20,758 basehttp "GET /privacy_policy/ HTTP/1.1" 200 7877
INFO 2025-11-17 22:57:20,766 basehttp "GET /static/css/main/privacy_policy.css HTTP/1.1" 200 2340
INFO 2025-11-17 22:57:24,019 basehttp "GET /faq/ HTTP/1.1" 200 9480
INFO 2025-11-17 22:57:29,015 basehttp "GET /reviews/ HTTP/1.1" 200 9970
INFO 2025-11-17 22:57:35,466 basehttp "GET /user/profile/ HTTP/1.1" 200 7683
INFO 2025-11-17 22:57:43,282 basehttp "GET / HTTP/1.1" 200 12477
INFO 2025-11-17 22:57:50,289 basehttp "GET /about/ HTTP/1.1" 200 10722
INFO 2025-11-17 22:57:57,702 basehttp "GET /jobs/ HTTP/1.1" 200 10270
INFO 2025-11-17 22:58:02,421 basehttp "GET /analytics/ HTTP/1.1" 200 8742
INFO 2025-11-17 22:58:02,450 basehttp "GET /media/charts/igrushki.png HTTP/1.1" 200 26246
INFO 2025-11-17 22:58:02,451 basehttp "GET /media/charts/aksessuary.png HTTP/1.1" 200 23277
INFO 2025-11-17 22:58:02,451 basehttp "GET /media/charts/korm.png HTTP/1.1" 200 29451
INFO 2025-11-17 22:58:02,461 basehttp "GET /media/charts/all.png HTTP/1.1" 200 33829
INFO 2025-11-17 22:58:47,593 basehttp "GET /promotional/ HTTP/1.1" 200 8355
INFO 2025-11-17 22:58:52,145 basehttp "GET /privacy_policy/ HTTP/1.1" 200 7877
INFO 2025-11-17 22:59:02,349 basehttp "GET / HTTP/1.1" 200 12477
INFO 2025-11-17 23:00:38,505 autoreload Watching for file changes with StatReloader
INFO 2025-11-17 23:00:39,957 basehttp "GET / HTTP/1.1" 200 12554
INFO 2025-11-17 23:00:40,884 basehttp "GET /contacts/table/ HTTP/1.1" 200 7121
INFO 2025-11-17 23:00:40,895 basehttp "GET /static/css/main/contacts_table.css HTTP/1.1" 304 0
INFO 2025-11-17 23:00:40,895 basehttp "GET /static/js/contacts_table.js HTTP/1.1" 304 0
INFO 2025-11-17 23:00:40,906 basehttp "GET /contacts/api/ HTTP/1.1" 200 1486
INFO 2025-11-17 23:13:20,513 autoreload Watching for file changes with StatReloader
INFO 2025-11-17 23:13:21,221 basehttp "GET /contacts/table/ HTTP/1.1" 200 7121
INFO 2025-11-17 23:13:21,232 basehttp "GET /static/css/base.css HTTP/1.1" 304 0
INFO 2025-11-17 23:13:21,235 basehttp "GET /static/js/theme.js HTTP/1.1" 304 0
INFO 2025-11-17 23:13:21,469 basehttp "GET /static/css/main/contacts_table.css HTTP/1.1" 200 3852
INFO 2025-11-17 23:13:21,484 basehttp "GET /static/js/contacts_table.js HTTP/1.1" 200 7550
INFO 2025-11-17 23:13:21,497 basehttp "GET /contacts/api/ HTTP/1.1" 200 1486
INFO 2025-11-17 23:21:50,937 autoreload Watching for file changes with StatReloader
INFO 2025-11-17 23:21:52,461 basehttp "GET /contacts/table/ HTTP/1.1" 200 7121
INFO 2025-11-17 23:21:52,471 basehttp "GET /static/css/main/contacts_table.css HTTP/1.1" 304 0
INFO 2025-11-17 23:21:52,586 basehttp "GET /static/js/contacts_table.js HTTP/1.1" 200 8490
INFO 2025-11-17 23:21:52,602 basehttp "GET /contacts/api/ HTTP/1.1" 200 1486
INFO 2025-11-17 23:34:58,261 autoreload Watching for file changes with StatReloader
INFO 2025-11-17 23:35:00,000 basehttp "GET /contacts/table/ HTTP/1.1" 200 7121
INFO 2025-11-17 23:35:00,010 basehttp "GET /static/css/main/contacts_table.css HTTP/1.1" 304 0
INFO 2025-11-17 23:35:00,012 basehttp "GET /static/css/base.css HTTP/1.1" 304 0
INFO 2025-11-17 23:35:00,017 basehttp "GET /static/js/theme.js HTTP/1.1" 304 0
INFO 2025-11-17 23:35:00,135 basehttp "GET /static/js/contacts_table.js HTTP/1.1" 200 8982
INFO 2025-11-17 23:35:00,151 basehttp "GET /contacts/api/ HTTP/1.1" 200 1486
INFO 2025-11-17 23:38:20,939 basehttp "GET /contacts/table/ HTTP/1.1" 200 7121
INFO 2025-11-17 23:38:20,950 basehttp "GET /static/css/main/contacts_table.css HTTP/1.1" 304 0
INFO 2025-11-17 23:38:20,950 basehttp "GET /static/js/contacts_table.js HTTP/1.1" 304 0
INFO 2025-11-17 23:38:20,964 basehttp "GET /contacts/api/ HTTP/1.1" 200 1486
INFO 2025-11-17 23:39:39,183 basehttp "GET / HTTP/1.1" 200 12554
INFO 2025-11-17 23:39:45,447 basehttp "GET /about/ HTTP/1.1" 200 10799
INFO 2025-11-17 23:39:52,647 basehttp "GET /contact/ HTTP/1.1" 200 9099
INFO 2025-11-17 23:39:57,123 basehttp "GET /jobs/ HTTP/1.1" 200 10347
INFO 2025-11-17 23:40:01,343 basehttp "GET /analytics/ HTTP/1.1" 200 8819
INFO 2025-11-17 23:40:01,376 basehttp "GET /media/charts/all.png HTTP/1.1" 200 33829
INFO 2025-11-17 23:40:01,377 basehttp "GET /media/charts/aksessuary.png HTTP/1.1" 200 23277
INFO 2025-11-17 23:40:01,382 basehttp "GET /media/charts/korm.png HTTP/1.1" 200 29451
INFO 2025-11-17 23:40:13,380 basehttp "GET /promotional/ HTTP/1.1" 200 8432
INFO 2025-11-17 23:40:17,386 basehttp "GET /privacy_policy/ HTTP/1.1" 200 7954
INFO 2025-11-17 23:41:29,019 basehttp "GET /news/ HTTP/1.1" 200 15932
INFO 2025-11-17 23:41:44,502 basehttp "GET /faq/ HTTP/1.1" 200 9557
INFO 2025-11-17 23:41:48,335 basehttp "GET /reviews/ HTTP/1.1" 200 10047
INFO 2025-11-17 23:41:54,100 basehttp "GET /user/profile/ HTTP/1.1" 200 7760
INFO 2025-11-17 23:41:58,307 basehttp "GET /suppliers/ HTTP/1.1" 200 9056
INFO 2025-11-17 23:41:58,316 basehttp "GET /static/css/main/supplier_list.css HTTP/1.1" 200 1876
INFO 2025-11-17 23:42:14,114 basehttp "GET /user/users/ HTTP/1.1" 200 10602
INFO 2025-11-17 23:42:23,487 basehttp "GET /user/admin_orders/ HTTP/1.1" 200 9864
INFO 2025-11-17 23:42:23,497 basehttp "GET /static/css/users/admin_orders.css HTTP/1.1" 200 2115
INFO 2025-11-17 23:42:41,780 basehttp "GET /catalog/all/ HTTP/1.1" 200 10483
INFO 2025-11-17 23:42:41,792 basehttp "GET /static/css/goods/catalog.css HTTP/1.1" 200 3186
INFO 2025-11-17 23:42:41,806 basehttp "GET /media/goods_images/aquarium.jpg HTTP/1.1" 200 60510
INFO 2025-11-17 23:42:41,808 basehttp "GET /media/goods_images/rabbit_house.jpg HTTP/1.1" 200 166474
INFO 2025-11-17 23:42:41,810 basehttp "GET /media/goods_images/cat_tree.jpg HTTP/1.1" 200 35022
INFO 2025-11-17 23:42:49,303 basehttp "GET /catalog/all/?order_by=default_price HTTP/1.1" 200 10719
INFO 2025-11-17 23:42:49,332 basehttp "GET /media/goods_images/pet_carrier.jpg HTTP/1.1" 200 92160
INFO 2025-11-17 23:42:49,332 basehttp "GET /media/goods_images/cat_food.jpg HTTP/1.1" 200 127347
INFO 2025-11-17 23:42:49,333 basehttp "GET /media/goods_images/dog_bed.jpg HTTP/1.1" 200 87008
INFO 2025-11-17 23:42:52,186 basehttp "GET /catalog/product/perenoska-dlya-pitomcev/ HTTP/1.1" 200 7049
INFO 2025-11-17 23:42:52,194 basehttp "GET /static/css/goods/product.css HTTP/1.1" 200 2245
INFO 2025-11-17 23:42:57,288 basehttp "GET /user/logout/ HTTP/1.1" 302 0
INFO 2025-11-17 23:42:57,302 basehttp "GET / HTTP/1.1" 200 11574
INFO 2025-11-17 23:42:58,960 basehttp "GET /user/login/ HTTP/1.1" 200 5340
INFO 2025-11-17 23:43:07,024 basehttp "POST /user/login/ HTTP/1.1" 302 0
INFO 2025-11-17 23:43:07,057 basehttp "GET /user/profile/ HTTP/1.1" 200 15309
INFO 2025-11-17 23:43:07,073 basehttp "GET /static/css/carts/included_cart.css HTTP/1.1" 200 1600
INFO 2025-11-17 23:43:12,410 basehttp "GET /catalog/all/ HTTP/1.1" 200 10047
INFO 2025-11-17 23:43:12,419 basehttp "GET /static/icons/cart-plus.svg HTTP/1.1" 200 565
INFO 2025-11-17 23:43:15,280 basehttp "POST /cart/cart_add/ HTTP/1.1" 200 2130
INFO 2025-11-17 23:43:16,762 basehttp "POST /cart/cart_add/ HTTP/1.1" 200 3773
INFO 2025-11-17 23:43:21,606 basehttp "GET /user/users-cart/ HTTP/1.1" 200 8181
INFO 2025-11-17 23:43:21,619 basehttp "GET /static/icons/trash3-fill.svg HTTP/1.1" 200 578
INFO 2025-11-17 23:43:21,620 basehttp "GET /static/css/users/users_cart.css HTTP/1.1" 200 419
INFO 2025-11-17 23:43:24,497 basehttp "GET /orders/create-order/ HTTP/1.1" 200 10889
INFO 2025-11-17 23:43:24,508 basehttp "GET /static/css/orders/create_order.css HTTP/1.1" 200 1359
INFO 2025-11-17 23:43:43,978 basehttp "POST /orders/create-order/ HTTP/1.1" 302 0
INFO 2025-11-17 23:43:43,998 basehttp "GET /user/profile/ HTTP/1.1" 200 16447
INFO 2025-11-17 23:47:57,232 autoreload Watching for file changes with StatReloader
INFO 2025-11-17 23:48:15,103 basehttp "GET /user/logout/ HTTP/1.1" 302 0
INFO 2025-11-17 23:48:15,129 basehttp "GET / HTTP/1.1" 200 11574
INFO 2025-11-17 23:48:16,412 basehttp "GET /user/login/ HTTP/1.1" 200 5340
INFO 2025-11-17 23:48:21,703 basehttp "POST /user/login/ HTTP/1.1" 302 0
INFO 2025-11-17 23:48:21,729 basehttp "GET /user/profile/ HTTP/1.1" 200 7791
INFO 2025-11-17 23:48:22,723 basehttp "GET /contacts/table/ HTTP/1.1" 200 7121
INFO 2025-11-17 23:48:22,733 basehttp "GET /static/js/contacts_table.js HTTP/1.1" 304 0
INFO 2025-11-17 23:48:22,835 basehttp "GET /static/css/main/contacts_table.css HTTP/1.1" 200 3897
INFO 2025-11-17 23:48:22,851 basehttp "GET /contacts/api/ HTTP/1.1" 200 1486
INFO 2025-11-17 23:48:28,073 basehttp "GET /contacts/table/ HTTP/1.1" 200 7121
INFO 2025-11-17 23:48:28,081 basehttp "GET /static/css/main/contacts_table.css HTTP/1.1" 304 0
INFO 2025-11-17 23:48:28,095 basehttp "GET /contacts/api/ HTTP/1.1" 200 1486
INFO 2025-11-17 23:51:12,957 autoreload C:\Labs\353504_Antonava_01\STRWEB\LR3\ZooShopApp\main\views.py changed, reloading.
INFO 2025-11-17 23:51:14,209 autoreload Watching for file changes with StatReloader
INFO 2025-11-17 23:51:26,494 autoreload C:\Labs\353504_Antonava_01\STRWEB\LR3\ZooShopApp\main\views.py changed, reloading.
INFO 2025-11-17 23:51:27,650 autoreload Watching for file changes with StatReloader
INFO 2025-11-17 23:52:08,410 autoreload C:\Labs\353504_Antonava_01\STRWEB\LR3\ZooShopApp\main\urls.py changed, reloading.
INFO 2025-11-17 23:52:09,415 autoreload Watching for file changes with StatReloader
INFO 2025-11-17 23:54:48,996 autoreload Watching for file changes with StatReloader
INFO 2025-11-17 23:58:08,585 autoreload Watching for file changes with StatReloader
INFO 2025-11-17 23:58:27,275 basehttp "GET /static/css/base.css HTTP/1.1" 304 0
INFO 2025-11-17 23:58:27,276 basehttp "GET /static/css/main/contacts_table.css HTTP/1.1" 304 0
WARNING 2025-11-17 23:58:27,302 log Not Found: /.well-known/appspecific/com.chrome.devtools.json
WARNING 2025-11-17 23:58:27,302 basehttp "GET /.well-known/appspecific/com.chrome.devtools.json HTTP/1.1" 404 6685
INFO 2025-11-18 00:02:23,915 autoreload Watching for file changes with StatReloader
INFO 2025-11-18 00:02:24,856 basehttp "GET /contacts/table/ HTTP/1.1" 200 7121
INFO 2025-11-18 00:02:24,868 basehttp "GET /static/css/main/contacts_table.css HTTP/1.1" 304 0
INFO 2025-11-18 00:02:24,869 basehttp "GET /static/js/theme.js HTTP/1.1" 304 0
WARNING 2025-11-18 00:02:24,893 log Not Found: /.well-known/appspecific/com.chrome.devtools.json
WARNING 2025-11-18 00:02:24,894 basehttp "GET /.well-known/appspecific/com.chrome.devtools.json HTTP/1.1" 404 6685
INFO 2025-11-18 00:02:24,984 basehttp "GET /static/js/contacts_table.js HTTP/1.1" 200 9581
INFO 2025-11-18 00:04:20,403 autoreload Watching for file changes with StatReloader
INFO 2025-11-18 00:04:21,206 basehttp "GET /contacts/table/ HTTP/1.1" 200 7121
INFO 2025-11-18 00:04:21,219 basehttp "GET /static/css/main/contacts_table.css HTTP/1.1" 304 0
WARNING 2025-11-18 00:04:21,264 log Not Found: /.well-known/appspecific/com.chrome.devtools.json
WARNING 2025-11-18 00:04:21,265 basehttp "GET /.well-known/appspecific/com.chrome.devtools.json HTTP/1.1" 404 6685
INFO 2025-11-18 00:04:21,376 basehttp "GET /static/js/contacts_table.js HTTP/1.1" 200 9581
INFO 2025-11-18 00:04:21,399 basehttp "GET /contacts/api/ HTTP/1.1" 200 1486
INFO 2025-11-18 00:08:10,513 autoreload Watching for file changes with StatReloader
INFO 2025-11-18 00:12:07,499 autoreload Watching for file changes with StatReloader
INFO 2025-11-18 00:12:08,109 basehttp "GET /contacts/table/ HTTP/1.1" 200 7121
INFO 2025-11-18 00:12:08,122 basehttp "GET /static/css/main/contacts_table.css HTTP/1.1" 304 0
WARNING 2025-11-18 00:12:08,149 log Not Found: /.well-known/appspecific/com.chrome.devtools.json
WARNING 2025-11-18 00:12:08,150 basehttp "GET /.well-known/appspecific/com.chrome.devtools.json HTTP/1.1" 404 6685
INFO 2025-11-18 00:12:08,294 basehttp "GET /static/js/contacts_table.js HTTP/1.1" 200 8411
INFO 2025-11-18 00:12:08,317 basehttp "GET /contacts/api/ HTTP/1.1" 200 1486
INFO 2025-11-18 00:16:14,798 autoreload Watching for file changes with StatReloader
INFO 2025-11-18 00:16:15,985 basehttp "GET /contacts/table/ HTTP/1.1" 200 7121
INFO 2025-11-18 00:16:15,998 basehttp "GET /static/css/main/contacts_table.css HTTP/1.1" 304 0
WARNING 2025-11-18 00:16:16,024 log Not Found: /.well-known/appspecific/com.chrome.devtools.json
WARNING 2025-11-18 00:16:16,025 basehttp "GET /.well-known/appspecific/com.chrome.devtools.json HTTP/1.1" 404 6685
INFO 2025-11-18 00:16:16,114 basehttp "GET /static/js/contacts_table.js HTTP/1.1" 200 10053
INFO 2025-11-18 00:16:16,130 basehttp "GET /contacts/api/ HTTP/1.1" 200 1486
INFO 2025-11-18 00:21:32,834 autoreload C:\Labs\353504_Antonava_01\STRWEB\LR3\ZooShopApp\users\models.py changed, reloading.
INFO 2025-11-18 00:21:34,111 autoreload Watching for file changes with StatReloader
INFO 2025-11-18 00:27:01,660 autoreload Watching for file changes with StatReloader
INFO 2025-11-18 00:29:44,875 autoreload Watching for file changes with StatReloader
INFO 2025-11-18 00:30:04,796 autoreload Watching for file changes with StatReloader
INFO 2025-11-18 00:30:06,661 basehttp "GET / HTTP/1.1" 200 12554
INFO 2025-11-18 00:30:06,722 basehttp "GET /static/css/base.css HTTP/1.1" 304 0
INFO 2025-11-18 00:30:06,757 basehttp "GET /static/js/theme.js HTTP/1.1" 304 0
INFO 2025-11-18 00:30:09,056 basehttp "GET /user/logout/ HTTP/1.1" 302 0
INFO 2025-11-18 00:30:09,070 basehttp "GET / HTTP/1.1" 200 11574
INFO 2025-11-18 00:30:10,403 basehttp "GET /user/login/ HTTP/1.1" 200 5340
INFO 2025-11-18 00:30:12,956 basehttp "GET /user/registration/ HTTP/1.1" 200 8196
INFO 2025-11-18 00:30:28,337 basehttp "POST /user/registration/ HTTP/1.1" 200 8196
INFO 2025-11-18 00:30:36,090 basehttp "GET /user/login/ HTTP/1.1" 200 5340
INFO 2025-11-18 00:30:38,253 basehttp "POST /user/login/ HTTP/1.1" 200 5886
INFO 2025-11-18 00:30:42,005 basehttp "GET /user/registration/ HTTP/1.1" 200 8196
INFO 2025-11-18 00:31:05,522 basehttp "POST /user/registration/ HTTP/1.1" 200 8196
INFO 2025-11-18 00:35:56,423 autoreload Watching for file changes with StatReloader
INFO 2025-11-18 00:36:02,254 basehttp "POST /user/registration/ HTTP/1.1" 200 8763
INFO 2025-11-18 00:36:26,976 basehttp "POST /user/registration/ HTTP/1.1" 200 8763
INFO 2025-11-18 00:37:06,201 basehttp "POST /user/registration/ HTTP/1.1" 200 8664
INFO 2025-11-18 00:37:37,565 basehttp "POST /user/registration/ HTTP/1.1" 302 0
INFO 2025-11-18 00:37:37,588 basehttp "GET /user/profile/ HTTP/1.1" 200 7845
INFO 2025-11-18 00:38:01,919 basehttp "GET /user/logout/ HTTP/1.1" 302 0
INFO 2025-11-18 00:38:01,937 basehttp "GET / HTTP/1.1" 200 11574
INFO 2025-11-18 00:38:02,782 basehttp "GET /user/login/ HTTP/1.1" 200 5340
INFO 2025-11-18 00:38:07,124 basehttp "POST /user/login/ HTTP/1.1" 302 0
INFO 2025-11-18 00:38:07,152 basehttp "GET /user/profile/ HTTP/1.1" 200 7791
INFO 2025-11-18 00:38:08,409 basehttp "GET /contacts/table/ HTTP/1.1" 200 7121
INFO 2025-11-18 00:38:08,419 basehttp "GET /static/css/main/contacts_table.css HTTP/1.1" 304 0
INFO 2025-11-18 00:38:08,419 basehttp "GET /static/js/contacts_table.js HTTP/1.1" 304 0
INFO 2025-11-18 00:38:08,435 basehttp "GET /contacts/api/ HTTP/1.1" 200 1486
INFO 2025-11-18 00:40:06,487 autoreload C:\Labs\353504_Antonava_01\STRWEB\LR3\ZooShopApp\main\views.py changed, reloading.
INFO 2025-11-18 00:40:07,734 autoreload Watching for file changes with StatReloader
INFO 2025-11-18 00:40:23,718 autoreload Watching for file changes with StatReloader
INFO 2025-11-18 00:40:28,487 basehttp "GET /contacts/table/ HTTP/1.1" 200 7121
INFO 2025-11-18 00:40:28,495 basehttp "GET /static/js/contacts_table.js HTTP/1.1" 304 0
ERROR 2025-11-18 00:40:28,554 log Internal Server Error: /contacts/api/
Traceback (most recent call last):
  File "C:\Labs\353504_Antonava_01\STRWEB\LR3\ZooShopApp\.venv\Lib\site-packages\django\core\handlers\exception.py", line 55, in inner
    response = get_response(request)
               ^^^^^^^^^^^^^^^^^^^^^
  File "C:\Labs\353504_Antonava_01\STRWEB\LR3\ZooShopApp\.venv\Lib\site-packages\django\core\handlers\base.py", line 197, in _get_response
    response = wrapped_callback(request, *callback_args, **callback_kwargs)
               ^^^^^^^^^^^^^^^^^^^^^^^^^^^^^^^^^^^^^^^^^^^^^^^^^^^^^^^^^^^^
  File "C:\Labs\353504_Antonava_01\STRWEB\LR3\ZooShopApp\main\views.py", line 94, in contacts_api
    employees = Employee.objects.all()
                ^^^^^^^^
NameError: name 'Employee' is not defined
ERROR 2025-11-18 00:40:28,556 basehttp "GET /contacts/api/ HTTP/1.1" 500 73039
WARNING 2025-11-18 00:58:44,632 log Bad Request: /contacts/api/add/
WARNING 2025-11-18 00:58:44,633 basehttp "POST /contacts/api/add/ HTTP/1.1" 400 64
INFO 2025-11-18 01:02:09,185 autoreload Watching for file changes with StatReloader
INFO 2025-11-18 01:02:09,887 basehttp "GET /contacts/table/ HTTP/1.1" 200 7121
INFO 2025-11-18 01:02:09,897 basehttp "GET /static/css/main/contacts_table.css HTTP/1.1" 304 0
INFO 2025-11-18 01:02:09,899 basehttp "GET /static/css/base.css HTTP/1.1" 304 0
INFO 2025-11-18 01:02:09,900 basehttp "GET /static/js/contacts_table.js HTTP/1.1" 304 0
INFO 2025-11-18 01:02:09,900 basehttp "GET /static/js/theme.js HTTP/1.1" 304 0
ERROR 2025-11-18 01:02:10,040 log Internal Server Error: /contacts/api/
Traceback (most recent call last):
  File "C:\Labs\353504_Antonava_01\STRWEB\LR3\ZooShopApp\.venv\Lib\site-packages\django\db\backends\utils.py", line 105, in _execute
    return self.cursor.execute(sql, params)
           ^^^^^^^^^^^^^^^^^^^^^^^^^^^^^^^^
  File "C:\Labs\353504_Antonava_01\STRWEB\LR3\ZooShopApp\.venv\Lib\site-packages\django\db\backends\sqlite3\base.py", line 360, in execute
    return super().execute(query, params)
           ^^^^^^^^^^^^^^^^^^^^^^^^^^^^^^
sqlite3.OperationalError: no such table: main_employee

The above exception was the direct cause of the following exception:

Traceback (most recent call last):
  File "C:\Labs\353504_Antonava_01\STRWEB\LR3\ZooShopApp\.venv\Lib\site-packages\django\core\handlers\exception.py", line 55, in inner
    response = get_response(request)
               ^^^^^^^^^^^^^^^^^^^^^
  File "C:\Labs\353504_Antonava_01\STRWEB\LR3\ZooShopApp\.venv\Lib\site-packages\django\core\handlers\base.py", line 197, in _get_response
    response = wrapped_callback(request, *callback_args, **callback_kwargs)
               ^^^^^^^^^^^^^^^^^^^^^^^^^^^^^^^^^^^^^^^^^^^^^^^^^^^^^^^^^^^^
  File "C:\Labs\353504_Antonava_01\STRWEB\LR3\ZooShopApp\main\views.py", line 96, in contacts_api
    data = [
           ^
  File "C:\Labs\353504_Antonava_01\STRWEB\LR3\ZooShopApp\.venv\Lib\site-packages\django\db\models\query.py", line 384, in __iter__
    self._fetch_all()
  File "C:\Labs\353504_Antonava_01\STRWEB\LR3\ZooShopApp\.venv\Lib\site-packages\django\db\models\query.py", line 1949, in _fetch_all
    self._result_cache = list(self._iterable_class(self))
                         ^^^^^^^^^^^^^^^^^^^^^^^^^^^^^^^^
  File "C:\Labs\353504_Antonava_01\STRWEB\LR3\ZooShopApp\.venv\Lib\site-packages\django\db\models\query.py", line 91, in __iter__
    results = compiler.execute_sql(
              ^^^^^^^^^^^^^^^^^^^^^
  File "C:\Labs\353504_Antonava_01\STRWEB\LR3\ZooShopApp\.venv\Lib\site-packages\django\db\models\sql\compiler.py", line 1623, in execute_sql
    cursor.execute(sql, params)
  File "C:\Labs\353504_Antonava_01\STRWEB\LR3\ZooShopApp\.venv\Lib\site-packages\django\db\backends\utils.py", line 122, in execute
    return super().execute(sql, params)
           ^^^^^^^^^^^^^^^^^^^^^^^^^^^^
  File "C:\Labs\353504_Antonava_01\STRWEB\LR3\ZooShopApp\.venv\Lib\site-packages\django\db\backends\utils.py", line 79, in execute
    return self._execute_with_wrappers(
           ^^^^^^^^^^^^^^^^^^^^^^^^^^^^
  File "C:\Labs\353504_Antonava_01\STRWEB\LR3\ZooShopApp\.venv\Lib\site-packages\django\db\backends\utils.py", line 92, in _execute_with_wrappers
    return executor(sql, params, many, context)
           ^^^^^^^^^^^^^^^^^^^^^^^^^^^^^^^^^^^^
  File "C:\Labs\353504_Antonava_01\STRWEB\LR3\ZooShopApp\.venv\Lib\site-packages\django\db\backends\utils.py", line 100, in _execute
    with self.db.wrap_database_errors:
  File "C:\Labs\353504_Antonava_01\STRWEB\LR3\ZooShopApp\.venv\Lib\site-packages\django\db\utils.py", line 91, in __exit__
    raise dj_exc_value.with_traceback(traceback) from exc_value
  File "C:\Labs\353504_Antonava_01\STRWEB\LR3\ZooShopApp\.venv\Lib\site-packages\django\db\backends\utils.py", line 105, in _execute
    return self.cursor.execute(sql, params)
           ^^^^^^^^^^^^^^^^^^^^^^^^^^^^^^^^
  File "C:\Labs\353504_Antonava_01\STRWEB\LR3\ZooShopApp\.venv\Lib\site-packages\django\db\backends\sqlite3\base.py", line 360, in execute
    return super().execute(query, params)
           ^^^^^^^^^^^^^^^^^^^^^^^^^^^^^^
django.db.utils.OperationalError: no such table: main_employee
ERROR 2025-11-18 01:02:10,048 basehttp "GET /contacts/api/ HTTP/1.1" 500 135899
INFO 2025-11-18 01:03:16,623 basehttp "GET /contacts/table/ HTTP/1.1" 200 7121
ERROR 2025-11-18 01:03:16,683 log Internal Server Error: /contacts/api/
Traceback (most recent call last):
  File "C:\Labs\353504_Antonava_01\STRWEB\LR3\ZooShopApp\.venv\Lib\site-packages\django\db\backends\utils.py", line 105, in _execute
    return self.cursor.execute(sql, params)
           ^^^^^^^^^^^^^^^^^^^^^^^^^^^^^^^^
  File "C:\Labs\353504_Antonava_01\STRWEB\LR3\ZooShopApp\.venv\Lib\site-packages\django\db\backends\sqlite3\base.py", line 360, in execute
    return super().execute(query, params)
           ^^^^^^^^^^^^^^^^^^^^^^^^^^^^^^
sqlite3.OperationalError: no such table: main_employee

The above exception was the direct cause of the following exception:

Traceback (most recent call last):
  File "C:\Labs\353504_Antonava_01\STRWEB\LR3\ZooShopApp\.venv\Lib\site-packages\django\core\handlers\exception.py", line 55, in inner
    response = get_response(request)
               ^^^^^^^^^^^^^^^^^^^^^
  File "C:\Labs\353504_Antonava_01\STRWEB\LR3\ZooShopApp\.venv\Lib\site-packages\django\core\handlers\base.py", line 197, in _get_response
    response = wrapped_callback(request, *callback_args, **callback_kwargs)
               ^^^^^^^^^^^^^^^^^^^^^^^^^^^^^^^^^^^^^^^^^^^^^^^^^^^^^^^^^^^^
  File "C:\Labs\353504_Antonava_01\STRWEB\LR3\ZooShopApp\main\views.py", line 96, in contacts_api
    data = [
           ^
  File "C:\Labs\353504_Antonava_01\STRWEB\LR3\ZooShopApp\.venv\Lib\site-packages\django\db\models\query.py", line 384, in __iter__
    self._fetch_all()
  File "C:\Labs\353504_Antonava_01\STRWEB\LR3\ZooShopApp\.venv\Lib\site-packages\django\db\models\query.py", line 1949, in _fetch_all
    self._result_cache = list(self._iterable_class(self))
                         ^^^^^^^^^^^^^^^^^^^^^^^^^^^^^^^^
  File "C:\Labs\353504_Antonava_01\STRWEB\LR3\ZooShopApp\.venv\Lib\site-packages\django\db\models\query.py", line 91, in __iter__
    results = compiler.execute_sql(
              ^^^^^^^^^^^^^^^^^^^^^
  File "C:\Labs\353504_Antonava_01\STRWEB\LR3\ZooShopApp\.venv\Lib\site-packages\django\db\models\sql\compiler.py", line 1623, in execute_sql
    cursor.execute(sql, params)
  File "C:\Labs\353504_Antonava_01\STRWEB\LR3\ZooShopApp\.venv\Lib\site-packages\django\db\backends\utils.py", line 122, in execute
    return super().execute(sql, params)
           ^^^^^^^^^^^^^^^^^^^^^^^^^^^^
  File "C:\Labs\353504_Antonava_01\STRWEB\LR3\ZooShopApp\.venv\Lib\site-packages\django\db\backends\utils.py", line 79, in execute
    return self._execute_with_wrappers(
           ^^^^^^^^^^^^^^^^^^^^^^^^^^^^
  File "C:\Labs\353504_Antonava_01\STRWEB\LR3\ZooShopApp\.venv\Lib\site-packages\django\db\backends\utils.py", line 92, in _execute_with_wrappers
    return executor(sql, params, many, context)
           ^^^^^^^^^^^^^^^^^^^^^^^^^^^^^^^^^^^^
  File "C:\Labs\353504_Antonava_01\STRWEB\LR3\ZooShopApp\.venv\Lib\site-packages\django\db\backends\utils.py", line 100, in _execute
    with self.db.wrap_database_errors:
  File "C:\Labs\353504_Antonava_01\STRWEB\LR3\ZooShopApp\.venv\Lib\site-packages\django\db\utils.py", line 91, in __exit__
    raise dj_exc_value.with_traceback(traceback) from exc_value
  File "C:\Labs\353504_Antonava_01\STRWEB\LR3\ZooShopApp\.venv\Lib\site-packages\django\db\backends\utils.py", line 105, in _execute
    return self.cursor.execute(sql, params)
           ^^^^^^^^^^^^^^^^^^^^^^^^^^^^^^^^
  File "C:\Labs\353504_Antonava_01\STRWEB\LR3\ZooShopApp\.venv\Lib\site-packages\django\db\backends\sqlite3\base.py", line 360, in execute
    return super().execute(query, params)
           ^^^^^^^^^^^^^^^^^^^^^^^^^^^^^^
django.db.utils.OperationalError: no such table: main_employee
ERROR 2025-11-18 01:03:16,685 basehttp "GET /contacts/api/ HTTP/1.1" 500 135899
INFO 2025-11-18 01:07:38,886 autoreload Watching for file changes with StatReloader
INFO 2025-11-18 01:07:39,671 basehttp "GET /contacts/table/ HTTP/1.1" 200 7121
INFO 2025-11-18 01:07:39,681 basehttp "GET /static/js/contacts_table.js HTTP/1.1" 304 0
ERROR 2025-11-18 01:07:39,759 log Internal Server Error: /contacts/api/
Traceback (most recent call last):
  File "C:\Labs\353504_Antonava_01\STRWEB\LR3\ZooShopApp\.venv\Lib\site-packages\django\db\backends\utils.py", line 105, in _execute
    return self.cursor.execute(sql, params)
           ^^^^^^^^^^^^^^^^^^^^^^^^^^^^^^^^
  File "C:\Labs\353504_Antonava_01\STRWEB\LR3\ZooShopApp\.venv\Lib\site-packages\django\db\backends\sqlite3\base.py", line 360, in execute
    return super().execute(query, params)
           ^^^^^^^^^^^^^^^^^^^^^^^^^^^^^^
sqlite3.OperationalError: no such table: main_employee

The above exception was the direct cause of the following exception:

Traceback (most recent call last):
  File "C:\Labs\353504_Antonava_01\STRWEB\LR3\ZooShopApp\.venv\Lib\site-packages\django\core\handlers\exception.py", line 55, in inner
    response = get_response(request)
               ^^^^^^^^^^^^^^^^^^^^^
  File "C:\Labs\353504_Antonava_01\STRWEB\LR3\ZooShopApp\.venv\Lib\site-packages\django\core\handlers\base.py", line 197, in _get_response
    response = wrapped_callback(request, *callback_args, **callback_kwargs)
               ^^^^^^^^^^^^^^^^^^^^^^^^^^^^^^^^^^^^^^^^^^^^^^^^^^^^^^^^^^^^
  File "C:\Labs\353504_Antonava_01\STRWEB\LR3\ZooShopApp\main\views.py", line 96, in contacts_api
    data = [
           ^
  File "C:\Labs\353504_Antonava_01\STRWEB\LR3\ZooShopApp\.venv\Lib\site-packages\django\db\models\query.py", line 384, in __iter__
    self._fetch_all()
  File "C:\Labs\353504_Antonava_01\STRWEB\LR3\ZooShopApp\.venv\Lib\site-packages\django\db\models\query.py", line 1949, in _fetch_all
    self._result_cache = list(self._iterable_class(self))
                         ^^^^^^^^^^^^^^^^^^^^^^^^^^^^^^^^
  File "C:\Labs\353504_Antonava_01\STRWEB\LR3\ZooShopApp\.venv\Lib\site-packages\django\db\models\query.py", line 91, in __iter__
    results = compiler.execute_sql(
              ^^^^^^^^^^^^^^^^^^^^^
  File "C:\Labs\353504_Antonava_01\STRWEB\LR3\ZooShopApp\.venv\Lib\site-packages\django\db\models\sql\compiler.py", line 1623, in execute_sql
    cursor.execute(sql, params)
  File "C:\Labs\353504_Antonava_01\STRWEB\LR3\ZooShopApp\.venv\Lib\site-packages\django\db\backends\utils.py", line 122, in execute
    return super().execute(sql, params)
           ^^^^^^^^^^^^^^^^^^^^^^^^^^^^
  File "C:\Labs\353504_Antonava_01\STRWEB\LR3\ZooShopApp\.venv\Lib\site-packages\django\db\backends\utils.py", line 79, in execute
    return self._execute_with_wrappers(
           ^^^^^^^^^^^^^^^^^^^^^^^^^^^^
  File "C:\Labs\353504_Antonava_01\STRWEB\LR3\ZooShopApp\.venv\Lib\site-packages\django\db\backends\utils.py", line 92, in _execute_with_wrappers
    return executor(sql, params, many, context)
           ^^^^^^^^^^^^^^^^^^^^^^^^^^^^^^^^^^^^
  File "C:\Labs\353504_Antonava_01\STRWEB\LR3\ZooShopApp\.venv\Lib\site-packages\django\db\backends\utils.py", line 100, in _execute
    with self.db.wrap_database_errors:
  File "C:\Labs\353504_Antonava_01\STRWEB\LR3\ZooShopApp\.venv\Lib\site-packages\django\db\utils.py", line 91, in __exit__
    raise dj_exc_value.with_traceback(traceback) from exc_value
  File "C:\Labs\353504_Antonava_01\STRWEB\LR3\ZooShopApp\.venv\Lib\site-packages\django\db\backends\utils.py", line 105, in _execute
    return self.cursor.execute(sql, params)
           ^^^^^^^^^^^^^^^^^^^^^^^^^^^^^^^^
  File "C:\Labs\353504_Antonava_01\STRWEB\LR3\ZooShopApp\.venv\Lib\site-packages\django\db\backends\sqlite3\base.py", line 360, in execute
    return super().execute(query, params)
           ^^^^^^^^^^^^^^^^^^^^^^^^^^^^^^
django.db.utils.OperationalError: no such table: main_employee
ERROR 2025-11-18 01:07:39,766 basehttp "GET /contacts/api/ HTTP/1.1" 500 135899
WARNING 2025-11-18 01:08:00,115 log Bad Request: /contacts/api/add/
WARNING 2025-11-18 01:08:00,116 basehttp "POST /contacts/api/add/ HTTP/1.1" 400 104
INFO 2025-11-18 01:09:18,414 autoreload Watching for file changes with StatReloader
INFO 2025-11-18 01:09:19,185 basehttp "GET /contacts/table/ HTTP/1.1" 200 7121
ERROR 2025-11-18 01:09:19,257 log Internal Server Error: /contacts/api/
Traceback (most recent call last):
  File "C:\Labs\353504_Antonava_01\STRWEB\LR3\ZooShopApp\.venv\Lib\site-packages\django\db\backends\utils.py", line 105, in _execute
    return self.cursor.execute(sql, params)
           ^^^^^^^^^^^^^^^^^^^^^^^^^^^^^^^^
  File "C:\Labs\353504_Antonava_01\STRWEB\LR3\ZooShopApp\.venv\Lib\site-packages\django\db\backends\sqlite3\base.py", line 360, in execute
    return super().execute(query, params)
           ^^^^^^^^^^^^^^^^^^^^^^^^^^^^^^
sqlite3.OperationalError: no such table: main_employee

The above exception was the direct cause of the following exception:

Traceback (most recent call last):
  File "C:\Labs\353504_Antonava_01\STRWEB\LR3\ZooShopApp\.venv\Lib\site-packages\django\core\handlers\exception.py", line 55, in inner
    response = get_response(request)
               ^^^^^^^^^^^^^^^^^^^^^
  File "C:\Labs\353504_Antonava_01\STRWEB\LR3\ZooShopApp\.venv\Lib\site-packages\django\core\handlers\base.py", line 197, in _get_response
    response = wrapped_callback(request, *callback_args, **callback_kwargs)
               ^^^^^^^^^^^^^^^^^^^^^^^^^^^^^^^^^^^^^^^^^^^^^^^^^^^^^^^^^^^^
  File "C:\Labs\353504_Antonava_01\STRWEB\LR3\ZooShopApp\main\views.py", line 95, in contacts_api
    data = [
           ^
  File "C:\Labs\353504_Antonava_01\STRWEB\LR3\ZooShopApp\.venv\Lib\site-packages\django\db\models\query.py", line 384, in __iter__
    self._fetch_all()
  File "C:\Labs\353504_Antonava_01\STRWEB\LR3\ZooShopApp\.venv\Lib\site-packages\django\db\models\query.py", line 1949, in _fetch_all
    self._result_cache = list(self._iterable_class(self))
                         ^^^^^^^^^^^^^^^^^^^^^^^^^^^^^^^^
  File "C:\Labs\353504_Antonava_01\STRWEB\LR3\ZooShopApp\.venv\Lib\site-packages\django\db\models\query.py", line 91, in __iter__
    results = compiler.execute_sql(
              ^^^^^^^^^^^^^^^^^^^^^
  File "C:\Labs\353504_Antonava_01\STRWEB\LR3\ZooShopApp\.venv\Lib\site-packages\django\db\models\sql\compiler.py", line 1623, in execute_sql
    cursor.execute(sql, params)
  File "C:\Labs\353504_Antonava_01\STRWEB\LR3\ZooShopApp\.venv\Lib\site-packages\django\db\backends\utils.py", line 122, in execute
    return super().execute(sql, params)
           ^^^^^^^^^^^^^^^^^^^^^^^^^^^^
  File "C:\Labs\353504_Antonava_01\STRWEB\LR3\ZooShopApp\.venv\Lib\site-packages\django\db\backends\utils.py", line 79, in execute
    return self._execute_with_wrappers(
           ^^^^^^^^^^^^^^^^^^^^^^^^^^^^
  File "C:\Labs\353504_Antonava_01\STRWEB\LR3\ZooShopApp\.venv\Lib\site-packages\django\db\backends\utils.py", line 92, in _execute_with_wrappers
    return executor(sql, params, many, context)
           ^^^^^^^^^^^^^^^^^^^^^^^^^^^^^^^^^^^^
  File "C:\Labs\353504_Antonava_01\STRWEB\LR3\ZooShopApp\.venv\Lib\site-packages\django\db\backends\utils.py", line 100, in _execute
    with self.db.wrap_database_errors:
  File "C:\Labs\353504_Antonava_01\STRWEB\LR3\ZooShopApp\.venv\Lib\site-packages\django\db\utils.py", line 91, in __exit__
    raise dj_exc_value.with_traceback(traceback) from exc_value
  File "C:\Labs\353504_Antonava_01\STRWEB\LR3\ZooShopApp\.venv\Lib\site-packages\django\db\backends\utils.py", line 105, in _execute
    return self.cursor.execute(sql, params)
           ^^^^^^^^^^^^^^^^^^^^^^^^^^^^^^^^
  File "C:\Labs\353504_Antonava_01\STRWEB\LR3\ZooShopApp\.venv\Lib\site-packages\django\db\backends\sqlite3\base.py", line 360, in execute
    return super().execute(query, params)
           ^^^^^^^^^^^^^^^^^^^^^^^^^^^^^^
django.db.utils.OperationalError: no such table: main_employee
ERROR 2025-11-18 01:09:19,264 basehttp "GET /contacts/api/ HTTP/1.1" 500 135879
INFO 2025-11-18 01:09:26,974 basehttp "GET /contacts/table/ HTTP/1.1" 200 7121
ERROR 2025-11-18 01:09:27,029 log Internal Server Error: /contacts/api/
Traceback (most recent call last):
  File "C:\Labs\353504_Antonava_01\STRWEB\LR3\ZooShopApp\.venv\Lib\site-packages\django\db\backends\utils.py", line 105, in _execute
    return self.cursor.execute(sql, params)
           ^^^^^^^^^^^^^^^^^^^^^^^^^^^^^^^^
  File "C:\Labs\353504_Antonava_01\STRWEB\LR3\ZooShopApp\.venv\Lib\site-packages\django\db\backends\sqlite3\base.py", line 360, in execute
    return super().execute(query, params)
           ^^^^^^^^^^^^^^^^^^^^^^^^^^^^^^
sqlite3.OperationalError: no such table: main_employee

The above exception was the direct cause of the following exception:

Traceback (most recent call last):
  File "C:\Labs\353504_Antonava_01\STRWEB\LR3\ZooShopApp\.venv\Lib\site-packages\django\core\handlers\exception.py", line 55, in inner
    response = get_response(request)
               ^^^^^^^^^^^^^^^^^^^^^
  File "C:\Labs\353504_Antonava_01\STRWEB\LR3\ZooShopApp\.venv\Lib\site-packages\django\core\handlers\base.py", line 197, in _get_response
    response = wrapped_callback(request, *callback_args, **callback_kwargs)
               ^^^^^^^^^^^^^^^^^^^^^^^^^^^^^^^^^^^^^^^^^^^^^^^^^^^^^^^^^^^^
  File "C:\Labs\353504_Antonava_01\STRWEB\LR3\ZooShopApp\main\views.py", line 95, in contacts_api
    data = [
           ^
  File "C:\Labs\353504_Antonava_01\STRWEB\LR3\ZooShopApp\.venv\Lib\site-packages\django\db\models\query.py", line 384, in __iter__
    self._fetch_all()
  File "C:\Labs\353504_Antonava_01\STRWEB\LR3\ZooShopApp\.venv\Lib\site-packages\django\db\models\query.py", line 1949, in _fetch_all
    self._result_cache = list(self._iterable_class(self))
                         ^^^^^^^^^^^^^^^^^^^^^^^^^^^^^^^^
  File "C:\Labs\353504_Antonava_01\STRWEB\LR3\ZooShopApp\.venv\Lib\site-packages\django\db\models\query.py", line 91, in __iter__
    results = compiler.execute_sql(
              ^^^^^^^^^^^^^^^^^^^^^
  File "C:\Labs\353504_Antonava_01\STRWEB\LR3\ZooShopApp\.venv\Lib\site-packages\django\db\models\sql\compiler.py", line 1623, in execute_sql
    cursor.execute(sql, params)
  File "C:\Labs\353504_Antonava_01\STRWEB\LR3\ZooShopApp\.venv\Lib\site-packages\django\db\backends\utils.py", line 122, in execute
    return super().execute(sql, params)
           ^^^^^^^^^^^^^^^^^^^^^^^^^^^^
  File "C:\Labs\353504_Antonava_01\STRWEB\LR3\ZooShopApp\.venv\Lib\site-packages\django\db\backends\utils.py", line 79, in execute
    return self._execute_with_wrappers(
           ^^^^^^^^^^^^^^^^^^^^^^^^^^^^
  File "C:\Labs\353504_Antonava_01\STRWEB\LR3\ZooShopApp\.venv\Lib\site-packages\django\db\backends\utils.py", line 92, in _execute_with_wrappers
    return executor(sql, params, many, context)
           ^^^^^^^^^^^^^^^^^^^^^^^^^^^^^^^^^^^^
  File "C:\Labs\353504_Antonava_01\STRWEB\LR3\ZooShopApp\.venv\Lib\site-packages\django\db\backends\utils.py", line 100, in _execute
    with self.db.wrap_database_errors:
  File "C:\Labs\353504_Antonava_01\STRWEB\LR3\ZooShopApp\.venv\Lib\site-packages\django\db\utils.py", line 91, in __exit__
    raise dj_exc_value.with_traceback(traceback) from exc_value
  File "C:\Labs\353504_Antonava_01\STRWEB\LR3\ZooShopApp\.venv\Lib\site-packages\django\db\backends\utils.py", line 105, in _execute
    return self.cursor.execute(sql, params)
           ^^^^^^^^^^^^^^^^^^^^^^^^^^^^^^^^
  File "C:\Labs\353504_Antonava_01\STRWEB\LR3\ZooShopApp\.venv\Lib\site-packages\django\db\backends\sqlite3\base.py", line 360, in execute
    return super().execute(query, params)
           ^^^^^^^^^^^^^^^^^^^^^^^^^^^^^^
django.db.utils.OperationalError: no such table: main_employee
ERROR 2025-11-18 01:09:27,031 basehttp "GET /contacts/api/ HTTP/1.1" 500 135879
INFO 2025-11-18 01:09:28,100 basehttp "GET /contacts/table/ HTTP/1.1" 200 7121
ERROR 2025-11-18 01:09:28,151 log Internal Server Error: /contacts/api/
Traceback (most recent call last):
  File "C:\Labs\353504_Antonava_01\STRWEB\LR3\ZooShopApp\.venv\Lib\site-packages\django\db\backends\utils.py", line 105, in _execute
    return self.cursor.execute(sql, params)
           ^^^^^^^^^^^^^^^^^^^^^^^^^^^^^^^^
  File "C:\Labs\353504_Antonava_01\STRWEB\LR3\ZooShopApp\.venv\Lib\site-packages\django\db\backends\sqlite3\base.py", line 360, in execute
    return super().execute(query, params)
           ^^^^^^^^^^^^^^^^^^^^^^^^^^^^^^
sqlite3.OperationalError: no such table: main_employee

The above exception was the direct cause of the following exception:

Traceback (most recent call last):
  File "C:\Labs\353504_Antonava_01\STRWEB\LR3\ZooShopApp\.venv\Lib\site-packages\django\core\handlers\exception.py", line 55, in inner
    response = get_response(request)
               ^^^^^^^^^^^^^^^^^^^^^
  File "C:\Labs\353504_Antonava_01\STRWEB\LR3\ZooShopApp\.venv\Lib\site-packages\django\core\handlers\base.py", line 197, in _get_response
    response = wrapped_callback(request, *callback_args, **callback_kwargs)
               ^^^^^^^^^^^^^^^^^^^^^^^^^^^^^^^^^^^^^^^^^^^^^^^^^^^^^^^^^^^^
  File "C:\Labs\353504_Antonava_01\STRWEB\LR3\ZooShopApp\main\views.py", line 95, in contacts_api
    data = [
           ^
  File "C:\Labs\353504_Antonava_01\STRWEB\LR3\ZooShopApp\.venv\Lib\site-packages\django\db\models\query.py", line 384, in __iter__
    self._fetch_all()
  File "C:\Labs\353504_Antonava_01\STRWEB\LR3\ZooShopApp\.venv\Lib\site-packages\django\db\models\query.py", line 1949, in _fetch_all
    self._result_cache = list(self._iterable_class(self))
                         ^^^^^^^^^^^^^^^^^^^^^^^^^^^^^^^^
  File "C:\Labs\353504_Antonava_01\STRWEB\LR3\ZooShopApp\.venv\Lib\site-packages\django\db\models\query.py", line 91, in __iter__
    results = compiler.execute_sql(
              ^^^^^^^^^^^^^^^^^^^^^
  File "C:\Labs\353504_Antonava_01\STRWEB\LR3\ZooShopApp\.venv\Lib\site-packages\django\db\models\sql\compiler.py", line 1623, in execute_sql
    cursor.execute(sql, params)
  File "C:\Labs\353504_Antonava_01\STRWEB\LR3\ZooShopApp\.venv\Lib\site-packages\django\db\backends\utils.py", line 122, in execute
    return super().execute(sql, params)
           ^^^^^^^^^^^^^^^^^^^^^^^^^^^^
  File "C:\Labs\353504_Antonava_01\STRWEB\LR3\ZooShopApp\.venv\Lib\site-packages\django\db\backends\utils.py", line 79, in execute
    return self._execute_with_wrappers(
           ^^^^^^^^^^^^^^^^^^^^^^^^^^^^
  File "C:\Labs\353504_Antonava_01\STRWEB\LR3\ZooShopApp\.venv\Lib\site-packages\django\db\backends\utils.py", line 92, in _execute_with_wrappers
    return executor(sql, params, many, context)
           ^^^^^^^^^^^^^^^^^^^^^^^^^^^^^^^^^^^^
  File "C:\Labs\353504_Antonava_01\STRWEB\LR3\ZooShopApp\.venv\Lib\site-packages\django\db\backends\utils.py", line 100, in _execute
    with self.db.wrap_database_errors:
  File "C:\Labs\353504_Antonava_01\STRWEB\LR3\ZooShopApp\.venv\Lib\site-packages\django\db\utils.py", line 91, in __exit__
    raise dj_exc_value.with_traceback(traceback) from exc_value
  File "C:\Labs\353504_Antonava_01\STRWEB\LR3\ZooShopApp\.venv\Lib\site-packages\django\db\backends\utils.py", line 105, in _execute
    return self.cursor.execute(sql, params)
           ^^^^^^^^^^^^^^^^^^^^^^^^^^^^^^^^
  File "C:\Labs\353504_Antonava_01\STRWEB\LR3\ZooShopApp\.venv\Lib\site-packages\django\db\backends\sqlite3\base.py", line 360, in execute
    return super().execute(query, params)
           ^^^^^^^^^^^^^^^^^^^^^^^^^^^^^^
django.db.utils.OperationalError: no such table: main_employee
ERROR 2025-11-18 01:09:28,155 basehttp "GET /contacts/api/ HTTP/1.1" 500 135879
INFO 2025-11-18 01:09:28,391 basehttp "GET /contacts/table/ HTTP/1.1" 200 7121
ERROR 2025-11-18 01:09:28,446 log Internal Server Error: /contacts/api/
Traceback (most recent call last):
  File "C:\Labs\353504_Antonava_01\STRWEB\LR3\ZooShopApp\.venv\Lib\site-packages\django\db\backends\utils.py", line 105, in _execute
    return self.cursor.execute(sql, params)
           ^^^^^^^^^^^^^^^^^^^^^^^^^^^^^^^^
  File "C:\Labs\353504_Antonava_01\STRWEB\LR3\ZooShopApp\.venv\Lib\site-packages\django\db\backends\sqlite3\base.py", line 360, in execute
    return super().execute(query, params)
           ^^^^^^^^^^^^^^^^^^^^^^^^^^^^^^
sqlite3.OperationalError: no such table: main_employee

The above exception was the direct cause of the following exception:

Traceback (most recent call last):
  File "C:\Labs\353504_Antonava_01\STRWEB\LR3\ZooShopApp\.venv\Lib\site-packages\django\core\handlers\exception.py", line 55, in inner
    response = get_response(request)
               ^^^^^^^^^^^^^^^^^^^^^
  File "C:\Labs\353504_Antonava_01\STRWEB\LR3\ZooShopApp\.venv\Lib\site-packages\django\core\handlers\base.py", line 197, in _get_response
    response = wrapped_callback(request, *callback_args, **callback_kwargs)
               ^^^^^^^^^^^^^^^^^^^^^^^^^^^^^^^^^^^^^^^^^^^^^^^^^^^^^^^^^^^^
  File "C:\Labs\353504_Antonava_01\STRWEB\LR3\ZooShopApp\main\views.py", line 95, in contacts_api
    data = [
           ^
  File "C:\Labs\353504_Antonava_01\STRWEB\LR3\ZooShopApp\.venv\Lib\site-packages\django\db\models\query.py", line 384, in __iter__
    self._fetch_all()
  File "C:\Labs\353504_Antonava_01\STRWEB\LR3\ZooShopApp\.venv\Lib\site-packages\django\db\models\query.py", line 1949, in _fetch_all
    self._result_cache = list(self._iterable_class(self))
                         ^^^^^^^^^^^^^^^^^^^^^^^^^^^^^^^^
  File "C:\Labs\353504_Antonava_01\STRWEB\LR3\ZooShopApp\.venv\Lib\site-packages\django\db\models\query.py", line 91, in __iter__
    results = compiler.execute_sql(
              ^^^^^^^^^^^^^^^^^^^^^
  File "C:\Labs\353504_Antonava_01\STRWEB\LR3\ZooShopApp\.venv\Lib\site-packages\django\db\models\sql\compiler.py", line 1623, in execute_sql
    cursor.execute(sql, params)
  File "C:\Labs\353504_Antonava_01\STRWEB\LR3\ZooShopApp\.venv\Lib\site-packages\django\db\backends\utils.py", line 122, in execute
    return super().execute(sql, params)
           ^^^^^^^^^^^^^^^^^^^^^^^^^^^^
  File "C:\Labs\353504_Antonava_01\STRWEB\LR3\ZooShopApp\.venv\Lib\site-packages\django\db\backends\utils.py", line 79, in execute
    return self._execute_with_wrappers(
           ^^^^^^^^^^^^^^^^^^^^^^^^^^^^
  File "C:\Labs\353504_Antonava_01\STRWEB\LR3\ZooShopApp\.venv\Lib\site-packages\django\db\backends\utils.py", line 92, in _execute_with_wrappers
    return executor(sql, params, many, context)
           ^^^^^^^^^^^^^^^^^^^^^^^^^^^^^^^^^^^^
  File "C:\Labs\353504_Antonava_01\STRWEB\LR3\ZooShopApp\.venv\Lib\site-packages\django\db\backends\utils.py", line 100, in _execute
    with self.db.wrap_database_errors:
  File "C:\Labs\353504_Antonava_01\STRWEB\LR3\ZooShopApp\.venv\Lib\site-packages\django\db\utils.py", line 91, in __exit__
    raise dj_exc_value.with_traceback(traceback) from exc_value
  File "C:\Labs\353504_Antonava_01\STRWEB\LR3\ZooShopApp\.venv\Lib\site-packages\django\db\backends\utils.py", line 105, in _execute
    return self.cursor.execute(sql, params)
           ^^^^^^^^^^^^^^^^^^^^^^^^^^^^^^^^
  File "C:\Labs\353504_Antonava_01\STRWEB\LR3\ZooShopApp\.venv\Lib\site-packages\django\db\backends\sqlite3\base.py", line 360, in execute
    return super().execute(query, params)
           ^^^^^^^^^^^^^^^^^^^^^^^^^^^^^^
django.db.utils.OperationalError: no such table: main_employee
ERROR 2025-11-18 01:09:28,448 basehttp "GET /contacts/api/ HTTP/1.1" 500 135879
INFO 2025-11-18 01:09:51,616 autoreload Watching for file changes with StatReloader
INFO 2025-11-18 01:09:53,901 basehttp "GET / HTTP/1.1" 200 12554
INFO 2025-11-18 01:09:56,448 basehttp "GET /contacts/table/ HTTP/1.1" 200 7121
INFO 2025-11-18 01:09:56,575 basehttp "GET /static/css/main/contacts_table.css HTTP/1.1" 200 3927
ERROR 2025-11-18 01:09:56,638 log Internal Server Error: /contacts/api/
Traceback (most recent call last):
  File "C:\Labs\353504_Antonava_01\STRWEB\LR3\ZooShopApp\.venv\Lib\site-packages\django\db\backends\utils.py", line 105, in _execute
    return self.cursor.execute(sql, params)
           ^^^^^^^^^^^^^^^^^^^^^^^^^^^^^^^^
  File "C:\Labs\353504_Antonava_01\STRWEB\LR3\ZooShopApp\.venv\Lib\site-packages\django\db\backends\sqlite3\base.py", line 360, in execute
    return super().execute(query, params)
           ^^^^^^^^^^^^^^^^^^^^^^^^^^^^^^
sqlite3.OperationalError: no such table: main_employee

The above exception was the direct cause of the following exception:

Traceback (most recent call last):
  File "C:\Labs\353504_Antonava_01\STRWEB\LR3\ZooShopApp\.venv\Lib\site-packages\django\core\handlers\exception.py", line 55, in inner
    response = get_response(request)
               ^^^^^^^^^^^^^^^^^^^^^
  File "C:\Labs\353504_Antonava_01\STRWEB\LR3\ZooShopApp\.venv\Lib\site-packages\django\core\handlers\base.py", line 197, in _get_response
    response = wrapped_callback(request, *callback_args, **callback_kwargs)
               ^^^^^^^^^^^^^^^^^^^^^^^^^^^^^^^^^^^^^^^^^^^^^^^^^^^^^^^^^^^^
  File "C:\Labs\353504_Antonava_01\STRWEB\LR3\ZooShopApp\main\views.py", line 95, in contacts_api
    data = [
           ^
  File "C:\Labs\353504_Antonava_01\STRWEB\LR3\ZooShopApp\.venv\Lib\site-packages\django\db\models\query.py", line 384, in __iter__
    self._fetch_all()
  File "C:\Labs\353504_Antonava_01\STRWEB\LR3\ZooShopApp\.venv\Lib\site-packages\django\db\models\query.py", line 1949, in _fetch_all
    self._result_cache = list(self._iterable_class(self))
                         ^^^^^^^^^^^^^^^^^^^^^^^^^^^^^^^^
  File "C:\Labs\353504_Antonava_01\STRWEB\LR3\ZooShopApp\.venv\Lib\site-packages\django\db\models\query.py", line 91, in __iter__
    results = compiler.execute_sql(
              ^^^^^^^^^^^^^^^^^^^^^
  File "C:\Labs\353504_Antonava_01\STRWEB\LR3\ZooShopApp\.venv\Lib\site-packages\django\db\models\sql\compiler.py", line 1623, in execute_sql
    cursor.execute(sql, params)
  File "C:\Labs\353504_Antonava_01\STRWEB\LR3\ZooShopApp\.venv\Lib\site-packages\django\db\backends\utils.py", line 122, in execute
    return super().execute(sql, params)
           ^^^^^^^^^^^^^^^^^^^^^^^^^^^^
  File "C:\Labs\353504_Antonava_01\STRWEB\LR3\ZooShopApp\.venv\Lib\site-packages\django\db\backends\utils.py", line 79, in execute
    return self._execute_with_wrappers(
           ^^^^^^^^^^^^^^^^^^^^^^^^^^^^
  File "C:\Labs\353504_Antonava_01\STRWEB\LR3\ZooShopApp\.venv\Lib\site-packages\django\db\backends\utils.py", line 92, in _execute_with_wrappers
    return executor(sql, params, many, context)
           ^^^^^^^^^^^^^^^^^^^^^^^^^^^^^^^^^^^^
  File "C:\Labs\353504_Antonava_01\STRWEB\LR3\ZooShopApp\.venv\Lib\site-packages\django\db\backends\utils.py", line 100, in _execute
    with self.db.wrap_database_errors:
  File "C:\Labs\353504_Antonava_01\STRWEB\LR3\ZooShopApp\.venv\Lib\site-packages\django\db\utils.py", line 91, in __exit__
    raise dj_exc_value.with_traceback(traceback) from exc_value
  File "C:\Labs\353504_Antonava_01\STRWEB\LR3\ZooShopApp\.venv\Lib\site-packages\django\db\backends\utils.py", line 105, in _execute
    return self.cursor.execute(sql, params)
           ^^^^^^^^^^^^^^^^^^^^^^^^^^^^^^^^
  File "C:\Labs\353504_Antonava_01\STRWEB\LR3\ZooShopApp\.venv\Lib\site-packages\django\db\backends\sqlite3\base.py", line 360, in execute
    return super().execute(query, params)
           ^^^^^^^^^^^^^^^^^^^^^^^^^^^^^^
django.db.utils.OperationalError: no such table: main_employee
ERROR 2025-11-18 01:09:56,643 basehttp "GET /contacts/api/ HTTP/1.1" 500 135879
WARNING 2025-11-18 01:10:27,353 log Bad Request: /contacts/api/add/
WARNING 2025-11-18 01:10:27,354 basehttp "POST /contacts/api/add/ HTTP/1.1" 400 62
INFO 2025-11-18 01:11:08,318 autoreload Watching for file changes with StatReloader
INFO 2025-11-18 01:11:33,990 basehttp "GET / HTTP/1.1" 200 12554
INFO 2025-11-18 01:11:36,493 basehttp "GET /admin/ HTTP/1.1" 200 21089
INFO 2025-11-18 01:11:37,047 basehttp "GET /static/admin/css/dashboard.css HTTP/1.1" 200 441
INFO 2025-11-18 01:11:37,072 basehttp "GET /static/admin/css/base.css HTTP/1.1" 200 22120
INFO 2025-11-18 01:11:37,137 basehttp "GET /static/admin/css/nav_sidebar.css HTTP/1.1" 200 2810
INFO 2025-11-18 01:11:37,171 basehttp "GET /static/admin/css/responsive.css HTTP/1.1" 200 16565
INFO 2025-11-18 01:11:37,175 basehttp "GET /static/admin/css/dark_mode.css HTTP/1.1" 200 2808
INFO 2025-11-18 01:11:37,194 basehttp "GET /static/admin/js/theme.js HTTP/1.1" 200 1653
INFO 2025-11-18 01:11:37,201 basehttp "GET /static/admin/js/nav_sidebar.js HTTP/1.1" 200 3063
INFO 2025-11-18 01:11:37,214 basehttp "GET /static/admin/img/icon-addlink.svg HTTP/1.1" 200 331
INFO 2025-11-18 01:11:37,214 basehttp "GET /static/admin/img/icon-changelink.svg HTTP/1.1" 200 380
WARNING 2025-11-18 01:11:37,253 log Not Found: /favicon.ico
WARNING 2025-11-18 01:11:37,253 basehttp "GET /favicon.ico HTTP/1.1" 404 6574
INFO 2025-11-18 01:12:58,266 autoreload Watching for file changes with StatReloader
INFO 2025-11-18 01:14:59,152 autoreload Watching for file changes with StatReloader
INFO 2025-11-18 01:15:01,179 basehttp "GET /admin/ HTTP/1.1" 200 21682
INFO 2025-11-18 01:15:08,698 basehttp "GET / HTTP/1.1" 200 12554
INFO 2025-11-18 01:15:10,508 basehttp "GET /contacts/table/ HTTP/1.1" 200 7121
INFO 2025-11-18 01:15:10,516 basehttp "GET /static/css/main/contacts_table.css HTTP/1.1" 304 0
INFO 2025-11-18 01:15:10,516 basehttp "GET /static/js/contacts_table.js HTTP/1.1" 304 0
ERROR 2025-11-18 01:15:10,580 log Internal Server Error: /contacts/api/
Traceback (most recent call last):
  File "C:\Labs\353504_Antonava_01\STRWEB\LR3\ZooShopApp\.venv\Lib\site-packages\django\db\backends\utils.py", line 105, in _execute
    return self.cursor.execute(sql, params)
           ^^^^^^^^^^^^^^^^^^^^^^^^^^^^^^^^
  File "C:\Labs\353504_Antonava_01\STRWEB\LR3\ZooShopApp\.venv\Lib\site-packages\django\db\backends\sqlite3\base.py", line 360, in execute
    return super().execute(query, params)
           ^^^^^^^^^^^^^^^^^^^^^^^^^^^^^^
sqlite3.OperationalError: no such table: main_employee

The above exception was the direct cause of the following exception:

Traceback (most recent call last):
  File "C:\Labs\353504_Antonava_01\STRWEB\LR3\ZooShopApp\.venv\Lib\site-packages\django\core\handlers\exception.py", line 55, in inner
    response = get_response(request)
               ^^^^^^^^^^^^^^^^^^^^^
  File "C:\Labs\353504_Antonava_01\STRWEB\LR3\ZooShopApp\.venv\Lib\site-packages\django\core\handlers\base.py", line 197, in _get_response
    response = wrapped_callback(request, *callback_args, **callback_kwargs)
               ^^^^^^^^^^^^^^^^^^^^^^^^^^^^^^^^^^^^^^^^^^^^^^^^^^^^^^^^^^^^
  File "C:\Labs\353504_Antonava_01\STRWEB\LR3\ZooShopApp\main\views.py", line 95, in contacts_api
    data = [
           ^
  File "C:\Labs\353504_Antonava_01\STRWEB\LR3\ZooShopApp\.venv\Lib\site-packages\django\db\models\query.py", line 384, in __iter__
    self._fetch_all()
  File "C:\Labs\353504_Antonava_01\STRWEB\LR3\ZooShopApp\.venv\Lib\site-packages\django\db\models\query.py", line 1949, in _fetch_all
    self._result_cache = list(self._iterable_class(self))
                         ^^^^^^^^^^^^^^^^^^^^^^^^^^^^^^^^
  File "C:\Labs\353504_Antonava_01\STRWEB\LR3\ZooShopApp\.venv\Lib\site-packages\django\db\models\query.py", line 91, in __iter__
    results = compiler.execute_sql(
              ^^^^^^^^^^^^^^^^^^^^^
  File "C:\Labs\353504_Antonava_01\STRWEB\LR3\ZooShopApp\.venv\Lib\site-packages\django\db\models\sql\compiler.py", line 1623, in execute_sql
    cursor.execute(sql, params)
  File "C:\Labs\353504_Antonava_01\STRWEB\LR3\ZooShopApp\.venv\Lib\site-packages\django\db\backends\utils.py", line 122, in execute
    return super().execute(sql, params)
           ^^^^^^^^^^^^^^^^^^^^^^^^^^^^
  File "C:\Labs\353504_Antonava_01\STRWEB\LR3\ZooShopApp\.venv\Lib\site-packages\django\db\backends\utils.py", line 79, in execute
    return self._execute_with_wrappers(
           ^^^^^^^^^^^^^^^^^^^^^^^^^^^^
  File "C:\Labs\353504_Antonava_01\STRWEB\LR3\ZooShopApp\.venv\Lib\site-packages\django\db\backends\utils.py", line 92, in _execute_with_wrappers
    return executor(sql, params, many, context)
           ^^^^^^^^^^^^^^^^^^^^^^^^^^^^^^^^^^^^
  File "C:\Labs\353504_Antonava_01\STRWEB\LR3\ZooShopApp\.venv\Lib\site-packages\django\db\backends\utils.py", line 100, in _execute
    with self.db.wrap_database_errors:
  File "C:\Labs\353504_Antonava_01\STRWEB\LR3\ZooShopApp\.venv\Lib\site-packages\django\db\utils.py", line 91, in __exit__
    raise dj_exc_value.with_traceback(traceback) from exc_value
  File "C:\Labs\353504_Antonava_01\STRWEB\LR3\ZooShopApp\.venv\Lib\site-packages\django\db\backends\utils.py", line 105, in _execute
    return self.cursor.execute(sql, params)
           ^^^^^^^^^^^^^^^^^^^^^^^^^^^^^^^^
  File "C:\Labs\353504_Antonava_01\STRWEB\LR3\ZooShopApp\.venv\Lib\site-packages\django\db\backends\sqlite3\base.py", line 360, in execute
    return super().execute(query, params)
           ^^^^^^^^^^^^^^^^^^^^^^^^^^^^^^
django.db.utils.OperationalError: no such table: main_employee
ERROR 2025-11-18 01:15:10,584 basehttp "GET /contacts/api/ HTTP/1.1" 500 135879
WARNING 2025-11-18 01:15:25,892 log Bad Request: /contacts/api/add/
WARNING 2025-11-18 01:15:25,892 basehttp "POST /contacts/api/add/ HTTP/1.1" 400 62
INFO 2025-11-18 01:18:25,554 autoreload Watching for file changes with StatReloader
INFO 2025-11-18 01:21:26,829 autoreload Watching for file changes with StatReloader
INFO 2025-11-18 01:21:33,433 basehttp "GET / HTTP/1.1" 200 12554
INFO 2025-11-18 01:21:35,645 basehttp "GET /contacts/table/ HTTP/1.1" 200 7121
INFO 2025-11-18 01:21:35,655 basehttp "GET /static/css/main/contacts_table.css HTTP/1.1" 304 0
INFO 2025-11-18 01:21:35,655 basehttp "GET /static/js/contacts_table.js HTTP/1.1" 304 0
ERROR 2025-11-18 01:21:35,752 log Internal Server Error: /contacts/api/
Traceback (most recent call last):
  File "C:\Labs\353504_Antonava_01\STRWEB\LR3\ZooShopApp\.venv\Lib\site-packages\django\db\backends\utils.py", line 105, in _execute
    return self.cursor.execute(sql, params)
           ^^^^^^^^^^^^^^^^^^^^^^^^^^^^^^^^
  File "C:\Labs\353504_Antonava_01\STRWEB\LR3\ZooShopApp\.venv\Lib\site-packages\django\db\backends\sqlite3\base.py", line 360, in execute
    return super().execute(query, params)
           ^^^^^^^^^^^^^^^^^^^^^^^^^^^^^^
sqlite3.OperationalError: no such table: main_employee

The above exception was the direct cause of the following exception:

Traceback (most recent call last):
  File "C:\Labs\353504_Antonava_01\STRWEB\LR3\ZooShopApp\.venv\Lib\site-packages\django\core\handlers\exception.py", line 55, in inner
    response = get_response(request)
               ^^^^^^^^^^^^^^^^^^^^^
  File "C:\Labs\353504_Antonava_01\STRWEB\LR3\ZooShopApp\.venv\Lib\site-packages\django\core\handlers\base.py", line 197, in _get_response
    response = wrapped_callback(request, *callback_args, **callback_kwargs)
               ^^^^^^^^^^^^^^^^^^^^^^^^^^^^^^^^^^^^^^^^^^^^^^^^^^^^^^^^^^^^
  File "C:\Labs\353504_Antonava_01\STRWEB\LR3\ZooShopApp\main\views.py", line 95, in contacts_api
    data = [
           ^
  File "C:\Labs\353504_Antonava_01\STRWEB\LR3\ZooShopApp\.venv\Lib\site-packages\django\db\models\query.py", line 384, in __iter__
    self._fetch_all()
  File "C:\Labs\353504_Antonava_01\STRWEB\LR3\ZooShopApp\.venv\Lib\site-packages\django\db\models\query.py", line 1949, in _fetch_all
    self._result_cache = list(self._iterable_class(self))
                         ^^^^^^^^^^^^^^^^^^^^^^^^^^^^^^^^
  File "C:\Labs\353504_Antonava_01\STRWEB\LR3\ZooShopApp\.venv\Lib\site-packages\django\db\models\query.py", line 91, in __iter__
    results = compiler.execute_sql(
              ^^^^^^^^^^^^^^^^^^^^^
  File "C:\Labs\353504_Antonava_01\STRWEB\LR3\ZooShopApp\.venv\Lib\site-packages\django\db\models\sql\compiler.py", line 1623, in execute_sql
    cursor.execute(sql, params)
  File "C:\Labs\353504_Antonava_01\STRWEB\LR3\ZooShopApp\.venv\Lib\site-packages\django\db\backends\utils.py", line 122, in execute
    return super().execute(sql, params)
           ^^^^^^^^^^^^^^^^^^^^^^^^^^^^
  File "C:\Labs\353504_Antonava_01\STRWEB\LR3\ZooShopApp\.venv\Lib\site-packages\django\db\backends\utils.py", line 79, in execute
    return self._execute_with_wrappers(
           ^^^^^^^^^^^^^^^^^^^^^^^^^^^^
  File "C:\Labs\353504_Antonava_01\STRWEB\LR3\ZooShopApp\.venv\Lib\site-packages\django\db\backends\utils.py", line 92, in _execute_with_wrappers
    return executor(sql, params, many, context)
           ^^^^^^^^^^^^^^^^^^^^^^^^^^^^^^^^^^^^
  File "C:\Labs\353504_Antonava_01\STRWEB\LR3\ZooShopApp\.venv\Lib\site-packages\django\db\backends\utils.py", line 100, in _execute
    with self.db.wrap_database_errors:
  File "C:\Labs\353504_Antonava_01\STRWEB\LR3\ZooShopApp\.venv\Lib\site-packages\django\db\utils.py", line 91, in __exit__
    raise dj_exc_value.with_traceback(traceback) from exc_value
  File "C:\Labs\353504_Antonava_01\STRWEB\LR3\ZooShopApp\.venv\Lib\site-packages\django\db\backends\utils.py", line 105, in _execute
    return self.cursor.execute(sql, params)
           ^^^^^^^^^^^^^^^^^^^^^^^^^^^^^^^^
  File "C:\Labs\353504_Antonava_01\STRWEB\LR3\ZooShopApp\.venv\Lib\site-packages\django\db\backends\sqlite3\base.py", line 360, in execute
    return super().execute(query, params)
           ^^^^^^^^^^^^^^^^^^^^^^^^^^^^^^
django.db.utils.OperationalError: no such table: main_employee
ERROR 2025-11-18 01:21:35,757 basehttp "GET /contacts/api/ HTTP/1.1" 500 135977
WARNING 2025-11-18 01:21:54,342 log Bad Request: /contacts/api/add/
WARNING 2025-11-18 01:21:54,343 basehttp "POST /contacts/api/add/ HTTP/1.1" 400 62
INFO 2025-11-18 01:21:57,482 basehttp "GET /admin/ HTTP/1.1" 200 21682
WARNING 2025-11-18 01:21:57,541 log Not Found: /favicon.ico
WARNING 2025-11-18 01:21:57,541 basehttp "GET /favicon.ico HTTP/1.1" 404 6574
INFO 2025-11-18 01:26:07,347 autoreload C:\Labs\353504_Antonava_01\STRWEB\LR3\ZooShopApp\users\migrations\0001_initial.py changed, reloading.
INFO 2025-11-18 01:26:08,610 autoreload Watching for file changes with StatReloader
INFO 2025-11-18 01:27:24,589 autoreload Watching for file changes with StatReloader
INFO 2025-11-18 01:27:26,536 basehttp "GET / HTTP/1.1" 200 8650
INFO 2025-11-18 01:27:28,348 basehttp "GET /user/login/ HTTP/1.1" 200 4990
INFO 2025-11-18 01:27:49,886 basehttp "POST /user/login/ HTTP/1.1" 302 0
INFO 2025-11-18 01:27:49,917 basehttp "GET /user/profile/ HTTP/1.1" 200 7996
INFO 2025-11-18 01:27:56,872 basehttp "GET /admin/ HTTP/1.1" 200 18185
INFO 2025-11-18 01:27:59,959 basehttp "GET /admin/auth/group/ HTTP/1.1" 200 17252
INFO 2025-11-18 01:27:59,985 basehttp "GET /admin/jsi18n/ HTTP/1.1" 200 3342
INFO 2025-11-18 01:28:00,413 basehttp "GET /static/admin/css/changelists.css HTTP/1.1" 200 6878
INFO 2025-11-18 01:28:00,416 basehttp "GET /static/admin/js/urlify.js HTTP/1.1" 200 7887
INFO 2025-11-18 01:28:00,419 basehttp "GET /static/admin/js/prepopulate.js HTTP/1.1" 200 1531
INFO 2025-11-18 01:28:00,427 basehttp "GET /static/admin/js/vendor/xregexp/xregexp.js HTTP/1.1" 200 325171
INFO 2025-11-18 01:28:00,448 basehttp "GET /static/admin/js/vendor/jquery/jquery.js HTTP/1.1" 200 285314
INFO 2025-11-18 01:28:00,550 basehttp "GET /static/admin/js/jquery.init.js HTTP/1.1" 200 347
INFO 2025-11-18 01:28:00,598 basehttp "GET /static/admin/js/admin/RelatedObjectLookups.js HTTP/1.1" 200 9777
INFO 2025-11-18 01:28:00,601 basehttp "GET /static/admin/img/search.svg HTTP/1.1" 200 458
INFO 2025-11-18 01:28:00,646 basehttp "GET /static/admin/js/core.js HTTP/1.1" 200 6208
INFO 2025-11-18 01:28:00,651 basehttp "GET /static/admin/js/filters.js HTTP/1.1" 200 978
INFO 2025-11-18 01:28:00,652 basehttp "GET /static/admin/js/actions.js HTTP/1.1" 200 8076
INFO 2025-11-18 01:28:00,668 basehttp "GET /static/admin/img/tooltag-add.svg HTTP/1.1" 200 331
INFO 2025-11-18 01:28:02,078 basehttp "GET /admin/ HTTP/1.1" 200 18185
INFO 2025-11-18 01:28:05,242 basehttp "GET /admin/users/user/ HTTP/1.1" 200 19086
INFO 2025-11-18 01:28:05,257 basehttp "GET /admin/jsi18n/ HTTP/1.1" 200 3342
INFO 2025-11-18 01:28:06,702 basehttp "GET /admin/users/user/1/change/ HTTP/1.1" 200 36647
INFO 2025-11-18 01:28:06,716 basehttp "GET /static/admin/js/prepopulate_init.js HTTP/1.1" 200 586
INFO 2025-11-18 01:28:06,717 basehttp "GET /static/admin/js/calendar.js HTTP/1.1" 200 9141
INFO 2025-11-18 01:28:06,717 basehttp "GET /static/admin/js/admin/DateTimeShortcuts.js HTTP/1.1" 200 19319
INFO 2025-11-18 01:28:06,717 basehttp "GET /static/admin/css/forms.css HTTP/1.1" 200 8525
INFO 2025-11-18 01:28:06,724 basehttp "GET /admin/jsi18n/ HTTP/1.1" 200 3342
INFO 2025-11-18 01:28:06,725 basehttp "GET /static/admin/css/widgets.css HTTP/1.1" 200 11973
INFO 2025-11-18 01:28:06,731 basehttp "GET /static/admin/js/change_form.js HTTP/1.1" 200 606
INFO 2025-11-18 01:28:06,772 basehttp "GET /static/admin/img/icon-clock.svg HTTP/1.1" 200 677
INFO 2025-11-18 01:28:06,772 basehttp "GET /static/admin/img/icon-calendar.svg HTTP/1.1" 200 1086
INFO 2025-11-18 01:29:01,424 basehttp "GET /static/admin/img/calendar-icons.svg HTTP/1.1" 200 2455
INFO 2025-11-18 01:29:36,613 basehttp "POST /admin/users/user/1/change/ HTTP/1.1" 200 37014
INFO 2025-11-18 01:29:36,630 basehttp "GET /admin/jsi18n/ HTTP/1.1" 200 3342
INFO 2025-11-18 01:29:45,273 basehttp "POST /admin/users/user/1/change/ HTTP/1.1" 302 0
INFO 2025-11-18 01:29:45,291 basehttp "GET /admin/users/user/ HTTP/1.1" 200 19318
INFO 2025-11-18 01:29:45,305 basehttp "GET /admin/jsi18n/ HTTP/1.1" 200 3342
INFO 2025-11-18 01:29:45,318 basehttp "GET /static/admin/img/icon-yes.svg HTTP/1.1" 200 436
INFO 2025-11-18 01:30:06,233 basehttp "GET / HTTP/1.1" 200 9662
INFO 2025-11-18 01:30:07,671 basehttp "GET /contacts/table/ HTTP/1.1" 200 6771
INFO 2025-11-18 01:30:07,681 basehttp "GET /static/css/main/contacts_table.css HTTP/1.1" 304 0
INFO 2025-11-18 01:30:07,682 basehttp "GET /static/js/contacts_table.js HTTP/1.1" 304 0
INFO 2025-11-18 01:30:07,692 basehttp "GET /contacts/api/ HTTP/1.1" 200 17
WARNING 2025-11-18 01:30:19,214 log Bad Request: /contacts/api/add/
WARNING 2025-11-18 01:30:19,214 basehttp "POST /contacts/api/add/ HTTP/1.1" 400 80
WARNING 2025-11-18 01:31:21,554 log Bad Request: /contacts/api/add/
WARNING 2025-11-18 01:31:21,556 basehttp "POST /contacts/api/add/ HTTP/1.1" 400 80
INFO 2025-11-18 01:35:19,384 autoreload Watching for file changes with StatReloader
INFO 2025-11-18 01:35:26,657 basehttp "GET /contacts/table/ HTTP/1.1" 200 6771
INFO 2025-11-18 01:35:26,667 basehttp "GET /static/css/base.css HTTP/1.1" 304 0
INFO 2025-11-18 01:35:26,668 basehttp "GET /static/css/main/contacts_table.css HTTP/1.1" 304 0
INFO 2025-11-18 01:35:26,668 basehttp "GET /static/js/theme.js HTTP/1.1" 304 0
INFO 2025-11-18 01:35:26,692 basehttp "GET /contacts/api/ HTTP/1.1" 200 17
WARNING 2025-11-18 01:35:40,352 log Bad Request: /contacts/api/add/
WARNING 2025-11-18 01:35:40,352 basehttp "POST /contacts/api/add/ HTTP/1.1" 400 80
INFO 2025-11-18 01:36:41,056 autoreload Watching for file changes with StatReloader
INFO 2025-11-18 01:36:42,561 basehttp "GET /contacts/table/ HTTP/1.1" 200 6771
INFO 2025-11-18 01:36:42,583 basehttp "GET /contacts/api/ HTTP/1.1" 200 17
WARNING 2025-11-18 01:36:53,802 log Bad Request: /contacts/api/add/
WARNING 2025-11-18 01:36:53,803 basehttp "POST /contacts/api/add/ HTTP/1.1" 400 80
INFO 2025-11-18 01:39:51,790 autoreload Watching for file changes with StatReloader
INFO 2025-11-18 01:39:52,486 basehttp "GET /admin/ HTTP/1.1" 200 18582
INFO 2025-11-18 01:39:54,648 basehttp "GET /admin/main/employee/ HTTP/1.1" 200 16912
INFO 2025-11-18 01:39:54,666 basehttp "GET /admin/jsi18n/ HTTP/1.1" 200 3342
INFO 2025-11-18 01:39:56,490 basehttp "GET /admin/main/employee/add/ HTTP/1.1" 200 20155
INFO 2025-11-18 01:39:56,505 basehttp "GET /admin/jsi18n/ HTTP/1.1" 200 3342
INFO 2025-11-18 01:40:00,689 basehttp "GET /admin/main/employee/ HTTP/1.1" 200 16912
INFO 2025-11-18 01:40:02,069 basehttp "GET /admin/ HTTP/1.1" 200 18582
WARNING 2025-11-18 01:40:17,762 log Bad Request: /contacts/api/add/
WARNING 2025-11-18 01:40:17,763 basehttp "POST /contacts/api/add/ HTTP/1.1" 400 80
INFO 2025-11-18 01:40:34,275 basehttp "GET /user/profile/ HTTP/1.1" 200 7388
INFO 2025-11-18 01:40:35,352 basehttp "GET /admin/ HTTP/1.1" 200 18582
INFO 2025-11-18 01:40:48,468 basehttp "GET /admin/main/employee/ HTTP/1.1" 200 16912
INFO 2025-11-18 01:40:48,491 basehttp "GET /admin/jsi18n/ HTTP/1.1" 200 3342
INFO 2025-11-18 01:40:52,182 basehttp "GET /admin/main/employee/add/ HTTP/1.1" 200 20155
INFO 2025-11-18 01:40:52,194 basehttp "GET /admin/jsi18n/ HTTP/1.1" 200 3342
INFO 2025-11-18 01:42:23,486 basehttp "POST /admin/main/employee/add/ HTTP/1.1" 302 0
INFO 2025-11-18 01:42:23,505 basehttp "GET /admin/main/employee/add/ HTTP/1.1" 200 20431
INFO 2025-11-18 01:42:23,521 basehttp "GET /admin/jsi18n/ HTTP/1.1" 200 3342
INFO 2025-11-18 01:43:16,131 basehttp "POST /admin/main/employee/add/ HTTP/1.1" 302 0
INFO 2025-11-18 01:43:16,152 basehttp "GET /admin/main/employee/add/ HTTP/1.1" 200 20443
INFO 2025-11-18 01:43:16,167 basehttp "GET /admin/jsi18n/ HTTP/1.1" 200 3342
INFO 2025-11-18 01:44:06,935 basehttp "POST /admin/main/employee/add/ HTTP/1.1" 302 0
INFO 2025-11-18 01:44:06,954 basehttp "GET /admin/main/employee/add/ HTTP/1.1" 200 20435
INFO 2025-11-18 01:44:06,967 basehttp "GET /admin/jsi18n/ HTTP/1.1" 200 3342
INFO 2025-11-18 01:44:53,487 basehttp "POST /admin/main/employee/add/ HTTP/1.1" 302 0
INFO 2025-11-18 01:44:53,507 basehttp "GET /admin/main/employee/add/ HTTP/1.1" 200 20427
INFO 2025-11-18 01:44:53,521 basehttp "GET /admin/jsi18n/ HTTP/1.1" 200 3342
INFO 2025-11-18 01:45:55,832 basehttp "POST /admin/main/employee/add/ HTTP/1.1" 302 0
INFO 2025-11-18 01:45:55,855 basehttp "GET /admin/main/employee/add/ HTTP/1.1" 200 20433
INFO 2025-11-18 01:45:55,870 basehttp "GET /admin/jsi18n/ HTTP/1.1" 200 3342
INFO 2025-11-18 01:46:44,982 basehttp "POST /admin/main/employee/add/ HTTP/1.1" 302 0
INFO 2025-11-18 01:46:45,000 basehttp "GET /admin/main/employee/add/ HTTP/1.1" 200 20431
INFO 2025-11-18 01:46:45,014 basehttp "GET /admin/jsi18n/ HTTP/1.1" 200 3342
INFO 2025-11-18 01:47:34,249 basehttp "POST /admin/main/employee/add/ HTTP/1.1" 302 0
INFO 2025-11-18 01:47:34,270 basehttp "GET /admin/main/employee/add/ HTTP/1.1" 200 20439
INFO 2025-11-18 01:47:34,285 basehttp "GET /admin/jsi18n/ HTTP/1.1" 200 3342
INFO 2025-11-18 01:48:17,570 basehttp "POST /admin/main/employee/add/ HTTP/1.1" 302 0
INFO 2025-11-18 01:48:17,596 basehttp "GET /admin/main/employee/ HTTP/1.1" 200 20955
INFO 2025-11-18 01:48:17,612 basehttp "GET /admin/jsi18n/ HTTP/1.1" 200 3342
INFO 2025-11-18 01:48:24,188 basehttp "GET / HTTP/1.1" 200 9662
INFO 2025-11-18 01:48:25,640 basehttp "GET /contacts/table/ HTTP/1.1" 200 6771
INFO 2025-11-18 01:48:25,651 basehttp "GET /static/css/main/contacts_table.css HTTP/1.1" 304 0
INFO 2025-11-18 01:48:25,764 basehttp "GET /static/js/contacts_table.js HTTP/1.1" 200 9814
INFO 2025-11-18 01:48:25,772 basehttp "GET /contacts/api/ HTTP/1.1" 200 3416
INFO 2025-11-18 01:49:25,615 basehttp "GET /admin/ HTTP/1.1" 200 21696
INFO 2025-11-18 01:49:33,443 basehttp "GET /admin/main/employee/ HTTP/1.1" 200 20711
INFO 2025-11-18 01:49:33,457 basehttp "GET /admin/jsi18n/ HTTP/1.1" 200 3342
INFO 2025-11-18 01:49:35,457 basehttp "GET /admin/main/employee/add/ HTTP/1.1" 200 20155
INFO 2025-11-18 01:49:35,469 basehttp "GET /admin/jsi18n/ HTTP/1.1" 200 3342
INFO 2025-11-18 01:50:39,989 basehttp "POST /admin/main/employee/add/ HTTP/1.1" 302 0
INFO 2025-11-18 01:50:40,007 basehttp "GET /admin/main/employee/add/ HTTP/1.1" 200 20435
INFO 2025-11-18 01:50:40,022 basehttp "GET /admin/jsi18n/ HTTP/1.1" 200 3342
INFO 2025-11-18 01:51:46,525 basehttp "POST /admin/main/employee/add/ HTTP/1.1" 302 0
INFO 2025-11-18 01:51:46,545 basehttp "GET /admin/main/employee/add/ HTTP/1.1" 200 20440
INFO 2025-11-18 01:51:46,560 basehttp "GET /admin/jsi18n/ HTTP/1.1" 200 3342
INFO 2025-11-18 01:52:31,450 basehttp "POST /admin/main/employee/add/ HTTP/1.1" 302 0
INFO 2025-11-18 01:52:31,469 basehttp "GET /admin/main/employee/add/ HTTP/1.1" 200 20440
INFO 2025-11-18 01:52:31,483 basehttp "GET /admin/jsi18n/ HTTP/1.1" 200 3342
INFO 2025-11-18 01:53:09,303 basehttp "POST /admin/main/employee/add/ HTTP/1.1" 302 0
INFO 2025-11-18 01:53:09,325 basehttp "GET /admin/main/employee/ HTTP/1.1" 200 22371
INFO 2025-11-18 01:53:09,339 basehttp "GET /admin/jsi18n/ HTTP/1.1" 200 3342
INFO 2025-11-18 01:53:29,824 basehttp "GET / HTTP/1.1" 200 9662
INFO 2025-11-18 01:53:32,053 basehttp "GET /contacts/table/ HTTP/1.1" 200 6771
INFO 2025-11-18 01:53:32,065 basehttp "GET /static/css/main/contacts_table.css HTTP/1.1" 304 0
INFO 2025-11-18 01:53:32,065 basehttp "GET /static/js/contacts_table.js HTTP/1.1" 304 0
INFO 2025-11-18 01:53:32,080 basehttp "GET /contacts/api/ HTTP/1.1" 200 5094
WARNING 2025-11-18 01:54:07,269 log Bad Request: /contacts/api/add/
WARNING 2025-11-18 01:54:07,269 basehttp "POST /contacts/api/add/ HTTP/1.1" 400 79
INFO 2025-11-18 01:57:17,341 basehttp "POST /contacts/api/add/ HTTP/1.1" 200 31
INFO 2025-11-18 01:57:17,346 basehttp "GET /contacts/api/ HTTP/1.1" 200 5610
INFO 2025-11-18 01:57:29,656 basehttp "GET /contact/ HTTP/1.1" 200 14877
INFO 2025-11-18 01:57:41,509 basehttp "GET /contacts/table/ HTTP/1.1" 200 6771
INFO 2025-11-18 01:57:41,520 basehttp "GET /static/js/contacts_table.js HTTP/1.1" 304 0
INFO 2025-11-18 01:57:41,536 basehttp "GET /contacts/api/ HTTP/1.1" 200 5610
INFO 2025-11-18 02:00:12,070 basehttp "GET /contacts/table/ HTTP/1.1" 200 6771
INFO 2025-11-18 02:00:12,081 basehttp "GET /static/css/main/contacts_table.css HTTP/1.1" 304 0
INFO 2025-11-18 02:00:12,081 basehttp "GET /static/js/contacts_table.js HTTP/1.1" 304 0
INFO 2025-11-18 02:00:12,095 basehttp "GET /contacts/api/ HTTP/1.1" 200 5610
INFO 2025-11-18 02:02:15,466 autoreload Watching for file changes with StatReloader
INFO 2025-11-18 02:02:16,063 basehttp "GET /contacts/table/ HTTP/1.1" 200 6771
INFO 2025-11-18 02:02:16,082 basehttp "GET /contacts/api/ HTTP/1.1" 200 5610
INFO 2025-11-18 02:02:20,883 basehttp "GET /contacts/table/ HTTP/1.1" 200 6771
INFO 2025-11-18 02:02:20,899 basehttp "GET /contacts/api/ HTTP/1.1" 200 5610
INFO 2025-11-18 02:03:34,717 autoreload Watching for file changes with StatReloader
INFO 2025-11-18 02:03:35,486 basehttp "GET /contacts/table/ HTTP/1.1" 200 6771
INFO 2025-11-18 02:03:35,661 basehttp "GET /static/js/contacts_table.js HTTP/1.1" 200 10096
INFO 2025-11-18 02:03:35,670 basehttp "GET /contacts/api/ HTTP/1.1" 200 5610
INFO 2025-11-18 02:05:05,544 autoreload Watching for file changes with StatReloader
INFO 2025-11-18 02:05:07,530 basehttp "GET / HTTP/1.1" 200 9662
INFO 2025-11-18 02:05:09,421 basehttp "GET /contacts/table/ HTTP/1.1" 200 6771
INFO 2025-11-18 02:05:09,582 basehttp "GET /static/js/contacts_table.js HTTP/1.1" 200 9823
INFO 2025-11-18 02:05:09,591 basehttp "GET /contacts/api/ HTTP/1.1" 200 5610
INFO 2025-11-18 02:06:22,308 autoreload Watching for file changes with StatReloader
INFO 2025-11-18 02:06:25,410 basehttp "GET /contacts/table/ HTTP/1.1" 200 6771
INFO 2025-11-18 02:06:25,420 basehttp "GET /static/css/main/contacts_table.css HTTP/1.1" 304 0
INFO 2025-11-18 02:06:25,523 basehttp "GET /static/js/contacts_table.js HTTP/1.1" 200 9826
INFO 2025-11-18 02:06:25,532 basehttp "GET /contacts/api/ HTTP/1.1" 200 5610
INFO 2025-11-18 02:08:12,076 autoreload Watching for file changes with StatReloader
INFO 2025-11-18 02:08:13,921 basehttp "GET /contacts/table/ HTTP/1.1" 200 6771
INFO 2025-11-18 02:08:13,935 basehttp "GET /static/css/base.css HTTP/1.1" 304 0
INFO 2025-11-18 02:08:14,105 basehttp "GET /static/js/contacts_table.js HTTP/1.1" 200 9888
INFO 2025-11-18 02:08:14,116 basehttp "GET /contacts/api/ HTTP/1.1" 200 5610
INFO 2025-11-18 02:10:01,796 autoreload Watching for file changes with StatReloader
INFO 2025-11-18 02:10:02,709 basehttp "GET /contacts/table/ HTTP/1.1" 200 6771
INFO 2025-11-18 02:10:02,836 basehttp "GET /static/js/contacts_table.js HTTP/1.1" 200 9874
INFO 2025-11-18 02:10:02,846 basehttp "GET /contacts/api/ HTTP/1.1" 200 5610
INFO 2025-11-18 02:11:58,541 autoreload Watching for file changes with StatReloader
INFO 2025-11-18 02:11:59,397 basehttp "GET /contacts/table/ HTTP/1.1" 200 6771
INFO 2025-11-18 02:11:59,408 basehttp "GET /static/js/theme.js HTTP/1.1" 304 0
INFO 2025-11-18 02:11:59,409 basehttp "GET /static/js/contacts_table.js HTTP/1.1" 304 0
INFO 2025-11-18 02:11:59,432 basehttp "GET /contacts/api/ HTTP/1.1" 200 5610
INFO 2025-11-18 02:12:02,380 basehttp "GET /contacts/table/ HTTP/1.1" 200 6771
INFO 2025-11-18 02:12:02,399 basehttp "GET /contacts/api/ HTTP/1.1" 200 5610
INFO 2025-11-18 02:12:08,311 basehttp "GET /contacts/table/ HTTP/1.1" 200 6771
INFO 2025-11-18 02:12:08,331 basehttp "GET /contacts/api/ HTTP/1.1" 200 5610
INFO 2025-11-18 02:12:36,947 autoreload Watching for file changes with StatReloader
INFO 2025-11-18 02:12:37,553 basehttp "GET /contacts/table/ HTTP/1.1" 200 6771
INFO 2025-11-18 02:12:37,566 basehttp "GET /static/js/contacts_table.js HTTP/1.1" 304 0
INFO 2025-11-18 02:12:37,731 basehttp "GET /static/css/main/contacts_table.css HTTP/1.1" 200 3897
INFO 2025-11-18 02:12:37,747 basehttp "GET /contacts/api/ HTTP/1.1" 200 5610
INFO 2025-11-18 02:13:20,534 basehttp "GET /contact/ HTTP/1.1" 200 14877
INFO 2025-11-18 02:14:39,119 autoreload Watching for file changes with StatReloader
INFO 2025-11-18 02:14:39,681 basehttp "GET /contact/ HTTP/1.1" 200 15255
INFO 2025-11-18 02:14:56,676 autoreload Watching for file changes with StatReloader
INFO 2025-11-18 02:15:01,312 basehttp "GET /contact/ HTTP/1.1" 200 15801
INFO 2025-11-18 02:15:20,045 autoreload Watching for file changes with StatReloader
INFO 2025-11-18 02:15:20,600 basehttp "GET /contact/ HTTP/1.1" 200 15801
INFO 2025-11-18 02:16:40,426 basehttp "GET /user/profile/ HTTP/1.1" 200 7388
INFO 2025-11-18 02:16:42,132 basehttp "GET /admin/ HTTP/1.1" 200 22109
INFO 2025-11-18 02:16:45,202 basehttp "GET /admin/main/employee/ HTTP/1.1" 200 22459
INFO 2025-11-18 02:16:45,221 basehttp "GET /admin/jsi18n/ HTTP/1.1" 200 3342
INFO 2025-11-18 02:16:46,639 basehttp "GET /admin/main/employee/13/change/ HTTP/1.1" 200 20834
INFO 2025-11-18 02:16:46,654 basehttp "GET /admin/jsi18n/ HTTP/1.1" 200 3342
INFO 2025-11-18 02:17:01,404 basehttp "GET /admin/main/employee/ HTTP/1.1" 200 22459
INFO 2025-11-18 02:19:45,414 basehttp "GET /admin/main/employee/5/change/ HTTP/1.1" 200 20793
INFO 2025-11-18 02:19:45,428 basehttp "GET /admin/jsi18n/ HTTP/1.1" 200 3342
INFO 2025-11-18 02:32:04,239 basehttp "GET /admin/main/employee/ HTTP/1.1" 200 22459
INFO 2025-11-18 02:32:05,521 basehttp "GET /admin/main/employee/1/change/ HTTP/1.1" 200 20773
INFO 2025-11-18 02:32:05,540 basehttp "GET /admin/jsi18n/ HTTP/1.1" 200 3342
INFO 2025-11-18 02:32:11,796 basehttp "POST /admin/main/employee/1/change/ HTTP/1.1" 302 0
INFO 2025-11-18 02:32:11,819 basehttp "GET /admin/main/employee/ HTTP/1.1" 200 22701
INFO 2025-11-18 02:32:11,833 basehttp "GET /admin/jsi18n/ HTTP/1.1" 200 3342
INFO 2025-11-18 02:32:14,155 basehttp "GET / HTTP/1.1" 200 9662
INFO 2025-11-18 02:32:17,496 basehttp "GET /contact/ HTTP/1.1" 200 15806
INFO 2025-11-18 22:07:32,743 autoreload Watching for file changes with StatReloader
INFO 2025-11-18 22:07:44,211 basehttp "GET / HTTP/1.1" 200 9662
INFO 2025-11-18 22:07:44,233 basehttp "GET /static/css/base.css HTTP/1.1" 304 0
INFO 2025-11-18 22:07:44,256 basehttp "GET /static/js/theme.js HTTP/1.1" 304 0
INFO 2025-11-18 22:07:48,991 basehttp "GET /admin/ HTTP/1.1" 200 22110
INFO 2025-11-18 22:07:52,194 basehttp "GET /admin/main/employee/ HTTP/1.1" 200 22459
INFO 2025-11-18 22:07:52,219 basehttp "GET /admin/jsi18n/ HTTP/1.1" 200 3342
INFO 2025-11-18 22:08:44,824 basehttp "GET /admin/main/employee/1/change/ HTTP/1.1" 200 20788
INFO 2025-11-18 22:08:44,838 basehttp "GET /admin/jsi18n/ HTTP/1.1" 200 3342
INFO 2025-11-18 22:08:48,837 basehttp "POST /admin/main/employee/1/change/ HTTP/1.1" 302 0
INFO 2025-11-18 22:08:48,856 basehttp "GET /admin/main/employee/ HTTP/1.1" 200 22701
INFO 2025-11-18 22:08:48,867 basehttp "GET /admin/jsi18n/ HTTP/1.1" 200 3342
INFO 2025-11-18 22:08:50,804 basehttp "GET / HTTP/1.1" 200 9662
INFO 2025-11-18 22:08:54,895 basehttp "GET /contact/ HTTP/1.1" 200 15927
INFO 2025-11-18 22:09:02,309 basehttp "GET /contacts/table/ HTTP/1.1" 200 6771
INFO 2025-11-18 22:09:02,320 basehttp "GET /static/css/main/contacts_table.css HTTP/1.1" 304 0
INFO 2025-11-18 22:09:02,473 basehttp "GET /static/js/contacts_table.js HTTP/1.1" 200 9896
INFO 2025-11-18 22:09:02,483 basehttp "GET /contacts/api/ HTTP/1.1" 200 5642
INFO 2025-11-18 22:11:34,232 autoreload Watching for file changes with StatReloader
INFO 2025-11-18 22:11:35,863 basehttp "GET /contacts/table/ HTTP/1.1" 200 6782
INFO 2025-11-18 22:11:35,988 basehttp "GET /static/js/contacts_table.js HTTP/1.1" 200 10243
INFO 2025-11-18 22:11:36,003 basehttp "GET /contacts/api/ HTTP/1.1" 200 5642
INFO 2025-11-18 22:11:44,600 basehttp "GET /contact/ HTTP/1.1" 200 15927
INFO 2025-11-18 22:12:07,342 basehttp "GET /admin/ HTTP/1.1" 200 22119
INFO 2025-11-18 22:12:09,938 basehttp "GET /admin/main/employee/ HTTP/1.1" 200 22459
INFO 2025-11-18 22:12:09,960 basehttp "GET /admin/jsi18n/ HTTP/1.1" 200 3342
INFO 2025-11-18 22:12:11,674 basehttp "GET /admin/main/employee/13/change/ HTTP/1.1" 200 20834
INFO 2025-11-18 22:12:11,688 basehttp "GET /admin/jsi18n/ HTTP/1.1" 200 3342
INFO 2025-11-18 22:12:30,656 basehttp "POST /admin/main/employee/13/change/ HTTP/1.1" 302 0
INFO 2025-11-18 22:12:30,676 basehttp "GET /admin/main/employee/ HTTP/1.1" 200 22696
INFO 2025-11-18 22:12:30,688 basehttp "GET /admin/jsi18n/ HTTP/1.1" 200 3342
INFO 2025-11-18 22:12:32,025 basehttp "GET /admin/main/employee/12/change/ HTTP/1.1" 200 20799
INFO 2025-11-18 22:12:32,037 basehttp "GET /admin/jsi18n/ HTTP/1.1" 200 3342
INFO 2025-11-18 22:12:46,163 basehttp "POST /admin/main/employee/12/change/ HTTP/1.1" 302 0
INFO 2025-11-18 22:12:46,186 basehttp "GET /admin/main/employee/ HTTP/1.1" 200 22704
INFO 2025-11-18 22:12:46,201 basehttp "GET /admin/jsi18n/ HTTP/1.1" 200 3342
INFO 2025-11-18 22:12:47,736 basehttp "GET /admin/main/employee/11/change/ HTTP/1.1" 200 20819
INFO 2025-11-18 22:12:47,750 basehttp "GET /admin/jsi18n/ HTTP/1.1" 200 3342
INFO 2025-11-18 22:13:14,940 basehttp "POST /admin/main/employee/11/change/ HTTP/1.1" 302 0
INFO 2025-11-18 22:13:14,967 basehttp "GET /admin/main/employee/ HTTP/1.1" 200 22710
INFO 2025-11-18 22:13:14,980 basehttp "GET /admin/jsi18n/ HTTP/1.1" 200 3342
INFO 2025-11-18 22:13:16,605 basehttp "GET /admin/main/employee/10/change/ HTTP/1.1" 200 20841
INFO 2025-11-18 22:13:16,618 basehttp "GET /admin/jsi18n/ HTTP/1.1" 200 3342
INFO 2025-11-18 22:13:34,257 basehttp "POST /admin/main/employee/10/change/ HTTP/1.1" 302 0
INFO 2025-11-18 22:13:34,278 basehttp "GET /admin/main/employee/ HTTP/1.1" 200 22710
INFO 2025-11-18 22:13:34,290 basehttp "GET /admin/jsi18n/ HTTP/1.1" 200 3342
INFO 2025-11-18 22:13:35,697 basehttp "GET /admin/main/employee/9/change/ HTTP/1.1" 200 20803
INFO 2025-11-18 22:13:35,712 basehttp "GET /admin/jsi18n/ HTTP/1.1" 200 3342
INFO 2025-11-18 22:14:46,631 basehttp "POST /admin/main/employee/9/change/ HTTP/1.1" 302 0
INFO 2025-11-18 22:14:46,655 basehttp "GET /admin/main/employee/ HTTP/1.1" 200 22705
INFO 2025-11-18 22:14:46,669 basehttp "GET /admin/jsi18n/ HTTP/1.1" 200 3342
INFO 2025-11-18 22:14:48,345 basehttp "GET /admin/main/employee/8/change/ HTTP/1.1" 200 20813
INFO 2025-11-18 22:14:48,357 basehttp "GET /admin/jsi18n/ HTTP/1.1" 200 3342
INFO 2025-11-18 22:15:22,188 basehttp "POST /admin/main/employee/8/change/ HTTP/1.1" 302 0
INFO 2025-11-18 22:15:22,210 basehttp "GET /admin/main/employee/ HTTP/1.1" 200 22705
INFO 2025-11-18 22:15:22,225 basehttp "GET /admin/jsi18n/ HTTP/1.1" 200 3342
INFO 2025-11-18 22:15:23,604 basehttp "GET /admin/main/employee/7/change/ HTTP/1.1" 200 20813
INFO 2025-11-18 22:15:23,617 basehttp "GET /admin/jsi18n/ HTTP/1.1" 200 3342
INFO 2025-11-18 22:15:40,097 basehttp "POST /admin/main/employee/7/change/ HTTP/1.1" 302 0
INFO 2025-11-18 22:15:40,120 basehttp "GET /admin/main/employee/ HTTP/1.1" 200 22709
INFO 2025-11-18 22:15:40,136 basehttp "GET /admin/jsi18n/ HTTP/1.1" 200 3342
INFO 2025-11-18 22:15:42,707 basehttp "GET /admin/main/employee/6/change/ HTTP/1.1" 200 20793
INFO 2025-11-18 22:15:42,720 basehttp "GET /admin/jsi18n/ HTTP/1.1" 200 3342
INFO 2025-11-18 22:16:10,519 basehttp "POST /admin/main/employee/6/change/ HTTP/1.1" 302 0
INFO 2025-11-18 22:16:10,543 basehttp "GET /admin/main/employee/ HTTP/1.1" 200 22701
INFO 2025-11-18 22:16:10,555 basehttp "GET /admin/jsi18n/ HTTP/1.1" 200 3342
INFO 2025-11-18 22:16:13,832 basehttp "GET /admin/main/employee/5/change/ HTTP/1.1" 200 20793
INFO 2025-11-18 22:16:13,845 basehttp "GET /admin/jsi18n/ HTTP/1.1" 200 3342
INFO 2025-11-18 22:16:55,184 basehttp "POST /admin/main/employee/5/change/ HTTP/1.1" 302 0
INFO 2025-11-18 22:16:55,206 basehttp "GET /admin/main/employee/ HTTP/1.1" 200 22703
INFO 2025-11-18 22:16:55,218 basehttp "GET /admin/jsi18n/ HTTP/1.1" 200 3342
INFO 2025-11-18 22:16:57,157 basehttp "GET /admin/main/employee/4/change/ HTTP/1.1" 200 20740
INFO 2025-11-18 22:16:57,169 basehttp "GET /admin/jsi18n/ HTTP/1.1" 200 3342
INFO 2025-11-18 22:17:22,164 basehttp "POST /admin/main/employee/4/change/ HTTP/1.1" 302 0
INFO 2025-11-18 22:17:22,185 basehttp "GET /admin/main/employee/ HTTP/1.1" 200 22697
INFO 2025-11-18 22:17:22,199 basehttp "GET /admin/jsi18n/ HTTP/1.1" 200 3342
INFO 2025-11-18 22:17:23,788 basehttp "GET /admin/main/employee/3/change/ HTTP/1.1" 200 20812
INFO 2025-11-18 22:17:23,801 basehttp "GET /admin/jsi18n/ HTTP/1.1" 200 3342
INFO 2025-11-18 22:19:14,101 basehttp "POST /admin/main/employee/3/change/ HTTP/1.1" 302 0
INFO 2025-11-18 22:19:14,125 basehttp "GET /admin/main/employee/ HTTP/1.1" 200 22705
INFO 2025-11-18 22:19:14,141 basehttp "GET /admin/jsi18n/ HTTP/1.1" 200 3342
INFO 2025-11-18 22:19:15,742 basehttp "GET /admin/main/employee/2/change/ HTTP/1.1" 200 20846
INFO 2025-11-18 22:19:15,759 basehttp "GET /admin/jsi18n/ HTTP/1.1" 200 3342
INFO 2025-11-18 22:19:46,241 basehttp "POST /admin/main/employee/2/change/ HTTP/1.1" 302 0
INFO 2025-11-18 22:19:46,266 basehttp "GET /admin/main/employee/ HTTP/1.1" 200 22713
INFO 2025-11-18 22:19:46,281 basehttp "GET /admin/jsi18n/ HTTP/1.1" 200 3342
INFO 2025-11-18 22:19:50,786 basehttp "GET / HTTP/1.1" 200 9662
INFO 2025-11-18 22:19:53,684 basehttp "GET /contacts/table/ HTTP/1.1" 200 6782
INFO 2025-11-18 22:19:53,697 basehttp "GET /static/js/contacts_table.js HTTP/1.1" 304 0
INFO 2025-11-18 22:19:53,712 basehttp "GET /contacts/api/ HTTP/1.1" 200 6080
INFO 2025-11-18 22:19:56,928 basehttp "GET /contacts/table/ HTTP/1.1" 200 6782
INFO 2025-11-18 22:19:56,947 basehttp "GET /contacts/api/ HTTP/1.1" 200 6080
INFO 2025-11-18 22:20:17,588 basehttp "GET /contact/ HTTP/1.1" 200 16365
INFO 2025-11-19 08:26:13,850 autoreload Watching for file changes with StatReloader
INFO 2025-11-19 08:26:26,999 autoreload Watching for file changes with StatReloader
INFO 2025-11-19 08:26:29,561 basehttp "GET / HTTP/1.1" 200 9662
INFO 2025-11-19 08:26:29,642 basehttp "GET /static/css/base.css HTTP/1.1" 304 0
INFO 2025-11-19 08:26:29,679 basehttp "GET /static/js/theme.js HTTP/1.1" 304 0
INFO 2025-11-19 08:26:34,525 basehttp "GET /jobs/ HTTP/1.1" 200 4932
INFO 2025-11-19 08:26:36,589 basehttp "GET /about/ HTTP/1.1" 200 7037
INFO 2025-11-19 08:26:42,049 basehttp "GET / HTTP/1.1" 200 9662
INFO 2025-11-19 08:32:46,656 autoreload Watching for file changes with StatReloader
INFO 2025-11-19 08:32:50,145 basehttp "GET / HTTP/1.1" 200 10094
INFO 2025-11-19 08:36:10,347 autoreload C:\Labs\353504_Antonava_01\STRWEB\LR3\ZooShopApp\main\views.py changed, reloading.
INFO 2025-11-19 08:36:11,524 autoreload Watching for file changes with StatReloader
INFO 2025-11-19 08:38:58,876 autoreload C:\Labs\353504_Antonava_01\STRWEB\LR3\ZooShopApp\main\views.py changed, reloading.
INFO 2025-11-19 08:38:59,954 autoreload Watching for file changes with StatReloader
INFO 2025-11-19 08:39:22,573 autoreload Watching for file changes with StatReloader
INFO 2025-11-19 08:39:23,910 basehttp "GET / HTTP/1.1" 200 10206
INFO 2025-11-19 08:43:38,144 autoreload Watching for file changes with StatReloader
INFO 2025-11-19 08:43:40,176 basehttp "GET / HTTP/1.1" 200 10206
INFO 2025-11-19 08:48:49,111 autoreload Watching for file changes with StatReloader
INFO 2025-11-19 08:48:51,249 basehttp "GET / HTTP/1.1" 200 10292
INFO 2025-11-19 08:48:55,615 basehttp "GET / HTTP/1.1" 200 10292
WARNING 2025-11-19 08:48:57,993 log Not Found: /.well-known/appspecific/com.chrome.devtools.json
WARNING 2025-11-19 08:48:57,993 basehttp "GET /.well-known/appspecific/com.chrome.devtools.json HTTP/1.1" 404 6685
INFO 2025-11-19 08:50:25,769 autoreload Watching for file changes with StatReloader
INFO 2025-11-19 08:50:28,975 basehttp "GET / HTTP/1.1" 200 10292
WARNING 2025-11-19 08:50:30,242 log Not Found: /.well-known/appspecific/com.chrome.devtools.json
WARNING 2025-11-19 08:50:30,243 basehttp "GET /.well-known/appspecific/com.chrome.devtools.json HTTP/1.1" 404 6685
INFO 2025-11-19 08:51:09,850 autoreload Watching for file changes with StatReloader
INFO 2025-11-19 08:51:11,889 basehttp "GET / HTTP/1.1" 200 10292
WARNING 2025-11-19 08:51:13,912 log Not Found: /.well-known/appspecific/com.chrome.devtools.json
WARNING 2025-11-19 08:51:13,912 basehttp "GET /.well-known/appspecific/com.chrome.devtools.json HTTP/1.1" 404 6685
INFO 2025-11-19 08:53:19,483 autoreload Watching for file changes with StatReloader
INFO 2025-11-19 08:53:20,949 basehttp "GET / HTTP/1.1" 200 10342
INFO 2025-11-19 08:53:21,127 basehttp "GET /static/js/slider.js HTTP/1.1" 200 4044
INFO 2025-11-19 08:53:24,113 basehttp "GET / HTTP/1.1" 200 10342
INFO 2025-11-19 08:53:24,612 basehttp "GET / HTTP/1.1" 200 10342
INFO 2025-11-19 08:53:24,990 basehttp "GET / HTTP/1.1" 200 10342
INFO 2025-11-19 08:53:25,277 basehttp "GET / HTTP/1.1" 200 10342
WARNING 2025-11-19 08:53:27,545 log Not Found: /.well-known/appspecific/com.chrome.devtools.json
WARNING 2025-11-19 08:53:27,547 basehttp "GET /.well-known/appspecific/com.chrome.devtools.json HTTP/1.1" 404 6685
INFO 2025-11-19 08:54:19,460 autoreload Watching for file changes with StatReloader
INFO 2025-11-19 08:54:24,175 basehttp "GET / HTTP/1.1" 200 8801
INFO 2025-11-19 08:54:24,185 basehttp "GET /static/js/contacts_table.js HTTP/1.1" 304 0
WARNING 2025-11-19 08:54:24,211 log Not Found: /.well-known/appspecific/com.chrome.devtools.json
WARNING 2025-11-19 08:54:24,212 basehttp "GET /.well-known/appspecific/com.chrome.devtools.json HTTP/1.1" 404 6685
INFO 2025-11-19 08:54:28,929 basehttp "GET / HTTP/1.1" 200 8801
WARNING 2025-11-19 08:54:28,959 log Not Found: /.well-known/appspecific/com.chrome.devtools.json
WARNING 2025-11-19 08:54:28,960 basehttp "GET /.well-known/appspecific/com.chrome.devtools.json HTTP/1.1" 404 6685
INFO 2025-11-19 08:54:29,967 basehttp "GET / HTTP/1.1" 200 8801
WARNING 2025-11-19 08:54:30,000 log Not Found: /.well-known/appspecific/com.chrome.devtools.json
WARNING 2025-11-19 08:54:30,001 basehttp "GET /.well-known/appspecific/com.chrome.devtools.json HTTP/1.1" 404 6685
INFO 2025-11-19 08:54:31,265 basehttp "GET / HTTP/1.1" 200 8801
WARNING 2025-11-19 08:54:31,302 log Not Found: /.well-known/appspecific/com.chrome.devtools.json
WARNING 2025-11-19 08:54:31,303 basehttp "GET /.well-known/appspecific/com.chrome.devtools.json HTTP/1.1" 404 6685
INFO 2025-11-19 08:54:43,211 autoreload Watching for file changes with StatReloader
INFO 2025-11-19 08:54:44,226 basehttp "GET / HTTP/1.1" 200 10342
INFO 2025-11-19 08:54:44,236 basehttp "GET /static/js/slider.js HTTP/1.1" 304 0
WARNING 2025-11-19 08:54:44,259 log Not Found: /.well-known/appspecific/com.chrome.devtools.json
WARNING 2025-11-19 08:54:44,259 basehttp "GET /.well-known/appspecific/com.chrome.devtools.json HTTP/1.1" 404 6685
INFO 2025-11-19 08:54:44,839 basehttp "GET / HTTP/1.1" 200 10342
WARNING 2025-11-19 08:54:44,871 log Not Found: /.well-known/appspecific/com.chrome.devtools.json
WARNING 2025-11-19 08:54:44,872 basehttp "GET /.well-known/appspecific/com.chrome.devtools.json HTTP/1.1" 404 6685
INFO 2025-11-19 08:57:50,596 autoreload Watching for file changes with StatReloader
INFO 2025-11-19 08:57:51,342 basehttp "GET / HTTP/1.1" 200 10367
INFO 2025-11-19 08:57:51,354 basehttp "GET /static/js/slider.js HTTP/1.1" 304 0
INFO 2025-11-19 08:57:52,939 basehttp "GET / HTTP/1.1" 200 10367
INFO 2025-11-19 08:58:01,385 basehttp "GET /catalog/dogs/ HTTP/1.1" 200 5994
INFO 2025-11-19 08:58:05,027 basehttp "GET / HTTP/1.1" 200 10367
INFO 2025-11-19 08:58:10,263 basehttp "GET /? HTTP/1.1" 200 10367
INFO 2025-11-19 09:00:04,853 autoreload Watching for file changes with StatReloader
INFO 2025-11-19 09:00:06,420 basehttp "GET / HTTP/1.1" 200 10367
INFO 2025-11-19 09:00:06,514 basehttp "GET /static/js/slider.js HTTP/1.1" 304 0
INFO 2025-11-19 09:00:07,790 basehttp "GET / HTTP/1.1" 200 10367
INFO 2025-11-19 09:07:46,957 autoreload C:\Labs\353504_Antonava_01\STRWEB\LR3\ZooShopApp\main\views.py changed, reloading.
INFO 2025-11-19 09:07:48,349 autoreload Watching for file changes with StatReloader
INFO 2025-11-19 09:08:38,721 autoreload C:\Labs\353504_Antonava_01\STRWEB\LR3\ZooShopApp\main\views.py changed, reloading.
INFO 2025-11-19 09:08:40,150 autoreload Watching for file changes with StatReloader
INFO 2025-11-19 09:11:33,809 autoreload Watching for file changes with StatReloader
INFO 2025-11-19 09:11:38,337 basehttp "GET / HTTP/1.1" 200 9989
INFO 2025-11-19 09:11:38,431 basehttp "GET / HTTP/1.1" 200 9989
INFO 2025-11-19 09:11:38,635 basehttp "GET /static/js/slider.js HTTP/1.1" 200 2353
INFO 2025-11-19 09:13:54,436 autoreload Watching for file changes with StatReloader
INFO 2025-11-19 09:13:55,098 basehttp "GET / HTTP/1.1" 200 9989
INFO 2025-11-19 09:13:55,107 basehttp "GET /static/js/slider.js HTTP/1.1" 304 0
INFO 2025-11-19 09:14:05,311 basehttp "GET / HTTP/1.1" 200 9989
INFO 2025-11-19 09:14:05,969 basehttp "GET / HTTP/1.1" 200 9989
INFO 2025-11-19 09:14:06,321 basehttp "GET / HTTP/1.1" 200 9989
INFO 2025-11-19 09:14:06,588 basehttp "GET / HTTP/1.1" 200 9989
INFO 2025-11-19 09:14:07,086 basehttp "GET / HTTP/1.1" 200 9989
INFO 2025-11-19 09:14:57,045 autoreload Watching for file changes with StatReloader
INFO 2025-11-19 09:15:54,724 autoreload Watching for file changes with StatReloader
INFO 2025-11-19 09:15:56,789 basehttp "GET / HTTP/1.1" 200 9989
INFO 2025-11-19 09:15:56,947 basehttp "GET /static/js/slider.js HTTP/1.1" 200 2558
INFO 2025-11-19 09:16:00,976 basehttp "GET / HTTP/1.1" 200 9989
INFO 2025-11-19 09:16:00,986 basehttp "GET /static/js/slider.js HTTP/1.1" 304 0
INFO 2025-11-19 09:17:05,274 autoreload Watching for file changes with StatReloader
INFO 2025-11-19 09:17:07,193 basehttp "GET / HTTP/1.1" 200 9989
INFO 2025-11-19 09:17:07,351 basehttp "GET /static/js/slider.js HTTP/1.1" 200 2773
INFO 2025-11-19 09:20:19,482 autoreload Watching for file changes with StatReloader
INFO 2025-11-19 09:20:21,085 basehttp "GET / HTTP/1.1" 200 9989
INFO 2025-11-19 09:20:21,167 basehttp "GET /static/js/slider.js HTTP/1.1" 304 0
INFO 2025-11-19 09:20:23,859 basehttp "GET / HTTP/1.1" 200 9989
INFO 2025-11-19 09:20:24,419 basehttp "GET /static/css/base.css HTTP/1.1" 200 6879
INFO 2025-11-19 09:20:24,433 basehttp "GET /static/css/main/index.css HTTP/1.1" 200 6171
INFO 2025-11-19 09:20:24,436 basehttp "GET /static/js/slider.js HTTP/1.1" 200 2773
INFO 2025-11-19 09:20:24,440 basehttp "GET /static/js/theme.js HTTP/1.1" 200 715
INFO 2025-11-19 09:20:24,447 basehttp "GET /static/js/jquery/jquery-3.7.1.min.js HTTP/1.1" 200 87535
INFO 2025-11-19 09:20:24,451 basehttp "GET /static/images/seaweed.png HTTP/1.1" 200 1584444
INFO 2025-11-19 09:20:24,452 basehttp "GET /static/js/script.js HTTP/1.1" 200 4461
INFO 2025-11-19 09:20:24,456 basehttp "GET /static/icons/animal.ico HTTP/1.1" 200 34453
INFO 2025-11-19 09:20:24,456 basehttp "GET /static/images/banner1.jpg HTTP/1.1" 200 42882
INFO 2025-11-19 09:20:24,461 basehttp "GET /static/images/banner2.jpg HTTP/1.1" 200 15668
INFO 2025-11-19 09:20:24,463 basehttp "GET /static/images/banner3.jpg HTTP/1.1" 200 8842
INFO 2025-11-19 09:20:24,494 basehttp "GET /static/images/fish1.png HTTP/1.1" 200 2205819
INFO 2025-11-19 09:20:24,519 basehttp "GET /static/css/notifications.css HTTP/1.1" 200 772
INFO 2025-11-19 09:20:24,535 basehttp "GET /static/css/footer.css HTTP/1.1" 200 701
INFO 2025-11-19 09:20:24,559 basehttp "GET /static/images/fish2.png HTTP/1.1" 200 1352197
INFO 2025-11-19 09:20:24,584 basehttp "GET /static/icons/animal.ico HTTP/1.1" 200 34453
INFO 2025-11-19 09:22:13,262 autoreload Watching for file changes with StatReloader
INFO 2025-11-19 09:22:14,006 basehttp "GET / HTTP/1.1" 200 9989
INFO 2025-11-19 09:22:14,175 basehttp "GET /static/css/main/index.css HTTP/1.1" 200 6280
INFO 2025-11-19 09:22:14,177 basehttp "GET /static/js/slider.js HTTP/1.1" 304 0
WARNING 2025-11-19 09:23:25,134 log Not Found: /promotions/3
WARNING 2025-11-19 09:23:25,135 basehttp "GET /promotions/3 HTTP/1.1" 404 6577
WARNING 2025-11-19 09:23:25,190 log Not Found: /favicon.ico
WARNING 2025-11-19 09:23:25,190 basehttp "GET /favicon.ico HTTP/1.1" 404 6574
INFO 2025-11-19 09:28:48,157 autoreload Watching for file changes with StatReloader
INFO 2025-11-19 09:28:52,526 basehttp "GET / HTTP/1.1" 200 9989
INFO 2025-11-19 09:28:52,535 basehttp "GET /static/css/main/index.css HTTP/1.1" 304 0
INFO 2025-11-19 09:28:52,536 basehttp "GET /static/js/slider.js HTTP/1.1" 304 0
INFO 2025-11-19 09:32:07,557 basehttp "GET / HTTP/1.1" 200 9989
INFO 2025-11-19 09:32:07,576 basehttp "GET /static/js/slider.js HTTP/1.1" 304 0
INFO 2025-11-19 09:32:07,576 basehttp "GET /static/css/main/index.css HTTP/1.1" 304 0
INFO 2025-11-19 09:32:11,298 basehttp "GET / HTTP/1.1" 200 9989
INFO 2025-11-19 09:32:11,753 basehttp "GET /static/css/base.css HTTP/1.1" 200 6879
INFO 2025-11-19 09:32:11,772 basehttp "GET /static/css/notifications.css HTTP/1.1" 200 772
INFO 2025-11-19 09:32:11,797 basehttp "GET /static/css/footer.css HTTP/1.1" 200 701
INFO 2025-11-19 09:32:11,807 basehttp "GET /static/js/slider.js HTTP/1.1" 200 2773
INFO 2025-11-19 09:32:11,807 basehttp "GET /static/js/theme.js HTTP/1.1" 200 715
INFO 2025-11-19 09:32:11,808 basehttp "GET /static/css/main/index.css HTTP/1.1" 200 6280
INFO 2025-11-19 09:32:11,813 basehttp "GET /static/images/fish2.png HTTP/1.1" 200 1352197
INFO 2025-11-19 09:32:11,816 basehttp "GET /static/js/jquery/jquery-3.7.1.min.js HTTP/1.1" 200 87535
INFO 2025-11-19 09:32:11,817 basehttp "GET /static/js/script.js HTTP/1.1" 200 4461
INFO 2025-11-19 09:32:11,826 basehttp "GET /static/images/banner1.jpg HTTP/1.1" 200 42882
INFO 2025-11-19 09:32:11,827 basehttp "GET /static/icons/animal.ico HTTP/1.1" 200 34453
INFO 2025-11-19 09:32:11,843 basehttp "GET /static/images/fish1.png HTTP/1.1" 200 2205819
INFO 2025-11-19 09:32:11,852 basehttp "GET /static/images/seaweed.png HTTP/1.1" 200 1584444
INFO 2025-11-19 09:32:11,859 basehttp "GET /static/images/banner2.jpg HTTP/1.1" 200 1749157
INFO 2025-11-19 09:32:11,859 basehttp "GET /static/images/banner3.jpg HTTP/1.1" 200 1747168
INFO 2025-11-19 09:32:11,869 basehttp "GET /static/icons/animal.ico HTTP/1.1" 200 34453
INFO 2025-11-19 09:32:50,748 autoreload Watching for file changes with StatReloader
INFO 2025-11-19 09:32:51,636 basehttp "GET / HTTP/1.1" 200 9989
INFO 2025-11-19 09:32:51,649 basehttp "GET /static/images/banner2.jpg HTTP/1.1" 304 0
INFO 2025-11-19 09:32:51,653 basehttp "GET /static/images/banner3.jpg HTTP/1.1" 304 0
INFO 2025-11-19 09:33:13,160 autoreload Watching for file changes with StatReloader
INFO 2025-11-19 09:33:13,900 basehttp "GET / HTTP/1.1" 200 9989
INFO 2025-11-19 09:33:13,914 basehttp "GET /static/images/banner2.jpg HTTP/1.1" 304 0
INFO 2025-11-19 09:33:13,917 basehttp "GET /static/images/banner3.jpg HTTP/1.1" 304 0
INFO 2025-11-19 09:33:14,069 basehttp "GET /static/css/main/index.css HTTP/1.1" 200 6248
INFO 2025-11-19 09:34:17,736 autoreload Watching for file changes with StatReloader
INFO 2025-11-19 09:34:21,951 basehttp "GET / HTTP/1.1" 200 9989
INFO 2025-11-19 09:34:22,365 basehttp "GET /static/css/base.css HTTP/1.1" 200 6879
INFO 2025-11-19 09:34:22,388 basehttp "GET /static/css/notifications.css HTTP/1.1" 200 772
INFO 2025-11-19 09:34:22,411 basehttp "GET /static/images/fish2.png HTTP/1.1" 200 1352197
INFO 2025-11-19 09:34:22,423 basehttp "GET /static/images/fish1.png HTTP/1.1" 200 2205819
INFO 2025-11-19 09:34:22,426 basehttp "GET /static/css/main/index.css HTTP/1.1" 200 6272
INFO 2025-11-19 09:34:22,429 basehttp "GET /static/js/slider.js HTTP/1.1" 200 2773
INFO 2025-11-19 09:34:22,436 basehttp "GET /static/js/theme.js HTTP/1.1" 200 715
INFO 2025-11-19 09:34:22,437 basehttp "GET /static/js/script.js HTTP/1.1" 200 4461
INFO 2025-11-19 09:34:22,437 basehttp "GET /static/css/footer.css HTTP/1.1" 200 701
INFO 2025-11-19 09:34:22,437 basehttp "GET /static/icons/animal.ico HTTP/1.1" 200 34453
INFO 2025-11-19 09:34:22,439 basehttp "GET /static/js/jquery/jquery-3.7.1.min.js HTTP/1.1" 200 87535
INFO 2025-11-19 09:34:22,443 basehttp "GET /static/images/banner1.jpg HTTP/1.1" 200 42882
INFO 2025-11-19 09:34:22,457 basehttp "GET /static/images/seaweed.png HTTP/1.1" 200 1584444
INFO 2025-11-19 09:34:22,474 basehttp "GET /static/images/banner3.jpg HTTP/1.1" 200 1747168
INFO 2025-11-19 09:34:22,476 basehttp "GET /static/images/banner2.jpg HTTP/1.1" 200 1749157
INFO 2025-11-19 09:34:22,511 basehttp "GET /static/icons/animal.ico HTTP/1.1" 200 34453
INFO 2025-11-19 09:34:49,475 autoreload Watching for file changes with StatReloader
INFO 2025-11-19 09:34:54,190 basehttp "GET / HTTP/1.1" 200 9989
INFO 2025-11-19 09:34:54,637 basehttp "GET /static/css/footer.css HTTP/1.1" 200 701
INFO 2025-11-19 09:34:54,649 basehttp "GET /static/css/base.css HTTP/1.1" 200 6879
INFO 2025-11-19 09:34:54,663 basehttp "GET /static/css/main/index.css HTTP/1.1" 200 6248
INFO 2025-11-19 09:34:54,673 basehttp "GET /static/js/theme.js HTTP/1.1" 200 715
INFO 2025-11-19 09:34:54,675 basehttp "GET /static/js/slider.js HTTP/1.1" 200 2773
INFO 2025-11-19 09:34:54,677 basehttp "GET /static/css/notifications.css HTTP/1.1" 200 772
INFO 2025-11-19 09:34:54,682 basehttp "GET /static/js/script.js HTTP/1.1" 200 4461
INFO 2025-11-19 09:34:54,685 basehttp "GET /static/icons/animal.ico HTTP/1.1" 200 34453
INFO 2025-11-19 09:34:54,690 basehttp "GET /static/js/jquery/jquery-3.7.1.min.js HTTP/1.1" 200 87535
INFO 2025-11-19 09:34:54,691 basehttp "GET /static/images/banner1.jpg HTTP/1.1" 200 42882
INFO 2025-11-19 09:34:54,718 basehttp "GET /static/images/fish2.png HTTP/1.1" 200 1352197
INFO 2025-11-19 09:34:54,743 basehttp "GET /static/images/fish1.png HTTP/1.1" 200 2205819
INFO 2025-11-19 09:34:54,750 basehttp "GET /static/images/seaweed.png HTTP/1.1" 200 1584444
INFO 2025-11-19 09:34:54,774 basehttp "GET /static/images/banner3.jpg HTTP/1.1" 200 1747168
INFO 2025-11-19 09:34:54,775 basehttp "GET /static/images/banner2.jpg HTTP/1.1" 200 1749157
INFO 2025-11-19 09:34:54,795 basehttp "GET /static/icons/animal.ico HTTP/1.1" 200 34453
INFO 2025-11-19 09:37:07,486 autoreload C:\Labs\353504_Antonava_01\STRWEB\LR3\ZooShopApp\main\views.py changed, reloading.
INFO 2025-11-19 09:37:08,924 autoreload Watching for file changes with StatReloader
INFO 2025-11-19 09:40:19,999 autoreload Watching for file changes with StatReloader
INFO 2025-11-19 09:40:20,978 basehttp "GET / HTTP/1.1" 200 10010
INFO 2025-11-19 09:40:20,988 basehttp "GET /static/js/slider.js HTTP/1.1" 304 0
INFO 2025-11-19 09:40:20,991 basehttp "GET /static/images/banner2.jpg HTTP/1.1" 304 0
INFO 2025-11-19 09:40:20,991 basehttp "GET /static/images/banner3.jpg HTTP/1.1" 304 0
INFO 2025-11-19 09:40:21,127 basehttp "GET /static/css/main/index.css HTTP/1.1" 200 6451
INFO 2025-11-19 09:40:25,255 basehttp "GET / HTTP/1.1" 200 10010
INFO 2025-11-19 09:40:25,270 basehttp "GET /static/css/main/index.css HTTP/1.1" 200 6451
INFO 2025-11-19 09:40:25,272 basehttp "GET /static/css/footer.css HTTP/1.1" 200 701
INFO 2025-11-19 09:40:25,272 basehttp "GET /static/css/base.css HTTP/1.1" 200 6879
INFO 2025-11-19 09:40:25,273 basehttp "GET /static/css/notifications.css HTTP/1.1" 200 772
INFO 2025-11-19 09:40:25,283 basehttp "GET /static/js/slider.js HTTP/1.1" 200 2773
INFO 2025-11-19 09:40:25,283 basehttp "GET /static/js/theme.js HTTP/1.1" 200 715
INFO 2025-11-19 09:40:25,291 basehttp "GET /static/js/jquery/jquery-3.7.1.min.js HTTP/1.1" 200 87535
INFO 2025-11-19 09:40:25,292 basehttp "GET /static/icons/animal.ico HTTP/1.1" 200 34453
INFO 2025-11-19 09:40:25,295 basehttp "GET /static/js/script.js HTTP/1.1" 200 4461
INFO 2025-11-19 09:40:25,343 basehttp "GET /static/images/seaweed.png HTTP/1.1" 200 1584444
INFO 2025-11-19 09:40:25,353 basehttp "GET /static/images/fish2.png HTTP/1.1" 200 1352197
INFO 2025-11-19 09:40:25,360 basehttp "GET /static/images/banner1.jpg HTTP/1.1" 200 1876971
INFO 2025-11-19 09:40:25,366 basehttp "GET /static/images/fish1.png HTTP/1.1" 200 2205819
INFO 2025-11-19 09:40:25,369 basehttp "GET /static/images/banner3.jpg HTTP/1.1" 200 1747168
INFO 2025-11-19 09:40:25,369 basehttp "GET /static/images/banner2.jpg HTTP/1.1" 200 1749157
INFO 2025-11-19 09:40:25,391 basehttp "GET /static/icons/animal.ico HTTP/1.1" 200 34453
INFO 2025-11-19 09:46:50,725 autoreload C:\Labs\353504_Antonava_01\STRWEB\LR3\ZooShopApp\main\views.py changed, reloading.
INFO 2025-11-19 09:46:55,428 autoreload Watching for file changes with StatReloader
INFO 2025-11-19 09:47:05,704 autoreload C:\Labs\353504_Antonava_01\STRWEB\LR3\ZooShopApp\main\views.py changed, reloading.
INFO 2025-11-19 09:47:06,799 autoreload Watching for file changes with StatReloader
INFO 2025-11-19 09:47:19,893 autoreload C:\Labs\353504_Antonava_01\STRWEB\LR3\ZooShopApp\main\views.py changed, reloading.
INFO 2025-11-19 09:47:21,121 autoreload Watching for file changes with StatReloader
INFO 2025-11-19 09:47:41,164 autoreload Watching for file changes with StatReloader
INFO 2025-11-19 09:48:07,682 autoreload Watching for file changes with StatReloader
INFO 2025-11-19 09:49:17,504 autoreload Watching for file changes with StatReloader
INFO 2025-11-19 09:49:21,135 basehttp "GET / HTTP/1.1" 200 11333
INFO 2025-11-19 09:49:21,151 basehttp "GET /static/js/slider.js HTTP/1.1" 304 0
INFO 2025-11-19 09:49:21,157 basehttp "GET /static/images/banner1.jpg HTTP/1.1" 304 0
INFO 2025-11-19 09:49:21,160 basehttp "GET /static/images/banner2.jpg HTTP/1.1" 304 0
INFO 2025-11-19 09:49:21,162 basehttp "GET /static/images/banner3.jpg HTTP/1.1" 304 0
INFO 2025-11-19 09:49:21,287 basehttp "GET /static/css/main/index.css HTTP/1.1" 200 6092
INFO 2025-11-19 09:49:34,379 basehttp "GET / HTTP/1.1" 200 11333
INFO 2025-11-19 09:49:34,396 basehttp "GET /static/css/main/index.css HTTP/1.1" 200 6092
INFO 2025-11-19 09:49:34,397 basehttp "GET /static/css/footer.css HTTP/1.1" 200 701
INFO 2025-11-19 09:49:34,397 basehttp "GET /static/css/notifications.css HTTP/1.1" 200 772
INFO 2025-11-19 09:49:34,398 basehttp "GET /static/css/base.css HTTP/1.1" 200 6879
INFO 2025-11-19 09:49:34,426 basehttp "GET /static/js/slider.js HTTP/1.1" 200 2773
INFO 2025-11-19 09:49:34,431 basehttp "GET /static/icons/animal.ico HTTP/1.1" 200 34453
INFO 2025-11-19 09:49:34,434 basehttp "GET /static/js/jquery/jquery-3.7.1.min.js HTTP/1.1" 200 87535
INFO 2025-11-19 09:49:34,436 basehttp "GET /static/js/theme.js HTTP/1.1" 200 715
INFO 2025-11-19 09:49:34,439 basehttp "GET /static/images/fish2.png HTTP/1.1" 200 1352197
INFO 2025-11-19 09:49:34,451 basehttp "GET /static/js/script.js HTTP/1.1" 200 4461
INFO 2025-11-19 09:49:34,483 basehttp "GET /static/images/seaweed.png HTTP/1.1" 200 1584444
INFO 2025-11-19 09:49:34,502 basehttp "GET /static/images/fish1.png HTTP/1.1" 200 2205819
INFO 2025-11-19 09:49:34,505 basehttp "GET /static/images/banner2.jpg HTTP/1.1" 200 1749157
INFO 2025-11-19 09:49:34,507 basehttp "GET /static/images/banner1.jpg HTTP/1.1" 200 1876971
INFO 2025-11-19 09:49:34,508 basehttp "GET /static/images/banner3.jpg HTTP/1.1" 200 1747168
INFO 2025-11-19 09:49:34,519 basehttp "GET /static/icons/animal.ico HTTP/1.1" 200 34453
INFO 2025-11-19 09:49:36,581 basehttp "GET / HTTP/1.1" 200 11333
INFO 2025-11-19 09:49:36,595 basehttp "GET /static/css/base.css HTTP/1.1" 200 6879
INFO 2025-11-19 09:49:36,596 basehttp "GET /static/css/footer.css HTTP/1.1" 200 701
INFO 2025-11-19 09:49:36,596 basehttp "GET /static/css/main/index.css HTTP/1.1" 200 6092
INFO 2025-11-19 09:49:36,596 basehttp "GET /static/css/notifications.css HTTP/1.1" 200 772
INFO 2025-11-19 09:49:36,608 basehttp "GET /static/js/theme.js HTTP/1.1" 200 715
INFO 2025-11-19 09:49:36,610 basehttp "GET /static/js/slider.js HTTP/1.1" 200 2773
INFO 2025-11-19 09:49:36,613 basehttp "GET /static/icons/animal.ico HTTP/1.1" 200 34453
INFO 2025-11-19 09:49:36,619 basehttp "GET /static/js/jquery/jquery-3.7.1.min.js HTTP/1.1" 200 87535
INFO 2025-11-19 09:49:36,656 basehttp "GET /static/images/seaweed.png HTTP/1.1" 200 1584444
INFO 2025-11-19 09:49:36,661 basehttp "GET /static/js/script.js HTTP/1.1" 200 4461
INFO 2025-11-19 09:49:36,667 basehttp "GET /static/images/fish2.png HTTP/1.1" 200 1352197
INFO 2025-11-19 09:49:36,680 basehttp "GET /static/images/fish1.png HTTP/1.1" 200 2205819
INFO 2025-11-19 09:49:36,684 basehttp "GET /static/images/banner2.jpg HTTP/1.1" 200 1749157
INFO 2025-11-19 09:49:36,685 basehttp "GET /static/images/banner3.jpg HTTP/1.1" 200 1747168
INFO 2025-11-19 09:49:36,688 basehttp "GET /static/images/banner1.jpg HTTP/1.1" 200 1876971
INFO 2025-11-19 09:49:36,705 basehttp "GET /static/icons/animal.ico HTTP/1.1" 200 34453
INFO 2025-11-19 09:49:46,700 basehttp "POST /update-slider-config/ HTTP/1.1" 302 0
INFO 2025-11-19 09:49:46,721 basehttp "GET / HTTP/1.1" 200 11216
INFO 2025-11-19 09:49:56,473 basehttp "POST /update-slider-config/ HTTP/1.1" 302 0
INFO 2025-11-19 09:49:56,490 basehttp "GET / HTTP/1.1" 200 11321
INFO 2025-11-19 09:50:14,671 basehttp "POST /update-slider-config/ HTTP/1.1" 302 0
INFO 2025-11-19 09:50:14,689 basehttp "GET / HTTP/1.1" 200 11000
INFO 2025-11-19 09:52:54,647 autoreload Watching for file changes with StatReloader
INFO 2025-11-19 09:52:58,382 basehttp "GET / HTTP/1.1" 200 11333
INFO 2025-11-19 09:52:58,785 basehttp "GET /static/css/base.css HTTP/1.1" 200 6879
INFO 2025-11-19 09:52:58,798 basehttp "GET /static/css/main/index.css HTTP/1.1" 200 7289
INFO 2025-11-19 09:52:58,826 basehttp "GET /static/images/fish2.png HTTP/1.1" 200 1352197
INFO 2025-11-19 09:52:58,827 basehttp "GET /static/css/notifications.css HTTP/1.1" 200 772
INFO 2025-11-19 09:52:58,837 basehttp "GET /static/js/slider.js HTTP/1.1" 200 2773
INFO 2025-11-19 09:52:58,837 basehttp "GET /static/js/theme.js HTTP/1.1" 200 715
INFO 2025-11-19 09:52:58,839 basehttp "GET /static/css/footer.css HTTP/1.1" 200 701
INFO 2025-11-19 09:52:58,844 basehttp "GET /static/js/script.js HTTP/1.1" 200 4461
INFO 2025-11-19 09:52:58,845 basehttp "GET /static/icons/animal.ico HTTP/1.1" 200 34453
INFO 2025-11-19 09:52:58,845 basehttp "GET /static/js/jquery/jquery-3.7.1.min.js HTTP/1.1" 200 87535
INFO 2025-11-19 09:52:58,855 basehttp "GET /static/images/fish1.png HTTP/1.1" 200 2205819
INFO 2025-11-19 09:52:58,879 basehttp "GET /static/images/seaweed.png HTTP/1.1" 200 1584444
INFO 2025-11-19 09:52:58,884 basehttp "GET /static/images/banner3.jpg HTTP/1.1" 200 1747168
INFO 2025-11-19 09:52:58,885 basehttp "GET /static/images/banner1.jpg HTTP/1.1" 200 1876971
INFO 2025-11-19 09:52:58,885 basehttp "GET /static/images/banner2.jpg HTTP/1.1" 200 1749157
INFO 2025-11-19 09:52:58,922 basehttp "GET /static/icons/animal.ico HTTP/1.1" 200 34453
INFO 2025-11-19 09:53:55,090 autoreload Watching for file changes with StatReloader
INFO 2025-11-19 09:53:59,598 basehttp "GET / HTTP/1.1" 200 11333
INFO 2025-11-19 09:53:59,654 basehttp "GET /static/css/main/index.css HTTP/1.1" 304 0
INFO 2025-11-19 09:55:05,641 basehttp "GET /faq/ HTTP/1.1" 200 5193
INFO 2025-11-19 09:55:51,907 autoreload Watching for file changes with StatReloader
INFO 2025-11-19 09:55:52,978 basehttp "GET / HTTP/1.1" 200 11331
INFO 2025-11-19 09:55:52,987 basehttp "GET /static/images/banner1.jpg HTTP/1.1" 304 0
INFO 2025-11-19 09:55:52,987 basehttp "GET /static/css/main/index.css HTTP/1.1" 304 0
INFO 2025-11-19 09:55:52,989 basehttp "GET /static/images/banner2.jpg HTTP/1.1" 304 0
INFO 2025-11-19 09:55:52,989 basehttp "GET /static/images/banner3.jpg HTTP/1.1" 304 0
INFO 2025-11-19 10:03:05,793 autoreload Watching for file changes with StatReloader
INFO 2025-11-19 10:03:08,592 basehttp "GET / HTTP/1.1" 200 11331
INFO 2025-11-19 10:03:08,619 basehttp "GET /static/css/main/index.css HTTP/1.1" 304 0
INFO 2025-11-19 10:03:08,630 basehttp "GET /static/js/slider.js HTTP/1.1" 304 0
INFO 2025-11-19 10:03:08,641 basehttp "GET /static/images/banner2.jpg HTTP/1.1" 304 0
INFO 2025-11-19 10:03:08,641 basehttp "GET /static/images/banner1.jpg HTTP/1.1" 304 0
INFO 2025-11-19 10:03:08,642 basehttp "GET /static/images/banner3.jpg HTTP/1.1" 304 0
INFO 2025-11-19 10:03:22,113 basehttp "GET /admin/ HTTP/1.1" 200 22168
WARNING 2025-11-19 10:03:22,185 log Not Found: /favicon.ico
WARNING 2025-11-19 10:03:22,187 basehttp "GET /favicon.ico HTTP/1.1" 404 6857
INFO 2025-11-19 10:03:24,917 basehttp "GET /admin/goods/category/ HTTP/1.1" 200 16916
INFO 2025-11-19 10:03:24,940 basehttp "GET /admin/jsi18n/ HTTP/1.1" 200 3342
INFO 2025-11-19 10:03:26,898 basehttp "GET /admin/goods/category/add/ HTTP/1.1" 200 18513
INFO 2025-11-19 10:03:26,914 basehttp "GET /admin/jsi18n/ HTTP/1.1" 200 3342
INFO 2025-11-19 10:03:43,495 basehttp "POST /admin/goods/category/add/ HTTP/1.1" 302 0
INFO 2025-11-19 10:03:43,524 basehttp "GET /admin/goods/category/ HTTP/1.1" 200 18593
INFO 2025-11-19 10:03:43,535 basehttp "GET /admin/jsi18n/ HTTP/1.1" 200 3342
INFO 2025-11-19 10:03:46,078 basehttp "GET / HTTP/1.1" 200 11419
INFO 2025-11-19 10:03:47,852 basehttp "GET /catalog/all/ HTTP/1.1" 200 6488
INFO 2025-11-19 10:03:48,008 basehttp "GET /static/js/catalog_pagination.js HTTP/1.1" 200 3428
INFO 2025-11-19 10:03:56,712 basehttp "GET /catalog/all/ HTTP/1.1" 200 6488
INFO 2025-11-19 10:03:56,725 basehttp "GET /static/css/notifications.css HTTP/1.1" 200 772
INFO 2025-11-19 10:03:56,727 basehttp "GET /static/css/goods/catalog.css HTTP/1.1" 200 3186
INFO 2025-11-19 10:03:56,727 basehttp "GET /static/css/base.css HTTP/1.1" 200 6879
INFO 2025-11-19 10:03:56,729 basehttp "GET /static/js/script.js HTTP/1.1" 200 4461
INFO 2025-11-19 10:03:56,730 basehttp "GET /static/js/theme.js HTTP/1.1" 200 715
INFO 2025-11-19 10:03:56,732 basehttp "GET /static/js/catalog_pagination.js HTTP/1.1" 200 3428
INFO 2025-11-19 10:03:56,734 basehttp "GET /static/js/jquery/jquery-3.7.1.min.js HTTP/1.1" 200 87535
INFO 2025-11-19 10:03:56,762 basehttp "GET /static/icons/animal.ico HTTP/1.1" 200 34453
INFO 2025-11-19 10:04:01,583 basehttp "GET /admin/ HTTP/1.1" 200 22128
WARNING 2025-11-19 10:04:01,629 log Not Found: /favicon.ico
WARNING 2025-11-19 10:04:01,629 basehttp "GET /favicon.ico HTTP/1.1" 404 6857
INFO 2025-11-19 10:04:04,334 basehttp "GET /admin/goods/productsupply/ HTTP/1.1" 200 17950
INFO 2025-11-19 10:04:04,353 basehttp "GET /admin/jsi18n/ HTTP/1.1" 200 3342
INFO 2025-11-19 10:04:04,368 basehttp "GET /static/admin/img/icon-viewlink.svg HTTP/1.1" 200 581
INFO 2025-11-19 10:04:05,679 basehttp "GET /admin/goods/product/ HTTP/1.1" 200 17234
INFO 2025-11-19 10:04:05,692 basehttp "GET /admin/jsi18n/ HTTP/1.1" 200 3342
INFO 2025-11-19 10:04:07,685 basehttp "GET /admin/goods/product/add/ HTTP/1.1" 200 23406
INFO 2025-11-19 10:04:07,699 basehttp "GET /admin/jsi18n/ HTTP/1.1" 200 3342
INFO 2025-11-19 10:04:21,581 basehttp "POST /admin/goods/product/add/ HTTP/1.1" 302 0
INFO 2025-11-19 10:04:21,606 basehttp "GET /admin/goods/product/add/ HTTP/1.1" 200 23650
INFO 2025-11-19 10:04:21,621 basehttp "GET /admin/jsi18n/ HTTP/1.1" 200 3342
INFO 2025-11-19 10:04:33,307 basehttp "POST /admin/goods/product/add/ HTTP/1.1" 302 0
INFO 2025-11-19 10:04:33,339 basehttp "GET /admin/goods/product/add/ HTTP/1.1" 200 23649
INFO 2025-11-19 10:04:33,355 basehttp "GET /admin/jsi18n/ HTTP/1.1" 200 3342
INFO 2025-11-19 10:04:43,923 basehttp "POST /admin/goods/product/add/ HTTP/1.1" 302 0
INFO 2025-11-19 10:04:43,951 basehttp "GET /admin/goods/product/add/ HTTP/1.1" 200 23644
INFO 2025-11-19 10:04:43,966 basehttp "GET /admin/jsi18n/ HTTP/1.1" 200 3342
INFO 2025-11-19 10:04:58,301 basehttp "POST /admin/goods/product/add/ HTTP/1.1" 302 0
INFO 2025-11-19 10:04:58,327 basehttp "GET /admin/goods/product/ HTTP/1.1" 200 20699
INFO 2025-11-19 10:04:58,341 basehttp "GET /admin/jsi18n/ HTTP/1.1" 200 3342
INFO 2025-11-19 10:04:58,357 basehttp "GET /static/admin/img/sorting-icons.svg HTTP/1.1" 200 1097
INFO 2025-11-19 10:04:59,699 basehttp "GET / HTTP/1.1" 200 11419
INFO 2025-11-19 10:04:59,709 basehttp "GET /static/css/main/index.css HTTP/1.1" 304 0
INFO 2025-11-19 10:05:01,836 basehttp "GET /catalog/all/ HTTP/1.1" 200 7513
INFO 2025-11-19 10:05:01,846 basehttp "GET /static/js/catalog_pagination.js HTTP/1.1" 304 0
WARNING 2025-11-19 10:05:01,862 log Not Found: /media/images/Not found image.png
WARNING 2025-11-19 10:05:01,863 basehttp "GET /media/images/Not%20found%20image.png HTTP/1.1" 404 7167
WARNING 2025-11-19 10:05:03,975 log Not Found: /media/images/Not found image.png
WARNING 2025-11-19 10:05:03,975 basehttp "GET /media/images/Not%20found%20image.png HTTP/1.1" 404 7167
WARNING 2025-11-19 10:05:05,930 log Not Found: /media/images/Not found image.png
WARNING 2025-11-19 10:05:05,931 basehttp "GET /media/images/Not%20found%20image.png HTTP/1.1" 404 7167
WARNING 2025-11-19 10:06:01,418 log Not Found: /media/images/Not found image.png
WARNING 2025-11-19 10:06:01,420 basehttp "GET /media/images/Not%20found%20image.png HTTP/1.1" 404 7167
WARNING 2025-11-19 10:06:03,915 log Not Found: /media/images/Not found image.png
WARNING 2025-11-19 10:06:03,915 basehttp "GET /media/images/Not%20found%20image.png HTTP/1.1" 404 7167
WARNING 2025-11-19 10:06:05,579 log Not Found: /media/images/Not found image.png
WARNING 2025-11-19 10:06:05,579 basehttp "GET /media/images/Not%20found%20image.png HTTP/1.1" 404 7167
WARNING 2025-11-19 10:06:06,857 log Not Found: /media/images/Not found image.png
WARNING 2025-11-19 10:06:06,857 basehttp "GET /media/images/Not%20found%20image.png HTTP/1.1" 404 7167
INFO 2025-11-19 10:06:55,969 autoreload Watching for file changes with StatReloader
INFO 2025-11-19 10:06:58,351 basehttp "GET /catalog/all/ HTTP/1.1" 200 7513
INFO 2025-11-19 10:06:58,359 basehttp "GET /static/js/catalog_pagination.js HTTP/1.1" 304 0
WARNING 2025-11-19 10:06:58,377 log Not Found: /media/images/Not found image.png
WARNING 2025-11-19 10:06:58,377 basehttp "GET /media/images/Not%20found%20image.png HTTP/1.1" 404 7167
INFO 2025-11-19 10:07:00,214 basehttp "GET /catalog/all/ HTTP/1.1" 200 7513
INFO 2025-11-19 10:07:00,699 basehttp "GET /static/js/catalog_pagination.js HTTP/1.1" 200 3428
INFO 2025-11-19 10:07:00,707 basehttp "GET /static/js/script.js HTTP/1.1" 200 4461
INFO 2025-11-19 10:07:00,723 basehttp "GET /static/css/notifications.css HTTP/1.1" 200 772
INFO 2025-11-19 10:07:00,779 basehttp "GET /static/js/theme.js HTTP/1.1" 200 715
INFO 2025-11-19 10:07:00,812 basehttp "GET /static/css/base.css HTTP/1.1" 200 6879
INFO 2025-11-19 10:07:00,835 basehttp "GET /static/css/goods/catalog.css HTTP/1.1" 200 3719
WARNING 2025-11-19 10:07:00,845 log Not Found: /media/images/Not found image.png
WARNING 2025-11-19 10:07:00,845 basehttp "GET /media/images/Not%20found%20image.png HTTP/1.1" 404 7167
INFO 2025-11-19 10:07:00,866 basehttp "GET /static/js/jquery/jquery-3.7.1.min.js HTTP/1.1" 200 87535
INFO 2025-11-19 10:07:00,879 basehttp "GET /static/icons/animal.ico HTTP/1.1" 200 34453
INFO 2025-11-19 10:07:02,379 basehttp "GET /catalog/all/ HTTP/1.1" 200 7513
INFO 2025-11-19 10:07:02,388 basehttp "GET /static/css/goods/catalog.css HTTP/1.1" 304 0
WARNING 2025-11-19 10:07:02,397 log Not Found: /media/images/Not found image.png
WARNING 2025-11-19 10:07:02,398 basehttp "GET /media/images/Not%20found%20image.png HTTP/1.1" 404 7167
WARNING 2025-11-19 10:07:05,593 log Not Found: /media/images/Not found image.png
WARNING 2025-11-19 10:07:05,594 basehttp "GET /media/images/Not%20found%20image.png HTTP/1.1" 404 7167
WARNING 2025-11-19 10:07:06,875 log Not Found: /media/images/Not found image.png
WARNING 2025-11-19 10:07:06,875 basehttp "GET /media/images/Not%20found%20image.png HTTP/1.1" 404 7167
INFO 2025-11-19 11:46:47,750 autoreload Watching for file changes with StatReloader
INFO 2025-11-19 11:46:54,875 basehttp "GET / HTTP/1.1" 200 11419
INFO 2025-11-19 11:46:54,902 basehttp "GET / HTTP/1.1" 200 11419
INFO 2025-11-19 11:46:54,919 basehttp "GET /static/css/main/index.css HTTP/1.1" 304 0
INFO 2025-11-19 11:46:54,926 basehttp "GET / HTTP/1.1" 200 11419
INFO 2025-11-19 11:46:54,988 basehttp "GET /static/js/slider.js HTTP/1.1" 304 0
INFO 2025-11-19 11:46:55,001 basehttp "GET /static/images/banner2.jpg HTTP/1.1" 304 0
INFO 2025-11-19 11:46:55,003 basehttp "GET /static/images/banner1.jpg HTTP/1.1" 304 0
INFO 2025-11-19 11:46:55,021 basehttp "GET /static/images/banner3.jpg HTTP/1.1" 304 0
INFO 2025-11-19 11:47:00,707 basehttp "GET /admin/ HTTP/1.1" 200 21953
WARNING 2025-11-19 11:47:00,836 log Not Found: /favicon.ico
WARNING 2025-11-19 11:47:00,838 basehttp "GET /favicon.ico HTTP/1.1" 404 6857
INFO 2025-11-19 11:47:03,375 basehttp "GET /admin/goods/category/add/ HTTP/1.1" 200 18513
INFO 2025-11-19 11:47:03,411 basehttp "GET /admin/jsi18n/ HTTP/1.1" 200 3342
INFO 2025-11-19 11:47:06,937 basehttp "GET /admin/goods/category/ HTTP/1.1" 200 18379
INFO 2025-11-19 11:47:06,962 basehttp "GET /admin/jsi18n/ HTTP/1.1" 200 3342
INFO 2025-11-19 11:47:58,097 basehttp "GET /admin/goods/category/add/ HTTP/1.1" 200 18513
INFO 2025-11-19 11:47:58,121 basehttp "GET /admin/jsi18n/ HTTP/1.1" 200 3342
INFO 2025-11-19 11:48:03,906 basehttp "POST /admin/goods/category/add/ HTTP/1.1" 302 0
INFO 2025-11-19 11:48:03,944 basehttp "GET /admin/goods/category/ HTTP/1.1" 200 18878
INFO 2025-11-19 11:48:03,967 basehttp "GET /admin/jsi18n/ HTTP/1.1" 200 3342
INFO 2025-11-19 11:48:06,089 basehttp "GET /admin/goods/category/add/ HTTP/1.1" 200 18513
INFO 2025-11-19 11:48:06,116 basehttp "GET /admin/jsi18n/ HTTP/1.1" 200 3342
INFO 2025-11-19 11:48:13,007 basehttp "POST /admin/goods/category/add/ HTTP/1.1" 302 0
INFO 2025-11-19 11:48:13,054 basehttp "GET /admin/goods/category/ HTTP/1.1" 200 19195
INFO 2025-11-19 11:48:13,077 basehttp "GET /admin/jsi18n/ HTTP/1.1" 200 3342
INFO 2025-11-19 11:48:14,418 basehttp "GET /admin/goods/category/add/ HTTP/1.1" 200 18513
INFO 2025-11-19 11:48:14,443 basehttp "GET /admin/jsi18n/ HTTP/1.1" 200 3342
INFO 2025-11-19 11:48:20,124 basehttp "POST /admin/goods/category/add/ HTTP/1.1" 302 0
INFO 2025-11-19 11:48:20,165 basehttp "GET /admin/goods/category/ HTTP/1.1" 200 19526
INFO 2025-11-19 11:48:20,190 basehttp "GET /admin/jsi18n/ HTTP/1.1" 200 3342
INFO 2025-11-19 11:48:22,345 basehttp "GET /admin/goods/category/add/ HTTP/1.1" 200 18513
INFO 2025-11-19 11:48:22,367 basehttp "GET /admin/jsi18n/ HTTP/1.1" 200 3342
INFO 2025-11-19 11:48:52,609 basehttp "POST /admin/goods/category/add/ HTTP/1.1" 302 0
INFO 2025-11-19 11:48:52,657 basehttp "GET /admin/goods/category/ HTTP/1.1" 200 19809
INFO 2025-11-19 11:48:52,682 basehttp "GET /admin/jsi18n/ HTTP/1.1" 200 3342
INFO 2025-11-19 11:48:55,875 basehttp "GET /admin/carts/cart/ HTTP/1.1" 200 16888
INFO 2025-11-19 11:48:55,898 basehttp "GET /admin/jsi18n/ HTTP/1.1" 200 3342
INFO 2025-11-19 11:48:58,969 basehttp "GET /admin/auth/group/ HTTP/1.1" 200 17244
INFO 2025-11-19 11:48:58,996 basehttp "GET /admin/jsi18n/ HTTP/1.1" 200 3342
INFO 2025-11-19 11:49:00,614 basehttp "GET /admin/carts/cart/ HTTP/1.1" 200 16888
INFO 2025-11-19 11:49:00,639 basehttp "GET /admin/jsi18n/ HTTP/1.1" 200 3342
INFO 2025-11-19 11:49:05,148 basehttp "GET /admin/reviews/review/ HTTP/1.1" 200 16910
INFO 2025-11-19 11:49:05,170 basehttp "GET /admin/jsi18n/ HTTP/1.1" 200 3342
INFO 2025-11-19 11:49:07,326 basehttp "GET /admin/reviews/review/add/ HTTP/1.1" 200 20177
INFO 2025-11-19 11:49:07,352 basehttp "GET /admin/jsi18n/ HTTP/1.1" 200 3342
INFO 2025-11-19 11:49:12,744 basehttp "GET /admin/orders/order/ HTTP/1.1" 200 18710
INFO 2025-11-19 11:49:12,768 basehttp "GET /admin/jsi18n/ HTTP/1.1" 200 3342
INFO 2025-11-19 11:49:16,153 basehttp "GET /admin/main/promotional/ HTTP/1.1" 200 16933
INFO 2025-11-19 11:49:16,177 basehttp "GET /admin/jsi18n/ HTTP/1.1" 200 3342
INFO 2025-11-19 11:49:18,151 basehttp "GET /admin/main/promotional/add/ HTTP/1.1" 200 19772
INFO 2025-11-19 11:49:18,176 basehttp "GET /admin/jsi18n/ HTTP/1.1" 200 3342
INFO 2025-11-19 11:49:40,985 basehttp "POST /admin/main/promotional/add/ HTTP/1.1" 302 0
INFO 2025-11-19 11:49:41,035 basehttp "GET /admin/main/promotional/ HTTP/1.1" 200 18457
INFO 2025-11-19 11:49:41,063 basehttp "GET /admin/jsi18n/ HTTP/1.1" 200 3342
INFO 2025-11-19 11:49:43,163 basehttp "GET /admin/main/promotional/add/ HTTP/1.1" 200 19772
INFO 2025-11-19 11:49:43,190 basehttp "GET /admin/jsi18n/ HTTP/1.1" 200 3342
INFO 2025-11-19 11:49:55,668 basehttp "POST /admin/main/promotional/add/ HTTP/1.1" 302 0
INFO 2025-11-19 11:49:55,719 basehttp "GET /admin/main/promotional/ HTTP/1.1" 200 18744
INFO 2025-11-19 11:49:55,742 basehttp "GET /admin/jsi18n/ HTTP/1.1" 200 3342
INFO 2025-11-19 11:49:58,076 basehttp "GET /admin/main/promotional/add/ HTTP/1.1" 200 19772
INFO 2025-11-19 11:49:58,103 basehttp "GET /admin/jsi18n/ HTTP/1.1" 200 3342
INFO 2025-11-19 11:50:07,981 basehttp "POST /admin/main/promotional/add/ HTTP/1.1" 302 0
INFO 2025-11-19 11:50:08,020 basehttp "GET /admin/main/promotional/ HTTP/1.1" 200 19027
INFO 2025-11-19 11:50:08,045 basehttp "GET /admin/jsi18n/ HTTP/1.1" 200 3342
INFO 2025-11-19 11:50:10,320 basehttp "GET /admin/main/promotional/add/ HTTP/1.1" 200 19772
INFO 2025-11-19 11:50:10,344 basehttp "GET /admin/jsi18n/ HTTP/1.1" 200 3342
INFO 2025-11-19 11:50:24,983 basehttp "POST /admin/main/promotional/add/ HTTP/1.1" 302 0
INFO 2025-11-19 11:50:25,025 basehttp "GET /admin/main/promotional/ HTTP/1.1" 200 19314
INFO 2025-11-19 11:50:25,049 basehttp "GET /admin/jsi18n/ HTTP/1.1" 200 3342
INFO 2025-11-19 11:50:27,027 basehttp "GET /admin/main/promotional/add/ HTTP/1.1" 200 19772
INFO 2025-11-19 11:50:27,050 basehttp "GET /admin/jsi18n/ HTTP/1.1" 200 3342
INFO 2025-11-19 11:50:42,900 basehttp "POST /admin/main/promotional/add/ HTTP/1.1" 302 0
INFO 2025-11-19 11:50:42,940 basehttp "GET /admin/main/promotional/ HTTP/1.1" 200 19597
INFO 2025-11-19 11:50:42,964 basehttp "GET /admin/jsi18n/ HTTP/1.1" 200 3342
INFO 2025-11-19 11:50:45,312 basehttp "GET /admin/main/promotional/add/ HTTP/1.1" 200 19772
INFO 2025-11-19 11:50:45,334 basehttp "GET /admin/jsi18n/ HTTP/1.1" 200 3342
INFO 2025-11-19 11:51:09,196 basehttp "POST /admin/main/promotional/add/ HTTP/1.1" 302 0
INFO 2025-11-19 11:51:09,236 basehttp "GET /admin/main/promotional/ HTTP/1.1" 200 19881
INFO 2025-11-19 11:51:09,265 basehttp "GET /admin/jsi18n/ HTTP/1.1" 200 3342
INFO 2025-11-19 11:51:11,151 basehttp "GET /admin/main/promotional/add/ HTTP/1.1" 200 19772
INFO 2025-11-19 11:51:11,177 basehttp "GET /admin/jsi18n/ HTTP/1.1" 200 3342
INFO 2025-11-19 11:51:29,181 basehttp "POST /admin/main/promotional/add/ HTTP/1.1" 302 0
INFO 2025-11-19 11:51:29,220 basehttp "GET /admin/main/promotional/ HTTP/1.1" 200 20168
INFO 2025-11-19 11:51:29,245 basehttp "GET /admin/jsi18n/ HTTP/1.1" 200 3342
INFO 2025-11-19 11:51:30,762 basehttp "GET /admin/main/promotional/add/ HTTP/1.1" 200 19772
INFO 2025-11-19 11:51:30,785 basehttp "GET /admin/jsi18n/ HTTP/1.1" 200 3342
INFO 2025-11-19 11:51:53,929 basehttp "POST /admin/main/promotional/add/ HTTP/1.1" 302 0
INFO 2025-11-19 11:51:53,989 basehttp "GET /admin/main/promotional/ HTTP/1.1" 200 20454
INFO 2025-11-19 11:51:54,010 basehttp "GET /admin/jsi18n/ HTTP/1.1" 200 3342
INFO 2025-11-19 11:51:55,500 basehttp "GET /admin/main/promotional/add/ HTTP/1.1" 200 19772
INFO 2025-11-19 11:51:55,522 basehttp "GET /admin/jsi18n/ HTTP/1.1" 200 3342
INFO 2025-11-19 11:52:15,069 basehttp "POST /admin/main/promotional/add/ HTTP/1.1" 302 0
INFO 2025-11-19 11:52:15,113 basehttp "GET /admin/main/promotional/ HTTP/1.1" 200 20740
INFO 2025-11-19 11:52:15,138 basehttp "GET /admin/jsi18n/ HTTP/1.1" 200 3342
INFO 2025-11-19 11:52:17,019 basehttp "GET /admin/main/promotional/add/ HTTP/1.1" 200 19772
INFO 2025-11-19 11:52:17,048 basehttp "GET /admin/jsi18n/ HTTP/1.1" 200 3342
INFO 2025-11-19 11:52:31,427 basehttp "POST /admin/main/promotional/add/ HTTP/1.1" 302 0
INFO 2025-11-19 11:52:31,476 basehttp "GET /admin/main/promotional/ HTTP/1.1" 200 21032
INFO 2025-11-19 11:52:31,503 basehttp "GET /admin/jsi18n/ HTTP/1.1" 200 3342
INFO 2025-11-19 11:52:40,025 basehttp "GET /admin/carts/cart/ HTTP/1.1" 200 16888
INFO 2025-11-19 11:52:40,059 basehttp "GET /admin/jsi18n/ HTTP/1.1" 200 3342
INFO 2025-11-19 11:52:41,936 basehttp "GET /admin/carts/cart/add/ HTTP/1.1" 200 21218
INFO 2025-11-19 11:52:41,967 basehttp "GET /admin/jsi18n/ HTTP/1.1" 200 3342
INFO 2025-11-19 11:52:48,116 basehttp "GET /admin/carts/cart/ HTTP/1.1" 200 16888
INFO 2025-11-19 11:52:49,696 basehttp "GET /admin/goods/category/ HTTP/1.1" 200 19606
INFO 2025-11-19 11:52:49,720 basehttp "GET /admin/jsi18n/ HTTP/1.1" 200 3342
INFO 2025-11-19 11:52:52,540 basehttp "GET /admin/goods/productsupply/ HTTP/1.1" 200 17950
INFO 2025-11-19 11:52:52,564 basehttp "GET /admin/jsi18n/ HTTP/1.1" 200 3342
INFO 2025-11-19 11:52:54,029 basehttp "GET /admin/goods/product/ HTTP/1.1" 200 20489
INFO 2025-11-19 11:52:54,059 basehttp "GET /admin/jsi18n/ HTTP/1.1" 200 3342
INFO 2025-11-19 11:52:55,266 basehttp "GET /admin/goods/supplier/ HTTP/1.1" 200 17241
INFO 2025-11-19 11:52:55,296 basehttp "GET /admin/jsi18n/ HTTP/1.1" 200 3342
INFO 2025-11-19 11:52:56,765 basehttp "GET /admin/goods/product/ HTTP/1.1" 200 20489
INFO 2025-11-19 11:52:56,792 basehttp "GET /admin/jsi18n/ HTTP/1.1" 200 3342
INFO 2025-11-19 11:53:08,232 basehttp "POST /admin/goods/product/ HTTP/1.1" 200 17428
INFO 2025-11-19 11:53:08,503 basehttp "GET /static/admin/js/cancel.js HTTP/1.1" 200 884
INFO 2025-11-19 11:53:09,883 basehttp "POST /admin/goods/product/ HTTP/1.1" 302 0
INFO 2025-11-19 11:53:09,916 basehttp "GET /admin/goods/product/ HTTP/1.1" 200 17372
INFO 2025-11-19 11:53:09,946 basehttp "GET /admin/jsi18n/ HTTP/1.1" 200 3342
INFO 2025-11-19 11:53:13,633 basehttp "GET /admin/goods/product/add/ HTTP/1.1" 200 23580
INFO 2025-11-19 11:53:13,663 basehttp "GET /admin/jsi18n/ HTTP/1.1" 200 3342
INFO 2025-11-19 11:57:20,879 basehttp "POST /admin/goods/product/add/ HTTP/1.1" 302 0
INFO 2025-11-19 11:57:20,924 basehttp "GET /admin/goods/product/add/ HTTP/1.1" 200 23854
INFO 2025-11-19 11:57:20,954 basehttp "GET /admin/jsi18n/ HTTP/1.1" 200 3342
INFO 2025-11-19 11:59:00,461 basehttp "POST /admin/goods/product/add/ HTTP/1.1" 302 0
INFO 2025-11-19 11:59:00,500 basehttp "GET /admin/goods/product/add/ HTTP/1.1" 200 23844
INFO 2025-11-19 11:59:00,530 basehttp "GET /admin/jsi18n/ HTTP/1.1" 200 3342
INFO 2025-11-19 11:59:33,964 basehttp "POST /admin/goods/product/add/ HTTP/1.1" 302 0
INFO 2025-11-19 11:59:34,014 basehttp "GET /admin/goods/product/add/ HTTP/1.1" 200 23841
INFO 2025-11-19 11:59:34,041 basehttp "GET /admin/jsi18n/ HTTP/1.1" 200 3342
INFO 2025-11-19 12:00:38,553 basehttp "POST /admin/goods/product/add/ HTTP/1.1" 302 0
INFO 2025-11-19 12:00:38,604 basehttp "GET /admin/goods/product/add/ HTTP/1.1" 200 23845
INFO 2025-11-19 12:00:38,630 basehttp "GET /admin/jsi18n/ HTTP/1.1" 200 3342
INFO 2025-11-19 12:01:39,836 basehttp "POST /admin/goods/product/add/ HTTP/1.1" 302 0
INFO 2025-11-19 12:01:39,880 basehttp "GET /admin/goods/product/add/ HTTP/1.1" 200 23848
INFO 2025-11-19 12:01:39,910 basehttp "GET /admin/jsi18n/ HTTP/1.1" 200 3342
INFO 2025-11-19 12:02:15,267 basehttp "POST /admin/goods/product/add/ HTTP/1.1" 302 0
INFO 2025-11-19 12:02:15,315 basehttp "GET /admin/goods/product/add/ HTTP/1.1" 200 23850
INFO 2025-11-19 12:02:15,338 basehttp "GET /admin/jsi18n/ HTTP/1.1" 200 3342
INFO 2025-11-19 12:03:11,914 basehttp "POST /admin/goods/product/add/ HTTP/1.1" 302 0
INFO 2025-11-19 12:03:11,966 basehttp "GET /admin/goods/product/add/ HTTP/1.1" 200 23844
INFO 2025-11-19 12:03:11,991 basehttp "GET /admin/jsi18n/ HTTP/1.1" 200 3342
INFO 2025-11-19 12:04:11,314 basehttp "POST /admin/goods/product/add/ HTTP/1.1" 302 0
INFO 2025-11-19 12:04:11,356 basehttp "GET /admin/goods/product/add/ HTTP/1.1" 200 23850
INFO 2025-11-19 12:04:11,387 basehttp "GET /admin/jsi18n/ HTTP/1.1" 200 3342
INFO 2025-11-19 12:04:44,356 basehttp "POST /admin/goods/product/add/ HTTP/1.1" 302 0
INFO 2025-11-19 12:04:44,396 basehttp "GET /admin/goods/product/add/ HTTP/1.1" 200 23852
INFO 2025-11-19 12:04:44,424 basehttp "GET /admin/jsi18n/ HTTP/1.1" 200 3342
INFO 2025-11-19 12:05:15,587 basehttp "POST /admin/goods/product/add/ HTTP/1.1" 302 0
INFO 2025-11-19 12:05:15,628 basehttp "GET /admin/goods/product/add/ HTTP/1.1" 200 23844
INFO 2025-11-19 12:05:15,651 basehttp "GET /admin/jsi18n/ HTTP/1.1" 200 3342
INFO 2025-11-19 12:06:10,258 basehttp "POST /admin/goods/product/add/ HTTP/1.1" 302 0
INFO 2025-11-19 12:06:10,300 basehttp "GET /admin/goods/product/add/ HTTP/1.1" 200 23850
INFO 2025-11-19 12:06:10,328 basehttp "GET /admin/jsi18n/ HTTP/1.1" 200 3342
INFO 2025-11-19 12:06:50,093 basehttp "POST /admin/goods/product/add/ HTTP/1.1" 302 0
INFO 2025-11-19 12:06:50,147 basehttp "GET /admin/goods/product/add/ HTTP/1.1" 200 23854
INFO 2025-11-19 12:06:50,173 basehttp "GET /admin/jsi18n/ HTTP/1.1" 200 3342
INFO 2025-11-19 12:07:27,941 basehttp "POST /admin/goods/product/add/ HTTP/1.1" 302 0
INFO 2025-11-19 12:07:27,987 basehttp "GET /admin/goods/product/add/ HTTP/1.1" 200 23849
INFO 2025-11-19 12:07:28,018 basehttp "GET /admin/jsi18n/ HTTP/1.1" 200 3342
INFO 2025-11-19 12:07:57,567 basehttp "POST /admin/goods/product/add/ HTTP/1.1" 302 0
INFO 2025-11-19 12:07:57,615 basehttp "GET /admin/goods/product/ HTTP/1.1" 200 25338
INFO 2025-11-19 12:07:57,644 basehttp "GET /admin/jsi18n/ HTTP/1.1" 200 3342
INFO 2025-11-19 12:08:01,976 basehttp "GET / HTTP/1.1" 200 11759
INFO 2025-11-19 12:08:02,001 basehttp "GET /static/css/main/index.css HTTP/1.1" 304 0
INFO 2025-11-19 12:08:02,004 basehttp "GET /static/js/slider.js HTTP/1.1" 304 0
INFO 2025-11-19 12:08:02,012 basehttp "GET /static/images/banner2.jpg HTTP/1.1" 304 0
INFO 2025-11-19 12:08:02,020 basehttp "GET /static/images/banner1.jpg HTTP/1.1" 304 0
INFO 2025-11-19 12:08:02,027 basehttp "GET /static/images/banner3.jpg HTTP/1.1" 304 0
INFO 2025-11-19 12:08:06,538 basehttp "GET /catalog/korm/ HTTP/1.1" 200 8099
INFO 2025-11-19 12:08:06,559 basehttp "GET /static/css/goods/catalog.css HTTP/1.1" 304 0
INFO 2025-11-19 12:08:06,560 basehttp "GET /static/js/catalog_pagination.js HTTP/1.1" 304 0
INFO 2025-11-19 12:08:06,576 basehttp "GET /media/goods_images/parrot_food.jpg HTTP/1.1" 200 159905
INFO 2025-11-19 12:08:06,578 basehttp "GET /media/goods_images/fish_food.jpg HTTP/1.1" 200 58544
INFO 2025-11-19 12:08:14,526 basehttp "GET /media/goods_images/dog_food.jpg HTTP/1.1" 200 44597
INFO 2025-11-19 12:08:22,022 basehttp "GET /catalog/all/ HTTP/1.1" 200 11982
INFO 2025-11-19 12:08:22,055 basehttp "GET /media/goods_images/bird_cage.jpg HTTP/1.1" 200 114791
INFO 2025-11-19 12:08:25,834 basehttp "GET /media/goods_images/parrot_food.jpg HTTP/1.1" 304 0
INFO 2025-11-19 12:08:25,838 basehttp "GET /media/goods_images/hamster_wheel.jpg HTTP/1.1" 200 116176
INFO 2025-11-19 12:08:30,008 basehttp "GET /media/goods_images/fish_food.jpg HTTP/1.1" 304 0
INFO 2025-11-19 12:08:30,017 basehttp "GET /media/goods_images/cat_toy.jpg HTTP/1.1" 200 14225
INFO 2025-11-19 12:08:44,826 basehttp "GET /contacts/table/ HTTP/1.1" 200 7208
INFO 2025-11-19 12:08:44,851 basehttp "GET /static/css/main/contacts_table.css HTTP/1.1" 304 0
INFO 2025-11-19 12:08:44,852 basehttp "GET /static/js/contacts_table.js HTTP/1.1" 304 0
INFO 2025-11-19 12:08:44,885 basehttp "GET /contacts/api/ HTTP/1.1" 200 6080
INFO 2025-11-19 12:10:23,417 basehttp "GET / HTTP/1.1" 200 11759
INFO 2025-11-19 12:10:53,541 basehttp "GET /contacts/table/ HTTP/1.1" 200 7208
INFO 2025-11-19 12:10:53,620 basehttp "GET /contacts/api/ HTTP/1.1" 200 6080
INFO 2025-11-19 12:10:54,981 basehttp "GET /contacts/table/ HTTP/1.1" 200 7208
INFO 2025-11-19 12:10:55,014 basehttp "GET /contacts/api/ HTTP/1.1" 200 6080
INFO 2025-11-19 14:23:59,805 autoreload Watching for file changes with StatReloader
INFO 2025-11-19 14:24:04,492 basehttp "GET / HTTP/1.1" 200 11759
INFO 2025-11-19 14:24:05,105 basehttp "GET /static/images/fish1.png HTTP/1.1" 200 2205819
INFO 2025-11-19 14:24:05,112 basehttp "GET /static/css/base.css HTTP/1.1" 200 6879
INFO 2025-11-19 14:24:05,116 basehttp "GET /static/js/slider.js HTTP/1.1" 200 2773
INFO 2025-11-19 14:24:05,120 basehttp "GET /static/js/theme.js HTTP/1.1" 200 715
INFO 2025-11-19 14:24:05,127 basehttp "GET /static/js/jquery/jquery-3.7.1.min.js HTTP/1.1" 200 87535
INFO 2025-11-19 14:24:05,132 basehttp "GET /static/js/script.js HTTP/1.1" 200 4461
INFO 2025-11-19 14:24:05,133 basehttp "GET /static/images/seaweed.png HTTP/1.1" 200 1584444
INFO 2025-11-19 14:24:05,136 basehttp "GET /static/icons/animal.ico HTTP/1.1" 200 34453
INFO 2025-11-19 14:24:05,153 basehttp "GET /static/css/notifications.css HTTP/1.1" 200 772
INFO 2025-11-19 14:24:05,166 basehttp "GET /static/images/banner1.jpg HTTP/1.1" 200 1876971
INFO 2025-11-19 14:24:05,169 basehttp "GET /static/images/banner2.jpg HTTP/1.1" 200 1749157
INFO 2025-11-19 14:24:05,179 basehttp "GET /static/css/main/index.css HTTP/1.1" 200 7289
INFO 2025-11-19 14:24:05,180 basehttp "GET /static/images/banner3.jpg HTTP/1.1" 200 1747168
INFO 2025-11-19 14:24:05,197 basehttp "GET /static/css/footer.css HTTP/1.1" 200 701
INFO 2025-11-19 14:24:05,216 basehttp "GET /static/images/fish2.png HTTP/1.1" 200 1352197
INFO 2025-11-19 14:24:09,346 basehttp "GET /admin/ HTTP/1.1" 200 22011
INFO 2025-11-19 14:24:09,367 basehttp "GET /static/admin/css/base.css HTTP/1.1" 200 22120
INFO 2025-11-19 14:24:09,376 basehttp "GET /static/admin/css/nav_sidebar.css HTTP/1.1" 200 2810
INFO 2025-11-19 14:24:09,376 basehttp "GET /static/admin/js/theme.js HTTP/1.1" 200 1653
INFO 2025-11-19 14:24:09,376 basehttp "GET /static/admin/css/dashboard.css HTTP/1.1" 200 441
INFO 2025-11-19 14:24:09,378 basehttp "GET /static/admin/css/responsive.css HTTP/1.1" 200 16565
INFO 2025-11-19 14:24:09,379 basehttp "GET /static/admin/css/dark_mode.css HTTP/1.1" 200 2808
INFO 2025-11-19 14:24:09,384 basehttp "GET /static/admin/js/nav_sidebar.js HTTP/1.1" 200 3063
INFO 2025-11-19 14:24:09,389 basehttp "GET /static/admin/img/icon-changelink.svg HTTP/1.1" 200 380
INFO 2025-11-19 14:24:09,390 basehttp "GET /static/admin/img/icon-addlink.svg HTTP/1.1" 200 331
WARNING 2025-11-19 14:24:09,484 log Not Found: /favicon.ico
WARNING 2025-11-19 14:24:09,484 basehttp "GET /favicon.ico HTTP/1.1" 404 6857
INFO 2025-11-19 14:24:11,410 basehttp "GET /admin/carts/cart/ HTTP/1.1" 200 16888
INFO 2025-11-19 14:24:11,437 basehttp "GET /static/admin/css/changelists.css HTTP/1.1" 200 6878
INFO 2025-11-19 14:24:11,452 basehttp "GET /static/admin/js/admin/RelatedObjectLookups.js HTTP/1.1" 200 9777
INFO 2025-11-19 14:24:11,452 basehttp "GET /static/admin/js/jquery.init.js HTTP/1.1" 200 347
INFO 2025-11-19 14:24:11,455 basehttp "GET /static/admin/js/core.js HTTP/1.1" 200 6208
INFO 2025-11-19 14:24:11,457 basehttp "GET /static/admin/js/actions.js HTTP/1.1" 200 8076
INFO 2025-11-19 14:24:11,459 basehttp "GET /static/admin/js/urlify.js HTTP/1.1" 200 7887
INFO 2025-11-19 14:24:11,460 basehttp "GET /static/admin/js/prepopulate.js HTTP/1.1" 200 1531
INFO 2025-11-19 14:24:11,462 basehttp "GET /admin/jsi18n/ HTTP/1.1" 200 3342
INFO 2025-11-19 14:24:11,468 basehttp "GET /static/admin/js/vendor/jquery/jquery.js HTTP/1.1" 200 285314
INFO 2025-11-19 14:24:11,470 basehttp "GET /static/admin/js/vendor/xregexp/xregexp.js HTTP/1.1" 200 325171
INFO 2025-11-19 14:24:11,474 basehttp "GET /static/admin/js/filters.js HTTP/1.1" 200 978
INFO 2025-11-19 14:24:11,490 basehttp "GET /static/admin/img/tooltag-add.svg HTTP/1.1" 200 331
INFO 2025-11-19 14:24:13,528 basehttp "GET /admin/carts/cart/add/ HTTP/1.1" 200 22033
INFO 2025-11-19 14:24:13,557 basehttp "GET /static/admin/js/prepopulate_init.js HTTP/1.1" 200 586
INFO 2025-11-19 14:24:13,559 basehttp "GET /static/admin/css/forms.css HTTP/1.1" 200 8525
INFO 2025-11-19 14:24:13,562 basehttp "GET /admin/jsi18n/ HTTP/1.1" 200 3342
INFO 2025-11-19 14:24:13,563 basehttp "GET /static/admin/img/icon-viewlink.svg HTTP/1.1" 200 581
INFO 2025-11-19 14:24:13,563 basehttp "GET /static/admin/css/widgets.css HTTP/1.1" 200 11973
INFO 2025-11-19 14:24:13,567 basehttp "GET /static/admin/js/change_form.js HTTP/1.1" 200 606
INFO 2025-11-19 14:24:18,813 basehttp "GET /admin/goods/supplier/ HTTP/1.1" 200 17241
INFO 2025-11-19 14:24:18,838 basehttp "GET /static/admin/img/search.svg HTTP/1.1" 200 458
INFO 2025-11-19 14:24:18,841 basehttp "GET /admin/jsi18n/ HTTP/1.1" 200 3342
INFO 2025-11-19 14:24:21,741 basehttp "GET /admin/goods/supplier/add/ HTTP/1.1" 200 18952
INFO 2025-11-19 14:24:21,768 basehttp "GET /admin/jsi18n/ HTTP/1.1" 200 3342
INFO 2025-11-19 14:26:14,012 basehttp "POST /admin/goods/supplier/add/ HTTP/1.1" 200 19339
INFO 2025-11-19 14:26:14,039 basehttp "GET /admin/jsi18n/ HTTP/1.1" 200 3342
INFO 2025-11-19 14:26:32,215 basehttp "POST /admin/goods/supplier/add/ HTTP/1.1" 302 0
INFO 2025-11-19 14:26:32,232 basehttp "GET /admin/goods/supplier/add/ HTTP/1.1" 200 19210
INFO 2025-11-19 14:26:32,263 basehttp "GET /admin/jsi18n/ HTTP/1.1" 200 3342
INFO 2025-11-19 14:26:32,274 basehttp "GET /static/admin/img/icon-yes.svg HTTP/1.1" 200 436
INFO 2025-11-19 14:26:47,052 basehttp "POST /admin/goods/supplier/add/ HTTP/1.1" 302 0
INFO 2025-11-19 14:26:47,070 basehttp "GET /admin/goods/supplier/add/ HTTP/1.1" 200 19222
INFO 2025-11-19 14:26:47,098 basehttp "GET /admin/jsi18n/ HTTP/1.1" 200 3342
INFO 2025-11-19 14:27:03,294 basehttp "POST /admin/goods/supplier/add/ HTTP/1.1" 302 0
INFO 2025-11-19 14:27:03,314 basehttp "GET /admin/goods/supplier/add/ HTTP/1.1" 200 19208
INFO 2025-11-19 14:27:03,348 basehttp "GET /admin/jsi18n/ HTTP/1.1" 200 3342
INFO 2025-11-19 14:27:16,649 basehttp "POST /admin/goods/supplier/add/ HTTP/1.1" 302 0
INFO 2025-11-19 14:27:16,669 basehttp "GET /admin/goods/supplier/add/ HTTP/1.1" 200 19210
INFO 2025-11-19 14:27:16,699 basehttp "GET /admin/jsi18n/ HTTP/1.1" 200 3342
INFO 2025-11-19 14:27:29,828 basehttp "POST /admin/goods/supplier/add/ HTTP/1.1" 302 0
INFO 2025-11-19 14:27:29,847 basehttp "GET /admin/goods/supplier/add/ HTTP/1.1" 200 19212
INFO 2025-11-19 14:27:29,884 basehttp "GET /admin/jsi18n/ HTTP/1.1" 200 3342
INFO 2025-11-19 14:27:44,018 basehttp "POST /admin/goods/supplier/add/ HTTP/1.1" 302 0
INFO 2025-11-19 14:27:44,037 basehttp "GET /admin/goods/supplier/add/ HTTP/1.1" 200 19208
INFO 2025-11-19 14:27:44,061 basehttp "GET /admin/jsi18n/ HTTP/1.1" 200 3342
INFO 2025-11-19 14:27:58,706 basehttp "POST /admin/goods/supplier/add/ HTTP/1.1" 302 0
INFO 2025-11-19 14:27:58,727 basehttp "GET /admin/goods/supplier/add/ HTTP/1.1" 200 19217
INFO 2025-11-19 14:27:58,751 basehttp "GET /admin/jsi18n/ HTTP/1.1" 200 3342
INFO 2025-11-19 14:28:12,313 basehttp "POST /admin/goods/supplier/add/ HTTP/1.1" 302 0
INFO 2025-11-19 14:28:12,340 basehttp "GET /admin/goods/supplier/ HTTP/1.1" 200 22304
INFO 2025-11-19 14:28:12,372 basehttp "GET /admin/jsi18n/ HTTP/1.1" 200 3342
INFO 2025-11-19 14:28:18,907 basehttp "GET /admin/goods/supplier/add/ HTTP/1.1" 200 18952
INFO 2025-11-19 14:28:18,935 basehttp "GET /admin/jsi18n/ HTTP/1.1" 200 3342
INFO 2025-11-19 14:28:30,486 basehttp "POST /admin/goods/supplier/add/ HTTP/1.1" 302 0
INFO 2025-11-19 14:28:30,509 basehttp "GET /admin/goods/supplier/add/ HTTP/1.1" 200 19214
INFO 2025-11-19 14:28:30,540 basehttp "GET /admin/jsi18n/ HTTP/1.1" 200 3342
INFO 2025-11-19 14:28:43,296 basehttp "POST /admin/goods/supplier/add/ HTTP/1.1" 302 0
INFO 2025-11-19 14:28:43,318 basehttp "GET /admin/goods/supplier/add/ HTTP/1.1" 200 19213
INFO 2025-11-19 14:28:43,346 basehttp "GET /admin/jsi18n/ HTTP/1.1" 200 3342
INFO 2025-11-19 14:28:56,512 basehttp "POST /admin/goods/supplier/add/ HTTP/1.1" 302 0
INFO 2025-11-19 14:28:56,532 basehttp "GET /admin/goods/supplier/add/ HTTP/1.1" 200 19215
INFO 2025-11-19 14:28:56,559 basehttp "GET /admin/jsi18n/ HTTP/1.1" 200 3342
INFO 2025-11-19 14:29:09,552 basehttp "POST /admin/goods/supplier/add/ HTTP/1.1" 302 0
INFO 2025-11-19 14:29:09,579 basehttp "GET /admin/goods/supplier/ HTTP/1.1" 200 24095
INFO 2025-11-19 14:29:09,605 basehttp "GET /admin/jsi18n/ HTTP/1.1" 200 3342
INFO 2025-11-19 14:29:11,380 basehttp "GET /admin/goods/productsupply/ HTTP/1.1" 200 19191
INFO 2025-11-19 14:29:11,407 basehttp "GET /admin/jsi18n/ HTTP/1.1" 200 3342
INFO 2025-11-19 14:29:14,537 basehttp "GET /admin/goods/productsupply/add/ HTTP/1.1" 200 24997
INFO 2025-11-19 14:29:14,571 basehttp "GET /static/admin/js/calendar.js HTTP/1.1" 200 9141
INFO 2025-11-19 14:29:14,574 basehttp "GET /static/admin/js/admin/DateTimeShortcuts.js HTTP/1.1" 200 19319
INFO 2025-11-19 14:29:14,574 basehttp "GET /admin/jsi18n/ HTTP/1.1" 200 3342
INFO 2025-11-19 14:29:14,620 basehttp "GET /static/admin/img/icon-calendar.svg HTTP/1.1" 200 1086
INFO 2025-11-19 14:29:36,363 basehttp "POST /admin/goods/productsupply/add/ HTTP/1.1" 302 0
INFO 2025-11-19 14:29:36,388 basehttp "GET /admin/goods/productsupply/add/ HTTP/1.1" 200 25315
INFO 2025-11-19 14:29:36,415 basehttp "GET /admin/jsi18n/ HTTP/1.1" 200 3342
INFO 2025-11-19 14:29:46,150 basehttp "POST /admin/goods/productsupply/add/ HTTP/1.1" 302 0
INFO 2025-11-19 14:29:46,173 basehttp "GET /admin/goods/productsupply/ HTTP/1.1" 200 22504
INFO 2025-11-19 14:29:46,200 basehttp "GET /admin/jsi18n/ HTTP/1.1" 200 3342
INFO 2025-11-19 14:29:49,818 basehttp "GET /admin/goods/productsupply/add/ HTTP/1.1" 200 24997
INFO 2025-11-19 14:29:49,850 basehttp "GET /admin/jsi18n/ HTTP/1.1" 200 3342
INFO 2025-11-19 14:29:59,783 basehttp "POST /admin/goods/productsupply/add/ HTTP/1.1" 302 0
INFO 2025-11-19 14:29:59,808 basehttp "GET /admin/goods/productsupply/add/ HTTP/1.1" 200 25318
INFO 2025-11-19 14:29:59,837 basehttp "GET /admin/jsi18n/ HTTP/1.1" 200 3342
INFO 2025-11-19 14:30:08,222 basehttp "POST /admin/goods/productsupply/add/ HTTP/1.1" 302 0
INFO 2025-11-19 14:30:08,251 basehttp "GET /admin/goods/productsupply/add/ HTTP/1.1" 200 25320
INFO 2025-11-19 14:30:08,281 basehttp "GET /admin/jsi18n/ HTTP/1.1" 200 3342
INFO 2025-11-19 14:30:18,552 basehttp "POST /admin/goods/productsupply/add/ HTTP/1.1" 302 0
INFO 2025-11-19 14:30:18,575 basehttp "GET /admin/goods/productsupply/add/ HTTP/1.1" 200 25327
INFO 2025-11-19 14:30:18,600 basehttp "GET /admin/jsi18n/ HTTP/1.1" 200 3342
INFO 2025-11-19 14:30:30,893 basehttp "POST /admin/goods/productsupply/add/ HTTP/1.1" 302 0
INFO 2025-11-19 14:30:30,923 basehttp "GET /admin/goods/productsupply/add/ HTTP/1.1" 200 25324
INFO 2025-11-19 14:30:30,953 basehttp "GET /admin/jsi18n/ HTTP/1.1" 200 3342
INFO 2025-11-19 14:30:44,538 basehttp "POST /admin/goods/productsupply/add/ HTTP/1.1" 302 0
INFO 2025-11-19 14:30:44,564 basehttp "GET /admin/goods/productsupply/ HTTP/1.1" 200 25600
INFO 2025-11-19 14:30:44,591 basehttp "GET /admin/jsi18n/ HTTP/1.1" 200 3342
INFO 2025-11-19 14:30:48,451 basehttp "GET /admin/jobs/job/ HTTP/1.1" 200 16877
INFO 2025-11-19 14:30:48,481 basehttp "GET /admin/jsi18n/ HTTP/1.1" 200 3342
INFO 2025-11-19 14:30:50,457 basehttp "GET /admin/jobs/job/add/ HTTP/1.1" 200 19504
INFO 2025-11-19 14:30:50,493 basehttp "GET /admin/jsi18n/ HTTP/1.1" 200 3342
INFO 2025-11-19 14:32:08,367 basehttp "POST /admin/jobs/job/add/ HTTP/1.1" 302 0
INFO 2025-11-19 14:32:08,392 basehttp "GET /admin/jobs/job/add/ HTTP/1.1" 200 19758
INFO 2025-11-19 14:32:08,419 basehttp "GET /admin/jsi18n/ HTTP/1.1" 200 3342
INFO 2025-11-19 14:32:22,207 basehttp "POST /admin/jobs/job/add/ HTTP/1.1" 302 0
INFO 2025-11-19 14:32:22,231 basehttp "GET /admin/jobs/job/add/ HTTP/1.1" 200 19762
INFO 2025-11-19 14:32:22,257 basehttp "GET /admin/jsi18n/ HTTP/1.1" 200 3342
INFO 2025-11-19 14:32:39,337 basehttp "POST /admin/jobs/job/add/ HTTP/1.1" 302 0
INFO 2025-11-19 14:32:39,361 basehttp "GET /admin/jobs/job/add/ HTTP/1.1" 200 19731
INFO 2025-11-19 14:32:39,390 basehttp "GET /admin/jsi18n/ HTTP/1.1" 200 3342
INFO 2025-11-19 14:32:55,268 basehttp "POST /admin/jobs/job/add/ HTTP/1.1" 302 0
INFO 2025-11-19 14:32:55,292 basehttp "GET /admin/jobs/job/add/ HTTP/1.1" 200 19750
INFO 2025-11-19 14:32:55,316 basehttp "GET /admin/jsi18n/ HTTP/1.1" 200 3342
INFO 2025-11-19 14:33:09,237 basehttp "POST /admin/jobs/job/add/ HTTP/1.1" 302 0
INFO 2025-11-19 14:33:09,256 basehttp "GET /admin/jobs/job/add/ HTTP/1.1" 200 19761
INFO 2025-11-19 14:33:09,289 basehttp "GET /admin/jsi18n/ HTTP/1.1" 200 3342
INFO 2025-11-19 14:33:25,884 basehttp "POST /admin/jobs/job/add/ HTTP/1.1" 302 0
INFO 2025-11-19 14:33:25,905 basehttp "GET /admin/jobs/job/add/ HTTP/1.1" 200 19733
INFO 2025-11-19 14:33:25,937 basehttp "GET /admin/jsi18n/ HTTP/1.1" 200 3342
INFO 2025-11-19 14:33:41,082 basehttp "POST /admin/jobs/job/add/ HTTP/1.1" 302 0
INFO 2025-11-19 14:33:41,101 basehttp "GET /admin/jobs/job/add/ HTTP/1.1" 200 19762
INFO 2025-11-19 14:33:41,126 basehttp "GET /admin/jsi18n/ HTTP/1.1" 200 3342
INFO 2025-11-19 14:33:57,538 basehttp "POST /admin/jobs/job/add/ HTTP/1.1" 302 0
INFO 2025-11-19 14:33:57,557 basehttp "GET /admin/jobs/job/add/ HTTP/1.1" 200 19737
INFO 2025-11-19 14:33:57,586 basehttp "GET /admin/jsi18n/ HTTP/1.1" 200 3342
INFO 2025-11-19 14:34:12,035 basehttp "POST /admin/jobs/job/add/ HTTP/1.1" 302 0
INFO 2025-11-19 14:34:12,059 basehttp "GET /admin/jobs/job/add/ HTTP/1.1" 200 19743
INFO 2025-11-19 14:34:12,090 basehttp "GET /admin/jsi18n/ HTTP/1.1" 200 3342
INFO 2025-11-19 14:34:31,910 basehttp "POST /admin/jobs/job/add/ HTTP/1.1" 302 0
INFO 2025-11-19 14:34:31,930 basehttp "GET /admin/jobs/job/add/ HTTP/1.1" 200 19780
INFO 2025-11-19 14:34:31,957 basehttp "GET /admin/jsi18n/ HTTP/1.1" 200 3342
INFO 2025-11-19 14:34:47,527 basehttp "POST /admin/jobs/job/add/ HTTP/1.1" 302 0
INFO 2025-11-19 14:34:47,547 basehttp "GET /admin/jobs/job/ HTTP/1.1" 200 21468
INFO 2025-11-19 14:34:47,581 basehttp "GET /admin/jsi18n/ HTTP/1.1" 200 3342
INFO 2025-11-19 14:34:51,522 basehttp "GET /admin/main/aboutcompany/ HTTP/1.1" 200 16945
INFO 2025-11-19 14:34:51,557 basehttp "GET /admin/jsi18n/ HTTP/1.1" 200 3342
INFO 2025-11-19 14:34:53,843 basehttp "GET /admin/main/aboutcompany/add/ HTTP/1.1" 200 20829
INFO 2025-11-19 14:34:53,875 basehttp "GET /admin/jsi18n/ HTTP/1.1" 200 3342
INFO 2025-11-19 14:36:41,061 basehttp "POST /admin/main/aboutcompany/add/ HTTP/1.1" 200 23439
INFO 2025-11-19 14:36:41,088 basehttp "GET /admin/jsi18n/ HTTP/1.1" 200 3342
INFO 2025-11-19 14:37:15,550 basehttp "POST /admin/main/aboutcompany/add/ HTTP/1.1" 302 0
INFO 2025-11-19 14:37:15,570 basehttp "GET /admin/main/aboutcompany/ HTTP/1.1" 200 19611
INFO 2025-11-19 14:37:15,606 basehttp "GET /admin/jsi18n/ HTTP/1.1" 200 3342
INFO 2025-11-19 14:37:18,856 basehttp "GET /admin/main/faq/ HTTP/1.1" 200 16877
INFO 2025-11-19 14:37:18,884 basehttp "GET /admin/jsi18n/ HTTP/1.1" 200 3342
INFO 2025-11-19 14:37:21,168 basehttp "GET /admin/main/faq/add/ HTTP/1.1" 200 18345
INFO 2025-11-19 14:37:21,198 basehttp "GET /admin/jsi18n/ HTTP/1.1" 200 3342
INFO 2025-11-19 14:39:49,641 basehttp "POST /admin/main/faq/add/ HTTP/1.1" 302 0
INFO 2025-11-19 14:39:49,656 basehttp "GET /admin/main/faq/add/ HTTP/1.1" 200 18625
INFO 2025-11-19 14:39:49,688 basehttp "GET /admin/jsi18n/ HTTP/1.1" 200 3342
INFO 2025-11-19 14:39:57,310 basehttp "POST /admin/main/faq/add/ HTTP/1.1" 302 0
INFO 2025-11-19 14:39:57,328 basehttp "GET /admin/main/faq/add/ HTTP/1.1" 200 18627
INFO 2025-11-19 14:39:57,356 basehttp "GET /admin/jsi18n/ HTTP/1.1" 200 3342
INFO 2025-11-19 14:40:07,288 basehttp "POST /admin/main/faq/add/ HTTP/1.1" 302 0
INFO 2025-11-19 14:40:07,308 basehttp "GET /admin/main/faq/add/ HTTP/1.1" 200 18615
INFO 2025-11-19 14:40:07,341 basehttp "GET /admin/jsi18n/ HTTP/1.1" 200 3342
INFO 2025-11-19 14:40:15,997 basehttp "POST /admin/main/faq/add/ HTTP/1.1" 302 0
INFO 2025-11-19 14:40:16,016 basehttp "GET /admin/main/faq/add/ HTTP/1.1" 200 18602
INFO 2025-11-19 14:40:16,043 basehttp "GET /admin/jsi18n/ HTTP/1.1" 200 3342
INFO 2025-11-19 14:40:24,766 basehttp "POST /admin/main/faq/add/ HTTP/1.1" 302 0
INFO 2025-11-19 14:40:24,789 basehttp "GET /admin/main/faq/add/ HTTP/1.1" 200 18611
INFO 2025-11-19 14:40:24,818 basehttp "GET /admin/jsi18n/ HTTP/1.1" 200 3342
INFO 2025-11-19 14:40:34,104 basehttp "POST /admin/main/faq/add/ HTTP/1.1" 302 0
INFO 2025-11-19 14:40:34,122 basehttp "GET /admin/main/faq/add/ HTTP/1.1" 200 18624
INFO 2025-11-19 14:40:34,151 basehttp "GET /admin/jsi18n/ HTTP/1.1" 200 3342
INFO 2025-11-19 14:40:46,193 basehttp "POST /admin/main/faq/add/ HTTP/1.1" 302 0
INFO 2025-11-19 14:40:46,211 basehttp "GET /admin/main/faq/add/ HTTP/1.1" 200 18613
INFO 2025-11-19 14:40:46,240 basehttp "GET /admin/jsi18n/ HTTP/1.1" 200 3342
INFO 2025-11-19 14:40:53,065 basehttp "POST /admin/main/faq/add/ HTTP/1.1" 302 0
INFO 2025-11-19 14:40:53,083 basehttp "GET /admin/main/faq/add/ HTTP/1.1" 200 18615
INFO 2025-11-19 14:40:53,115 basehttp "GET /admin/jsi18n/ HTTP/1.1" 200 3342
INFO 2025-11-19 14:41:03,701 basehttp "POST /admin/main/faq/add/ HTTP/1.1" 302 0
INFO 2025-11-19 14:41:03,721 basehttp "GET /admin/main/faq/add/ HTTP/1.1" 200 18614
INFO 2025-11-19 14:41:03,749 basehttp "GET /admin/jsi18n/ HTTP/1.1" 200 3342
INFO 2025-11-19 14:41:12,188 basehttp "POST /admin/main/faq/add/ HTTP/1.1" 302 0
INFO 2025-11-19 14:41:12,206 basehttp "GET /admin/main/faq/add/ HTTP/1.1" 200 18622
INFO 2025-11-19 14:41:12,233 basehttp "GET /admin/jsi18n/ HTTP/1.1" 200 3342
INFO 2025-11-19 14:41:20,497 basehttp "POST /admin/main/faq/add/ HTTP/1.1" 302 0
INFO 2025-11-19 14:41:20,527 basehttp "GET /admin/main/faq/add/ HTTP/1.1" 200 18613
INFO 2025-11-19 14:41:20,566 basehttp "GET /admin/jsi18n/ HTTP/1.1" 200 3342
INFO 2025-11-19 14:41:32,363 basehttp "POST /admin/main/faq/add/ HTTP/1.1" 302 0
INFO 2025-11-19 14:41:32,386 basehttp "GET /admin/main/faq/add/ HTTP/1.1" 200 18631
INFO 2025-11-19 14:41:32,416 basehttp "GET /admin/jsi18n/ HTTP/1.1" 200 3342
INFO 2025-11-19 14:41:43,327 basehttp "POST /admin/main/faq/add/ HTTP/1.1" 302 0
INFO 2025-11-19 14:41:43,383 basehttp "GET /admin/main/faq/add/ HTTP/1.1" 200 18632
INFO 2025-11-19 14:41:43,414 basehttp "GET /admin/jsi18n/ HTTP/1.1" 200 3342
INFO 2025-11-19 14:41:52,410 basehttp "POST /admin/main/faq/add/ HTTP/1.1" 302 0
INFO 2025-11-19 14:41:52,436 basehttp "GET /admin/main/faq/add/ HTTP/1.1" 200 18629
INFO 2025-11-19 14:41:52,463 basehttp "GET /admin/jsi18n/ HTTP/1.1" 200 3342
INFO 2025-11-19 14:42:01,873 basehttp "POST /admin/main/faq/add/ HTTP/1.1" 302 0
INFO 2025-11-19 14:42:01,896 basehttp "GET /admin/main/faq/ HTTP/1.1" 200 23651
INFO 2025-11-19 14:42:01,924 basehttp "GET /admin/jsi18n/ HTTP/1.1" 200 3342
INFO 2025-11-19 14:42:15,356 basehttp "GET /admin/main/news/ HTTP/1.1" 200 16884
INFO 2025-11-19 14:42:15,385 basehttp "GET /admin/jsi18n/ HTTP/1.1" 200 3342
INFO 2025-11-19 14:42:21,673 basehttp "GET /admin/main/news/add/ HTTP/1.1" 200 18930
INFO 2025-11-19 14:42:21,701 basehttp "GET /admin/jsi18n/ HTTP/1.1" 200 3342
INFO 2025-11-19 14:42:58,979 basehttp "POST /admin/main/news/add/ HTTP/1.1" 302 0
INFO 2025-11-19 14:42:58,995 basehttp "GET /admin/main/news/add/ HTTP/1.1" 200 19212
INFO 2025-11-19 14:42:59,020 basehttp "GET /admin/jsi18n/ HTTP/1.1" 200 3342
INFO 2025-11-19 14:43:06,242 basehttp "POST /admin/main/news/add/ HTTP/1.1" 302 0
INFO 2025-11-19 14:43:06,262 basehttp "GET /admin/main/news/add/ HTTP/1.1" 200 19202
INFO 2025-11-19 14:43:06,291 basehttp "GET /admin/jsi18n/ HTTP/1.1" 200 3342
INFO 2025-11-19 14:43:14,847 basehttp "POST /admin/main/news/add/ HTTP/1.1" 302 0
INFO 2025-11-19 14:43:14,868 basehttp "GET /admin/main/news/add/ HTTP/1.1" 200 19217
INFO 2025-11-19 14:43:14,901 basehttp "GET /admin/jsi18n/ HTTP/1.1" 200 3342
INFO 2025-11-19 14:43:22,415 basehttp "POST /admin/main/news/add/ HTTP/1.1" 302 0
INFO 2025-11-19 14:43:22,436 basehttp "GET /admin/main/news/add/ HTTP/1.1" 200 19206
INFO 2025-11-19 14:43:22,464 basehttp "GET /admin/jsi18n/ HTTP/1.1" 200 3342
INFO 2025-11-19 14:43:30,400 basehttp "POST /admin/main/news/add/ HTTP/1.1" 302 0
INFO 2025-11-19 14:43:30,417 basehttp "GET /admin/main/news/add/ HTTP/1.1" 200 19224
INFO 2025-11-19 14:43:30,446 basehttp "GET /admin/jsi18n/ HTTP/1.1" 200 3342
INFO 2025-11-19 14:43:41,480 basehttp "POST /admin/main/news/add/ HTTP/1.1" 302 0
INFO 2025-11-19 14:43:41,503 basehttp "GET /admin/main/news/add/ HTTP/1.1" 200 19224
INFO 2025-11-19 14:43:41,536 basehttp "GET /admin/jsi18n/ HTTP/1.1" 200 3342
INFO 2025-11-19 14:43:54,317 basehttp "POST /admin/main/news/add/ HTTP/1.1" 302 0
INFO 2025-11-19 14:43:54,344 basehttp "GET /admin/main/news/ HTTP/1.1" 200 20788
INFO 2025-11-19 14:43:54,374 basehttp "GET /admin/jsi18n/ HTTP/1.1" 200 3342
INFO 2025-11-19 14:44:00,297 basehttp "GET /admin/main/partner/ HTTP/1.1" 200 16905
INFO 2025-11-19 14:44:00,324 basehttp "GET /admin/jsi18n/ HTTP/1.1" 200 3342
INFO 2025-11-19 14:44:22,248 basehttp "GET /admin/main/partner/add/ HTTP/1.1" 200 18934
INFO 2025-11-19 14:44:22,281 basehttp "GET /admin/jsi18n/ HTTP/1.1" 200 3342
INFO 2025-11-19 14:47:12,991 basehttp "POST /admin/main/partner/add/ HTTP/1.1" 302 0
INFO 2025-11-19 14:47:13,010 basehttp "GET /admin/main/partner/ HTTP/1.1" 200 18385
INFO 2025-11-19 14:47:13,038 basehttp "GET /admin/jsi18n/ HTTP/1.1" 200 3342
INFO 2025-11-19 14:47:14,956 basehttp "GET /admin/main/partner/add/ HTTP/1.1" 200 18934
INFO 2025-11-19 14:47:14,990 basehttp "GET /admin/jsi18n/ HTTP/1.1" 200 3342
INFO 2025-11-19 14:48:06,911 basehttp "POST /admin/main/partner/add/ HTTP/1.1" 302 0
INFO 2025-11-19 14:48:06,927 basehttp "GET /admin/main/partner/add/ HTTP/1.1" 200 19173
INFO 2025-11-19 14:48:06,954 basehttp "GET /admin/jsi18n/ HTTP/1.1" 200 3342
INFO 2025-11-19 14:48:50,945 basehttp "POST /admin/main/partner/add/ HTTP/1.1" 302 0
INFO 2025-11-19 14:48:50,973 basehttp "GET /admin/main/partner/ HTTP/1.1" 200 18928
INFO 2025-11-19 14:48:51,019 basehttp "GET /admin/jsi18n/ HTTP/1.1" 200 3342
INFO 2025-11-19 14:54:24,086 basehttp "GET / HTTP/1.1" 200 13408
INFO 2025-11-19 14:54:24,110 basehttp "GET /static/css/main/index.css HTTP/1.1" 304 0
INFO 2025-11-19 14:54:24,117 basehttp "GET /static/images/banner1.jpg HTTP/1.1" 304 0
INFO 2025-11-19 14:54:24,118 basehttp "GET /static/images/banner2.jpg HTTP/1.1" 304 0
INFO 2025-11-19 14:54:24,128 basehttp "GET /static/images/banner3.jpg HTTP/1.1" 304 0
INFO 2025-11-19 14:54:24,128 basehttp "GET /media/partners/zoomarket.webp HTTP/1.1" 200 6966
INFO 2025-11-19 14:54:24,129 basehttp "GET /media/partners/Zoobazar.jpg HTTP/1.1" 200 37096
INFO 2025-11-19 14:54:24,131 basehttp "GET /media/partners/petstop.png HTTP/1.1" 200 38070
INFO 2025-11-19 14:54:29,189 basehttp "GET /faq/ HTTP/1.1" 200 17586
INFO 2025-11-19 14:54:29,217 basehttp "GET /static/css/main/faq.css HTTP/1.1" 200 1730
INFO 2025-11-19 14:54:33,294 basehttp "GET /news/ HTTP/1.1" 200 13288
INFO 2025-11-19 14:54:33,318 basehttp "GET /static/css/main/news.css HTTP/1.1" 200 2382
INFO 2025-11-19 14:54:53,420 basehttp "GET /contact/ HTTP/1.1" 200 16791
INFO 2025-11-19 14:54:53,452 basehttp "GET /static/css/main/contact.css HTTP/1.1" 200 1196
INFO 2025-11-19 14:56:03,480 basehttp "GET / HTTP/1.1" 200 13408
INFO 2025-11-19 14:56:03,516 basehttp "GET /static/js/slider.js HTTP/1.1" 304 0
INFO 2025-11-19 14:56:03,525 basehttp "GET /media/partners/Zoobazar.jpg HTTP/1.1" 304 0
INFO 2025-11-19 14:56:03,531 basehttp "GET /media/partners/zoomarket.webp HTTP/1.1" 304 0
INFO 2025-11-19 14:56:03,532 basehttp "GET /media/partners/petstop.png HTTP/1.1" 304 0
INFO 2025-11-19 14:56:12,806 basehttp "GET /catalog/uhod/ HTTP/1.1" 200 6986
INFO 2025-11-19 14:56:12,832 basehttp "GET /static/css/goods/catalog.css HTTP/1.1" 200 3719
INFO 2025-11-19 14:56:12,836 basehttp "GET /static/js/catalog_pagination.js HTTP/1.1" 200 3428
INFO 2025-11-19 14:56:12,851 basehttp "GET /media/goods_images/dog_shampoo.jpg HTTP/1.1" 200 16988
INFO 2025-11-19 14:56:26,281 basehttp "GET /catalog/korm/ HTTP/1.1" 200 8099
INFO 2025-11-19 14:56:26,319 basehttp "GET /media/goods_images/fish_food.jpg HTTP/1.1" 200 58544
INFO 2025-11-19 14:56:26,322 basehttp "GET /media/goods_images/cat_food.jpg HTTP/1.1" 200 127347
INFO 2025-11-19 14:56:26,323 basehttp "GET /media/goods_images/parrot_food.jpg HTTP/1.1" 200 159905
INFO 2025-11-19 14:56:36,376 basehttp "GET /catalog/all/ HTTP/1.1" 200 11982
INFO 2025-11-19 14:56:36,419 basehttp "GET /media/goods_images/bird_cage.jpg HTTP/1.1" 200 114791
INFO 2025-11-19 14:56:36,421 basehttp "GET /media/goods_images/rabbit_house.jpg HTTP/1.1" 200 166474
INFO 2025-11-19 14:56:40,005 basehttp "GET /media/goods_images/cat_tree.jpg HTTP/1.1" 200 35022
INFO 2025-11-19 14:56:40,009 basehttp "GET /media/goods_images/cat_toy.jpg HTTP/1.1" 200 14225
INFO 2025-11-19 14:56:40,009 basehttp "GET /media/goods_images/dog_bed.jpg HTTP/1.1" 200 87008
INFO 2025-11-19 14:56:40,012 basehttp "GET /media/goods_images/hamster_wheel.jpg HTTP/1.1" 200 116176
INFO 2025-11-19 14:56:40,013 basehttp "GET /media/goods_images/dog_toy.jpg HTTP/1.1" 200 34242
INFO 2025-11-19 14:56:40,015 basehttp "GET /media/goods_images/aquarium.jpg HTTP/1.1" 200 60510
INFO 2025-11-19 14:56:40,016 basehttp "GET /media/goods_images/pet_carrier.jpg HTTP/1.1" 200 92160
INFO 2025-11-19 14:56:43,287 basehttp "GET /media/goods_images/dog_food.jpg HTTP/1.1" 200 44597
INFO 2025-11-19 16:13:02,782 autoreload Watching for file changes with StatReloader
INFO 2025-11-19 16:13:04,925 basehttp "GET /catalog/all/ HTTP/1.1" 200 12040
INFO 2025-11-19 16:13:05,009 basehttp "GET /static/js/catalog_pagination.js HTTP/1.1" 304 0
INFO 2025-11-19 16:13:05,511 basehttp "GET /static/css/goods/catalog.css HTTP/1.1" 200 3933
INFO 2025-11-19 16:13:05,528 basehttp "GET /media/goods_images/cat_food.jpg HTTP/1.1" 304 0
INFO 2025-11-19 16:13:05,528 basehttp "GET /media/goods_images/rabbit_house.jpg HTTP/1.1" 304 0
INFO 2025-11-19 16:13:05,531 basehttp "GET /media/goods_images/bird_cage.jpg HTTP/1.1" 304 0
INFO 2025-11-19 16:13:05,535 basehttp "GET /static/js/card_hover_effect.js HTTP/1.1" 200 806
INFO 2025-11-19 16:16:51,378 autoreload Watching for file changes with StatReloader
WARNING 2025-11-19 16:17:17,553 log Not Found: /product/whiskas-govyadina
WARNING 2025-11-19 16:17:17,554 basehttp "GET /product/whiskas-govyadina HTTP/1.1" 404 6899
INFO 2025-11-19 16:17:43,482 basehttp "GET /user/users/ HTTP/1.1" 200 6464
INFO 2025-11-19 16:17:43,774 basehttp "GET /static/css/users/user_list.css HTTP/1.1" 200 1686
INFO 2025-11-19 16:17:48,649 basehttp "GET /suppliers/ HTTP/1.1" 200 9286
INFO 2025-11-19 16:17:48,701 basehttp "GET /static/css/main/supplier_list.css HTTP/1.1" 200 1876
INFO 2025-11-19 16:17:51,044 basehttp "GET /user/admin_orders/ HTTP/1.1" 200 5681
INFO 2025-11-19 16:17:51,101 basehttp "GET /static/css/users/admin_orders.css HTTP/1.1" 200 2115
INFO 2025-11-19 16:17:53,284 basehttp "GET /contacts/table/ HTTP/1.1" 200 7208
INFO 2025-11-19 16:17:53,333 basehttp "GET /static/css/main/contacts_table.css HTTP/1.1" 200 3897
INFO 2025-11-19 16:17:53,351 basehttp "GET /static/js/contacts_table.js HTTP/1.1" 200 10243
INFO 2025-11-19 16:17:53,380 basehttp "GET /contacts/api/ HTTP/1.1" 200 6080
INFO 2025-11-19 16:18:02,450 basehttp "GET /catalog/all/ HTTP/1.1" 200 12040
INFO 2025-11-19 16:18:02,496 basehttp "GET /static/css/goods/catalog.css HTTP/1.1" 304 0
INFO 2025-11-19 16:18:02,505 basehttp "GET /static/js/card_hover_effect.js HTTP/1.1" 304 0
WARNING 2025-11-19 16:18:05,527 log Not Found: /product/domik-dlya-krolika
WARNING 2025-11-19 16:18:05,528 basehttp "GET /product/domik-dlya-krolika HTTP/1.1" 404 6902
WARNING 2025-11-19 16:19:49,758 log Not Found: /product/domik-dlya-krolika
WARNING 2025-11-19 16:19:49,759 basehttp "GET /product/domik-dlya-krolika HTTP/1.1" 404 6902
WARNING 2025-11-19 16:19:49,888 log Not Found: /favicon.ico
WARNING 2025-11-19 16:19:49,889 basehttp "GET /favicon.ico HTTP/1.1" 404 6857
INFO 2025-11-19 16:21:08,294 autoreload Watching for file changes with StatReloader
WARNING 2025-11-19 16:21:12,163 log Not Found: /product/domik-dlya-krolika
WARNING 2025-11-19 16:21:12,164 basehttp "GET /product/domik-dlya-krolika HTTP/1.1" 404 6902
INFO 2025-11-19 16:21:17,791 basehttp "GET /catalog/all/ HTTP/1.1" 200 12040
INFO 2025-11-19 16:21:18,962 basehttp "GET /static/css/notifications.css HTTP/1.1" 200 772
INFO 2025-11-19 16:21:18,970 basehttp "GET /static/js/jquery/jquery-3.7.1.min.js HTTP/1.1" 200 87535
INFO 2025-11-19 16:21:18,974 basehttp "GET /static/js/script.js HTTP/1.1" 200 4461
INFO 2025-11-19 16:21:19,031 basehttp "GET /static/css/goods/catalog.css HTTP/1.1" 200 3933
INFO 2025-11-19 16:21:19,043 basehttp "GET /static/js/card_hover_effect.js HTTP/1.1" 200 806
INFO 2025-11-19 16:21:19,074 basehttp "GET /static/js/catalog_pagination.js HTTP/1.1" 200 3428
INFO 2025-11-19 16:21:19,110 basehttp "GET /static/css/base.css HTTP/1.1" 200 6879
INFO 2025-11-19 16:21:19,128 basehttp "GET /media/goods_images/bird_cage.jpg HTTP/1.1" 200 114791
INFO 2025-11-19 16:21:19,130 basehttp "GET /media/goods_images/cat_food.jpg HTTP/1.1" 200 127347
INFO 2025-11-19 16:21:19,131 basehttp "GET /media/goods_images/rabbit_house.jpg HTTP/1.1" 200 166474
INFO 2025-11-19 16:21:19,136 basehttp "GET /static/js/theme.js HTTP/1.1" 200 715
INFO 2025-11-19 16:21:19,198 basehttp "GET /static/icons/animal.ico HTTP/1.1" 200 34453
WARNING 2025-11-19 16:21:21,228 log Not Found: /product/domik-dlya-krolika
WARNING 2025-11-19 16:21:21,229 basehttp "GET /product/domik-dlya-krolika HTTP/1.1" 404 6902
WARNING 2025-11-19 16:21:21,352 log Not Found: /favicon.ico
WARNING 2025-11-19 16:21:21,353 basehttp "GET /favicon.ico HTTP/1.1" 404 6857
INFO 2025-11-19 16:22:32,960 autoreload Watching for file changes with StatReloader
WARNING 2025-11-19 16:22:35,074 log Not Found: /product/domik-dlya-krolika
WARNING 2025-11-19 16:22:35,074 basehttp "GET /product/domik-dlya-krolika HTTP/1.1" 404 6902
INFO 2025-11-19 16:32:56,930 autoreload Watching for file changes with StatReloader
WARNING 2025-11-19 16:33:01,895 log Not Found: /product/domik-dlya-krolika
WARNING 2025-11-19 16:33:01,896 basehttp "GET /product/domik-dlya-krolika HTTP/1.1" 404 6902
INFO 2025-11-19 16:33:31,943 autoreload Watching for file changes with StatReloader
WARNING 2025-11-19 16:33:33,953 log Not Found: /product/domik-dlya-krolika
WARNING 2025-11-19 16:33:33,954 basehttp "GET /product/domik-dlya-krolika HTTP/1.1" 404 6902
WARNING 2025-11-19 16:33:35,979 log Not Found: /product/domik-dlya-krolika
WARNING 2025-11-19 16:33:35,980 basehttp "GET /product/domik-dlya-krolika HTTP/1.1" 404 6902
WARNING 2025-11-19 16:33:37,301 log Not Found: /product/domik-dlya-krolika
WARNING 2025-11-19 16:33:37,301 basehttp "GET /product/domik-dlya-krolika HTTP/1.1" 404 6902
WARNING 2025-11-19 16:33:37,387 log Not Found: /favicon.ico
WARNING 2025-11-19 16:33:37,387 basehttp "GET /favicon.ico HTTP/1.1" 404 6857
INFO 2025-11-19 16:33:46,913 autoreload Watching for file changes with StatReloader
WARNING 2025-11-19 16:33:50,953 log Not Found: /product/domik-dlya-krolika
WARNING 2025-11-19 16:33:50,954 basehttp "GET /product/domik-dlya-krolika HTTP/1.1" 404 6902
WARNING 2025-11-19 16:33:54,296 log Not Found: /product/domik-dlya-krolika
WARNING 2025-11-19 16:33:54,298 basehttp "GET /product/domik-dlya-krolika HTTP/1.1" 404 6902
INFO 2025-11-19 16:34:04,678 autoreload C:\Labs\353504_Antonava_01\STRWEB\LR3\ZooShopApp\goods\urls.py changed, reloading.
INFO 2025-11-19 16:34:06,795 autoreload Watching for file changes with StatReloader
INFO 2025-11-19 16:34:19,573 autoreload Watching for file changes with StatReloader
WARNING 2025-11-19 16:34:23,747 log Not Found: /product/domik-dlya-krolika
WARNING 2025-11-19 16:34:23,748 basehttp "GET /product/domik-dlya-krolika HTTP/1.1" 404 6902
WARNING 2025-11-19 16:34:24,676 log Not Found: /product/domik-dlya-krolika
WARNING 2025-11-19 16:34:24,678 basehttp "GET /product/domik-dlya-krolika HTTP/1.1" 404 6902
INFO 2025-11-19 16:35:28,861 autoreload Watching for file changes with StatReloader
WARNING 2025-11-19 16:35:29,791 log Not Found: /product/domik-dlya-krolika
WARNING 2025-11-19 16:35:29,792 basehttp "GET /product/domik-dlya-krolika HTTP/1.1" 404 6902
INFO 2025-11-19 16:36:39,081 autoreload Watching for file changes with StatReloader
WARNING 2025-11-19 16:36:42,349 log Not Found: /product/domik-dlya-krolika
WARNING 2025-11-19 16:36:42,351 basehttp "GET /product/domik-dlya-krolika HTTP/1.1" 404 6902
WARNING 2025-11-19 16:36:44,046 log Not Found: /product/domik-dlya-krolika
WARNING 2025-11-19 16:36:44,047 basehttp "GET /product/domik-dlya-krolika HTTP/1.1" 404 6902
INFO 2025-11-19 16:37:14,842 autoreload Watching for file changes with StatReloader
WARNING 2025-11-19 16:37:16,449 log Not Found: /product/domik-dlya-krolika
WARNING 2025-11-19 16:37:16,451 basehttp "GET /product/domik-dlya-krolika HTTP/1.1" 404 6902
INFO 2025-11-19 16:39:43,306 autoreload Watching for file changes with StatReloader
WARNING 2025-11-19 16:39:44,388 log Not Found: /product/domik-dlya-krolika
WARNING 2025-11-19 16:39:44,389 basehttp "GET /product/domik-dlya-krolika HTTP/1.1" 404 6902
INFO 2025-11-19 16:41:14,888 autoreload Watching for file changes with StatReloader
INFO 2025-11-19 16:41:17,706 basehttp "GET / HTTP/1.1" 200 13408
INFO 2025-11-19 16:41:17,776 basehttp "GET /static/css/main/index.css HTTP/1.1" 304 0
INFO 2025-11-19 16:41:17,779 basehttp "GET /static/js/slider.js HTTP/1.1" 304 0
INFO 2025-11-19 16:41:17,794 basehttp "GET /static/images/banner1.jpg HTTP/1.1" 304 0
INFO 2025-11-19 16:41:17,797 basehttp "GET /static/images/banner2.jpg HTTP/1.1" 304 0
INFO 2025-11-19 16:41:17,801 basehttp "GET /static/images/banner3.jpg HTTP/1.1" 304 0
INFO 2025-11-19 16:41:17,803 basehttp "GET /media/partners/Zoobazar.jpg HTTP/1.1" 304 0
INFO 2025-11-19 16:41:17,812 basehttp "GET /media/partners/zoomarket.webp HTTP/1.1" 304 0
INFO 2025-11-19 16:41:17,814 basehttp "GET /media/partners/petstop.png HTTP/1.1" 304 0
ERROR 2025-11-19 16:41:20,490 log Internal Server Error: /catalog/all/
Traceback (most recent call last):
  File "C:\Labs\353504_Antonava_01\STRWEB\LR3\ZooShopApp\.venv\Lib\site-packages\django\core\handlers\exception.py", line 55, in inner
    response = get_response(request)
               ^^^^^^^^^^^^^^^^^^^^^
  File "C:\Labs\353504_Antonava_01\STRWEB\LR3\ZooShopApp\.venv\Lib\site-packages\django\core\handlers\base.py", line 197, in _get_response
    response = wrapped_callback(request, *callback_args, **callback_kwargs)
               ^^^^^^^^^^^^^^^^^^^^^^^^^^^^^^^^^^^^^^^^^^^^^^^^^^^^^^^^^^^^
  File "C:\Labs\353504_Antonava_01\STRWEB\LR3\ZooShopApp\goods\views.py", line 39, in catalog
    return render(request, 'goods/catalog.html', context)
           ^^^^^^^^^^^^^^^^^^^^^^^^^^^^^^^^^^^^^^^^^^^^^^
  File "C:\Labs\353504_Antonava_01\STRWEB\LR3\ZooShopApp\.venv\Lib\site-packages\django\shortcuts.py", line 25, in render
    content = loader.render_to_string(template_name, context, request, using=using)
              ^^^^^^^^^^^^^^^^^^^^^^^^^^^^^^^^^^^^^^^^^^^^^^^^^^^^^^^^^^^^^^^^^^^^^
  File "C:\Labs\353504_Antonava_01\STRWEB\LR3\ZooShopApp\.venv\Lib\site-packages\django\template\loader.py", line 61, in render_to_string
    template = get_template(template_name, using=using)
               ^^^^^^^^^^^^^^^^^^^^^^^^^^^^^^^^^^^^^^^^
  File "C:\Labs\353504_Antonava_01\STRWEB\LR3\ZooShopApp\.venv\Lib\site-packages\django\template\loader.py", line 15, in get_template
    return engine.get_template(template_name)
           ^^^^^^^^^^^^^^^^^^^^^^^^^^^^^^^^^^
  File "C:\Labs\353504_Antonava_01\STRWEB\LR3\ZooShopApp\.venv\Lib\site-packages\django\template\backends\django.py", line 79, in get_template
    return Template(self.engine.get_template(template_name), self)
                    ^^^^^^^^^^^^^^^^^^^^^^^^^^^^^^^^^^^^^^^
  File "C:\Labs\353504_Antonava_01\STRWEB\LR3\ZooShopApp\.venv\Lib\site-packages\django\template\engine.py", line 177, in get_template
    template, origin = self.find_template(template_name)
                       ^^^^^^^^^^^^^^^^^^^^^^^^^^^^^^^^^
  File "C:\Labs\353504_Antonava_01\STRWEB\LR3\ZooShopApp\.venv\Lib\site-packages\django\template\engine.py", line 159, in find_template
    template = loader.get_template(name, skip=skip)
               ^^^^^^^^^^^^^^^^^^^^^^^^^^^^^^^^^^^^
  File "C:\Labs\353504_Antonava_01\STRWEB\LR3\ZooShopApp\.venv\Lib\site-packages\django\template\loaders\cached.py", line 57, in get_template
    template = super().get_template(template_name, skip)
               ^^^^^^^^^^^^^^^^^^^^^^^^^^^^^^^^^^^^^^^^^
  File "C:\Labs\353504_Antonava_01\STRWEB\LR3\ZooShopApp\.venv\Lib\site-packages\django\template\loaders\base.py", line 28, in get_template
    return Template(
           ^^^^^^^^^
  File "C:\Labs\353504_Antonava_01\STRWEB\LR3\ZooShopApp\.venv\Lib\site-packages\django\template\base.py", line 154, in __init__
    self.nodelist = self.compile_nodelist()
                    ^^^^^^^^^^^^^^^^^^^^^^^
  File "C:\Labs\353504_Antonava_01\STRWEB\LR3\ZooShopApp\.venv\Lib\site-packages\django\template\base.py", line 196, in compile_nodelist
    nodelist = parser.parse()
               ^^^^^^^^^^^^^^
  File "C:\Labs\353504_Antonava_01\STRWEB\LR3\ZooShopApp\.venv\Lib\site-packages\django\template\base.py", line 518, in parse
    raise self.error(token, e)
  File "C:\Labs\353504_Antonava_01\STRWEB\LR3\ZooShopApp\.venv\Lib\site-packages\django\template\base.py", line 516, in parse
    compiled_result = compile_func(self, token)
                      ^^^^^^^^^^^^^^^^^^^^^^^^^
  File "C:\Labs\353504_Antonava_01\STRWEB\LR3\ZooShopApp\.venv\Lib\site-packages\django\template\loader_tags.py", line 299, in do_extends
    nodelist = parser.parse()
               ^^^^^^^^^^^^^^
  File "C:\Labs\353504_Antonava_01\STRWEB\LR3\ZooShopApp\.venv\Lib\site-packages\django\template\base.py", line 518, in parse
    raise self.error(token, e)
  File "C:\Labs\353504_Antonava_01\STRWEB\LR3\ZooShopApp\.venv\Lib\site-packages\django\template\base.py", line 516, in parse
    compiled_result = compile_func(self, token)
                      ^^^^^^^^^^^^^^^^^^^^^^^^^
  File "C:\Labs\353504_Antonava_01\STRWEB\LR3\ZooShopApp\.venv\Lib\site-packages\django\template\loader_tags.py", line 234, in do_block
    nodelist = parser.parse(("endblock",))
               ^^^^^^^^^^^^^^^^^^^^^^^^^^^
  File "C:\Labs\353504_Antonava_01\STRWEB\LR3\ZooShopApp\.venv\Lib\site-packages\django\template\base.py", line 518, in parse
    raise self.error(token, e)
  File "C:\Labs\353504_Antonava_01\STRWEB\LR3\ZooShopApp\.venv\Lib\site-packages\django\template\base.py", line 516, in parse
    compiled_result = compile_func(self, token)
                      ^^^^^^^^^^^^^^^^^^^^^^^^^
  File "C:\Labs\353504_Antonava_01\STRWEB\LR3\ZooShopApp\.venv\Lib\site-packages\django\template\defaulttags.py", line 862, in do_for
    nodelist_loop = parser.parse(
                    ^^^^^^^^^^^^^
  File "C:\Labs\353504_Antonava_01\STRWEB\LR3\ZooShopApp\.venv\Lib\site-packages\django\template\base.py", line 489, in parse
    raise self.error(token, e)
  File "C:\Labs\353504_Antonava_01\STRWEB\LR3\ZooShopApp\.venv\Lib\site-packages\django\template\base.py", line 487, in parse
    filter_expression = self.compile_filter(token.contents)
                        ^^^^^^^^^^^^^^^^^^^^^^^^^^^^^^^^^^^
  File "C:\Labs\353504_Antonava_01\STRWEB\LR3\ZooShopApp\.venv\Lib\site-packages\django\template\base.py", line 609, in compile_filter
    return FilterExpression(token, self)
           ^^^^^^^^^^^^^^^^^^^^^^^^^^^^^
  File "C:\Labs\353504_Antonava_01\STRWEB\LR3\ZooShopApp\.venv\Lib\site-packages\django\template\base.py", line 682, in __init__
    raise TemplateSyntaxError(
django.template.exceptions.TemplateSyntaxError: Could not parse some characters: request.user.is_authenticated| and request.user.is_employee||yesno:"true,false"
ERROR 2025-11-19 16:41:20,509 basehttp "GET /catalog/all/ HTTP/1.1" 500 226627
WARNING 2025-11-19 16:41:20,787 log Not Found: /favicon.ico
WARNING 2025-11-19 16:41:20,788 basehttp "GET /favicon.ico HTTP/1.1" 404 6857
INFO 2025-11-19 16:42:07,178 autoreload C:\Labs\353504_Antonava_01\STRWEB\LR3\ZooShopApp\goods\views.py changed, reloading.
INFO 2025-11-19 16:42:09,701 autoreload Watching for file changes with StatReloader
INFO 2025-11-19 16:42:35,133 autoreload Watching for file changes with StatReloader
INFO 2025-11-19 16:42:37,764 basehttp "GET /catalog/all/ HTTP/1.1" 200 14450
INFO 2025-11-19 16:42:37,811 basehttp "GET /static/css/goods/catalog.css HTTP/1.1" 304 0
INFO 2025-11-19 16:42:37,820 basehttp "GET /static/js/card_hover_effect.js HTTP/1.1" 304 0
WARNING 2025-11-19 16:42:39,776 log Not Found: /product/whiskas-govyadina
WARNING 2025-11-19 16:42:39,777 basehttp "GET /product/whiskas-govyadina HTTP/1.1" 404 6899
INFO 2025-11-19 16:43:08,312 autoreload Watching for file changes with StatReloader
INFO 2025-11-19 16:43:11,485 basehttp "GET / HTTP/1.1" 200 13408
ERROR 2025-11-19 16:43:14,796 log Internal Server Error: /catalog/korm/
Traceback (most recent call last):
  File "C:\Labs\353504_Antonava_01\STRWEB\LR3\ZooShopApp\.venv\Lib\site-packages\django\core\handlers\exception.py", line 55, in inner
    response = get_response(request)
               ^^^^^^^^^^^^^^^^^^^^^
  File "C:\Labs\353504_Antonava_01\STRWEB\LR3\ZooShopApp\.venv\Lib\site-packages\django\core\handlers\base.py", line 197, in _get_response
    response = wrapped_callback(request, *callback_args, **callback_kwargs)
               ^^^^^^^^^^^^^^^^^^^^^^^^^^^^^^^^^^^^^^^^^^^^^^^^^^^^^^^^^^^^
  File "C:\Labs\353504_Antonava_01\STRWEB\LR3\ZooShopApp\goods\views.py", line 41, in catalog
    return render(request, 'goods/catalog.html', context)
           ^^^^^^^^^^^^^^^^^^^^^^^^^^^^^^^^^^^^^^^^^^^^^^
  File "C:\Labs\353504_Antonava_01\STRWEB\LR3\ZooShopApp\.venv\Lib\site-packages\django\shortcuts.py", line 25, in render
    content = loader.render_to_string(template_name, context, request, using=using)
              ^^^^^^^^^^^^^^^^^^^^^^^^^^^^^^^^^^^^^^^^^^^^^^^^^^^^^^^^^^^^^^^^^^^^^
  File "C:\Labs\353504_Antonava_01\STRWEB\LR3\ZooShopApp\.venv\Lib\site-packages\django\template\loader.py", line 62, in render_to_string
    return template.render(context, request)
           ^^^^^^^^^^^^^^^^^^^^^^^^^^^^^^^^^
  File "C:\Labs\353504_Antonava_01\STRWEB\LR3\ZooShopApp\.venv\Lib\site-packages\django\template\backends\django.py", line 107, in render
    return self.template.render(context)
           ^^^^^^^^^^^^^^^^^^^^^^^^^^^^^
  File "C:\Labs\353504_Antonava_01\STRWEB\LR3\ZooShopApp\.venv\Lib\site-packages\django\template\base.py", line 171, in render
    return self._render(context)
           ^^^^^^^^^^^^^^^^^^^^^
  File "C:\Labs\353504_Antonava_01\STRWEB\LR3\ZooShopApp\.venv\Lib\site-packages\django\template\base.py", line 163, in _render
    return self.nodelist.render(context)
           ^^^^^^^^^^^^^^^^^^^^^^^^^^^^^
  File "C:\Labs\353504_Antonava_01\STRWEB\LR3\ZooShopApp\.venv\Lib\site-packages\django\template\base.py", line 1016, in render
    return SafeString("".join([node.render_annotated(context) for node in self]))
                              ^^^^^^^^^^^^^^^^^^^^^^^^^^^^^^^^^^^^^^^^^^^^^^^^^
  File "C:\Labs\353504_Antonava_01\STRWEB\LR3\ZooShopApp\.venv\Lib\site-packages\django\template\base.py", line 1016, in <listcomp>
    return SafeString("".join([node.render_annotated(context) for node in self]))
                               ^^^^^^^^^^^^^^^^^^^^^^^^^^^^^^
  File "C:\Labs\353504_Antonava_01\STRWEB\LR3\ZooShopApp\.venv\Lib\site-packages\django\template\base.py", line 977, in render_annotated
    return self.render(context)
           ^^^^^^^^^^^^^^^^^^^^
  File "C:\Labs\353504_Antonava_01\STRWEB\LR3\ZooShopApp\.venv\Lib\site-packages\django\template\loader_tags.py", line 159, in render
    return compiled_parent._render(context)
           ^^^^^^^^^^^^^^^^^^^^^^^^^^^^^^^^
  File "C:\Labs\353504_Antonava_01\STRWEB\LR3\ZooShopApp\.venv\Lib\site-packages\django\template\base.py", line 163, in _render
    return self.nodelist.render(context)
           ^^^^^^^^^^^^^^^^^^^^^^^^^^^^^
  File "C:\Labs\353504_Antonava_01\STRWEB\LR3\ZooShopApp\.venv\Lib\site-packages\django\template\base.py", line 1016, in render
    return SafeString("".join([node.render_annotated(context) for node in self]))
                              ^^^^^^^^^^^^^^^^^^^^^^^^^^^^^^^^^^^^^^^^^^^^^^^^^
  File "C:\Labs\353504_Antonava_01\STRWEB\LR3\ZooShopApp\.venv\Lib\site-packages\django\template\base.py", line 1016, in <listcomp>
    return SafeString("".join([node.render_annotated(context) for node in self]))
                               ^^^^^^^^^^^^^^^^^^^^^^^^^^^^^^
  File "C:\Labs\353504_Antonava_01\STRWEB\LR3\ZooShopApp\.venv\Lib\site-packages\django\template\base.py", line 977, in render_annotated
    return self.render(context)
           ^^^^^^^^^^^^^^^^^^^^
  File "C:\Labs\353504_Antonava_01\STRWEB\LR3\ZooShopApp\.venv\Lib\site-packages\django\template\loader_tags.py", line 65, in render
    result = block.nodelist.render(context)
             ^^^^^^^^^^^^^^^^^^^^^^^^^^^^^^
  File "C:\Labs\353504_Antonava_01\STRWEB\LR3\ZooShopApp\.venv\Lib\site-packages\django\template\base.py", line 1016, in render
    return SafeString("".join([node.render_annotated(context) for node in self]))
                              ^^^^^^^^^^^^^^^^^^^^^^^^^^^^^^^^^^^^^^^^^^^^^^^^^
  File "C:\Labs\353504_Antonava_01\STRWEB\LR3\ZooShopApp\.venv\Lib\site-packages\django\template\base.py", line 1016, in <listcomp>
    return SafeString("".join([node.render_annotated(context) for node in self]))
                               ^^^^^^^^^^^^^^^^^^^^^^^^^^^^^^
  File "C:\Labs\353504_Antonava_01\STRWEB\LR3\ZooShopApp\.venv\Lib\site-packages\django\template\base.py", line 977, in render_annotated
    return self.render(context)
           ^^^^^^^^^^^^^^^^^^^^
  File "C:\Labs\353504_Antonava_01\STRWEB\LR3\ZooShopApp\.venv\Lib\site-packages\django\template\defaulttags.py", line 243, in render
    nodelist.append(node.render_annotated(context))
                    ^^^^^^^^^^^^^^^^^^^^^^^^^^^^^^
  File "C:\Labs\353504_Antonava_01\STRWEB\LR3\ZooShopApp\.venv\Lib\site-packages\django\template\base.py", line 977, in render_annotated
    return self.render(context)
           ^^^^^^^^^^^^^^^^^^^^
  File "C:\Labs\353504_Antonava_01\STRWEB\LR3\ZooShopApp\.venv\Lib\site-packages\django\template\defaulttags.py", line 480, in render
    url = reverse(view_name, args=args, kwargs=kwargs, current_app=current_app)
          ^^^^^^^^^^^^^^^^^^^^^^^^^^^^^^^^^^^^^^^^^^^^^^^^^^^^^^^^^^^^^^^^^^^^^
  File "C:\Labs\353504_Antonava_01\STRWEB\LR3\ZooShopApp\.venv\Lib\site-packages\django\urls\base.py", line 98, in reverse
    resolved_url = resolver._reverse_with_prefix(view, prefix, *args, **kwargs)
                   ^^^^^^^^^^^^^^^^^^^^^^^^^^^^^^^^^^^^^^^^^^^^^^^^^^^^^^^^^^^^
  File "C:\Labs\353504_Antonava_01\STRWEB\LR3\ZooShopApp\.venv\Lib\site-packages\django\urls\resolvers.py", line 831, in _reverse_with_prefix
    raise NoReverseMatch(msg)
django.urls.exceptions.NoReverseMatch: Reverse for 'catalog/product' not found. 'catalog/product' is not a valid view function or pattern name.
ERROR 2025-11-19 16:43:14,815 basehttp "GET /catalog/korm/ HTTP/1.1" 500 201623
INFO 2025-11-19 16:43:38,441 autoreload Watching for file changes with StatReloader
INFO 2025-11-19 16:43:40,991 basehttp "GET / HTTP/1.1" 200 13408
ERROR 2025-11-19 16:43:45,676 log Internal Server Error: /catalog/all/
Traceback (most recent call last):
  File "C:\Labs\353504_Antonava_01\STRWEB\LR3\ZooShopApp\.venv\Lib\site-packages\django\core\handlers\exception.py", line 55, in inner
    response = get_response(request)
               ^^^^^^^^^^^^^^^^^^^^^
  File "C:\Labs\353504_Antonava_01\STRWEB\LR3\ZooShopApp\.venv\Lib\site-packages\django\core\handlers\base.py", line 197, in _get_response
    response = wrapped_callback(request, *callback_args, **callback_kwargs)
               ^^^^^^^^^^^^^^^^^^^^^^^^^^^^^^^^^^^^^^^^^^^^^^^^^^^^^^^^^^^^
  File "C:\Labs\353504_Antonava_01\STRWEB\LR3\ZooShopApp\goods\views.py", line 41, in catalog
    return render(request, 'goods/catalog.html', context)
           ^^^^^^^^^^^^^^^^^^^^^^^^^^^^^^^^^^^^^^^^^^^^^^
  File "C:\Labs\353504_Antonava_01\STRWEB\LR3\ZooShopApp\.venv\Lib\site-packages\django\shortcuts.py", line 25, in render
    content = loader.render_to_string(template_name, context, request, using=using)
              ^^^^^^^^^^^^^^^^^^^^^^^^^^^^^^^^^^^^^^^^^^^^^^^^^^^^^^^^^^^^^^^^^^^^^
  File "C:\Labs\353504_Antonava_01\STRWEB\LR3\ZooShopApp\.venv\Lib\site-packages\django\template\loader.py", line 62, in render_to_string
    return template.render(context, request)
           ^^^^^^^^^^^^^^^^^^^^^^^^^^^^^^^^^
  File "C:\Labs\353504_Antonava_01\STRWEB\LR3\ZooShopApp\.venv\Lib\site-packages\django\template\backends\django.py", line 107, in render
    return self.template.render(context)
           ^^^^^^^^^^^^^^^^^^^^^^^^^^^^^
  File "C:\Labs\353504_Antonava_01\STRWEB\LR3\ZooShopApp\.venv\Lib\site-packages\django\template\base.py", line 171, in render
    return self._render(context)
           ^^^^^^^^^^^^^^^^^^^^^
  File "C:\Labs\353504_Antonava_01\STRWEB\LR3\ZooShopApp\.venv\Lib\site-packages\django\template\base.py", line 163, in _render
    return self.nodelist.render(context)
           ^^^^^^^^^^^^^^^^^^^^^^^^^^^^^
  File "C:\Labs\353504_Antonava_01\STRWEB\LR3\ZooShopApp\.venv\Lib\site-packages\django\template\base.py", line 1016, in render
    return SafeString("".join([node.render_annotated(context) for node in self]))
                              ^^^^^^^^^^^^^^^^^^^^^^^^^^^^^^^^^^^^^^^^^^^^^^^^^
  File "C:\Labs\353504_Antonava_01\STRWEB\LR3\ZooShopApp\.venv\Lib\site-packages\django\template\base.py", line 1016, in <listcomp>
    return SafeString("".join([node.render_annotated(context) for node in self]))
                               ^^^^^^^^^^^^^^^^^^^^^^^^^^^^^^
  File "C:\Labs\353504_Antonava_01\STRWEB\LR3\ZooShopApp\.venv\Lib\site-packages\django\template\base.py", line 977, in render_annotated
    return self.render(context)
           ^^^^^^^^^^^^^^^^^^^^
  File "C:\Labs\353504_Antonava_01\STRWEB\LR3\ZooShopApp\.venv\Lib\site-packages\django\template\loader_tags.py", line 159, in render
    return compiled_parent._render(context)
           ^^^^^^^^^^^^^^^^^^^^^^^^^^^^^^^^
  File "C:\Labs\353504_Antonava_01\STRWEB\LR3\ZooShopApp\.venv\Lib\site-packages\django\template\base.py", line 163, in _render
    return self.nodelist.render(context)
           ^^^^^^^^^^^^^^^^^^^^^^^^^^^^^
  File "C:\Labs\353504_Antonava_01\STRWEB\LR3\ZooShopApp\.venv\Lib\site-packages\django\template\base.py", line 1016, in render
    return SafeString("".join([node.render_annotated(context) for node in self]))
                              ^^^^^^^^^^^^^^^^^^^^^^^^^^^^^^^^^^^^^^^^^^^^^^^^^
  File "C:\Labs\353504_Antonava_01\STRWEB\LR3\ZooShopApp\.venv\Lib\site-packages\django\template\base.py", line 1016, in <listcomp>
    return SafeString("".join([node.render_annotated(context) for node in self]))
                               ^^^^^^^^^^^^^^^^^^^^^^^^^^^^^^
  File "C:\Labs\353504_Antonava_01\STRWEB\LR3\ZooShopApp\.venv\Lib\site-packages\django\template\base.py", line 977, in render_annotated
    return self.render(context)
           ^^^^^^^^^^^^^^^^^^^^
  File "C:\Labs\353504_Antonava_01\STRWEB\LR3\ZooShopApp\.venv\Lib\site-packages\django\template\loader_tags.py", line 65, in render
    result = block.nodelist.render(context)
             ^^^^^^^^^^^^^^^^^^^^^^^^^^^^^^
  File "C:\Labs\353504_Antonava_01\STRWEB\LR3\ZooShopApp\.venv\Lib\site-packages\django\template\base.py", line 1016, in render
    return SafeString("".join([node.render_annotated(context) for node in self]))
                              ^^^^^^^^^^^^^^^^^^^^^^^^^^^^^^^^^^^^^^^^^^^^^^^^^
  File "C:\Labs\353504_Antonava_01\STRWEB\LR3\ZooShopApp\.venv\Lib\site-packages\django\template\base.py", line 1016, in <listcomp>
    return SafeString("".join([node.render_annotated(context) for node in self]))
                               ^^^^^^^^^^^^^^^^^^^^^^^^^^^^^^
  File "C:\Labs\353504_Antonava_01\STRWEB\LR3\ZooShopApp\.venv\Lib\site-packages\django\template\base.py", line 977, in render_annotated
    return self.render(context)
           ^^^^^^^^^^^^^^^^^^^^
  File "C:\Labs\353504_Antonava_01\STRWEB\LR3\ZooShopApp\.venv\Lib\site-packages\django\template\defaulttags.py", line 243, in render
    nodelist.append(node.render_annotated(context))
                    ^^^^^^^^^^^^^^^^^^^^^^^^^^^^^^
  File "C:\Labs\353504_Antonava_01\STRWEB\LR3\ZooShopApp\.venv\Lib\site-packages\django\template\base.py", line 977, in render_annotated
    return self.render(context)
           ^^^^^^^^^^^^^^^^^^^^
  File "C:\Labs\353504_Antonava_01\STRWEB\LR3\ZooShopApp\.venv\Lib\site-packages\django\template\defaulttags.py", line 480, in render
    url = reverse(view_name, args=args, kwargs=kwargs, current_app=current_app)
          ^^^^^^^^^^^^^^^^^^^^^^^^^^^^^^^^^^^^^^^^^^^^^^^^^^^^^^^^^^^^^^^^^^^^^
  File "C:\Labs\353504_Antonava_01\STRWEB\LR3\ZooShopApp\.venv\Lib\site-packages\django\urls\base.py", line 98, in reverse
    resolved_url = resolver._reverse_with_prefix(view, prefix, *args, **kwargs)
                   ^^^^^^^^^^^^^^^^^^^^^^^^^^^^^^^^^^^^^^^^^^^^^^^^^^^^^^^^^^^^
  File "C:\Labs\353504_Antonava_01\STRWEB\LR3\ZooShopApp\.venv\Lib\site-packages\django\urls\resolvers.py", line 831, in _reverse_with_prefix
    raise NoReverseMatch(msg)
django.urls.exceptions.NoReverseMatch: Reverse for 'catalog' with arguments '('product', 'whiskas-govyadina')' not found. 1 pattern(s) tried: ['catalog/(?P<category_slug>[\\w-]+)/$']
ERROR 2025-11-19 16:43:45,692 basehttp "GET /catalog/all/ HTTP/1.1" 500 217591
WARNING 2025-11-19 16:43:45,949 log Not Found: /favicon.ico
WARNING 2025-11-19 16:43:45,951 basehttp "GET /favicon.ico HTTP/1.1" 404 6857
INFO 2025-11-19 16:45:13,226 autoreload Watching for file changes with StatReloader
INFO 2025-11-19 16:45:15,629 basehttp "GET / HTTP/1.1" 200 13408
ERROR 2025-11-19 16:45:19,685 log Internal Server Error: /catalog/all/
Traceback (most recent call last):
  File "C:\Labs\353504_Antonava_01\STRWEB\LR3\ZooShopApp\.venv\Lib\site-packages\django\core\handlers\exception.py", line 55, in inner
    response = get_response(request)
               ^^^^^^^^^^^^^^^^^^^^^
  File "C:\Labs\353504_Antonava_01\STRWEB\LR3\ZooShopApp\.venv\Lib\site-packages\django\core\handlers\base.py", line 197, in _get_response
    response = wrapped_callback(request, *callback_args, **callback_kwargs)
               ^^^^^^^^^^^^^^^^^^^^^^^^^^^^^^^^^^^^^^^^^^^^^^^^^^^^^^^^^^^^
  File "C:\Labs\353504_Antonava_01\STRWEB\LR3\ZooShopApp\goods\views.py", line 41, in catalog
    return render(request, 'goods/catalog.html', context)
           ^^^^^^^^^^^^^^^^^^^^^^^^^^^^^^^^^^^^^^^^^^^^^^
  File "C:\Labs\353504_Antonava_01\STRWEB\LR3\ZooShopApp\.venv\Lib\site-packages\django\shortcuts.py", line 25, in render
    content = loader.render_to_string(template_name, context, request, using=using)
              ^^^^^^^^^^^^^^^^^^^^^^^^^^^^^^^^^^^^^^^^^^^^^^^^^^^^^^^^^^^^^^^^^^^^^
  File "C:\Labs\353504_Antonava_01\STRWEB\LR3\ZooShopApp\.venv\Lib\site-packages\django\template\loader.py", line 62, in render_to_string
    return template.render(context, request)
           ^^^^^^^^^^^^^^^^^^^^^^^^^^^^^^^^^
  File "C:\Labs\353504_Antonava_01\STRWEB\LR3\ZooShopApp\.venv\Lib\site-packages\django\template\backends\django.py", line 107, in render
    return self.template.render(context)
           ^^^^^^^^^^^^^^^^^^^^^^^^^^^^^
  File "C:\Labs\353504_Antonava_01\STRWEB\LR3\ZooShopApp\.venv\Lib\site-packages\django\template\base.py", line 171, in render
    return self._render(context)
           ^^^^^^^^^^^^^^^^^^^^^
  File "C:\Labs\353504_Antonava_01\STRWEB\LR3\ZooShopApp\.venv\Lib\site-packages\django\template\base.py", line 163, in _render
    return self.nodelist.render(context)
           ^^^^^^^^^^^^^^^^^^^^^^^^^^^^^
  File "C:\Labs\353504_Antonava_01\STRWEB\LR3\ZooShopApp\.venv\Lib\site-packages\django\template\base.py", line 1016, in render
    return SafeString("".join([node.render_annotated(context) for node in self]))
                              ^^^^^^^^^^^^^^^^^^^^^^^^^^^^^^^^^^^^^^^^^^^^^^^^^
  File "C:\Labs\353504_Antonava_01\STRWEB\LR3\ZooShopApp\.venv\Lib\site-packages\django\template\base.py", line 1016, in <listcomp>
    return SafeString("".join([node.render_annotated(context) for node in self]))
                               ^^^^^^^^^^^^^^^^^^^^^^^^^^^^^^
  File "C:\Labs\353504_Antonava_01\STRWEB\LR3\ZooShopApp\.venv\Lib\site-packages\django\template\base.py", line 977, in render_annotated
    return self.render(context)
           ^^^^^^^^^^^^^^^^^^^^
  File "C:\Labs\353504_Antonava_01\STRWEB\LR3\ZooShopApp\.venv\Lib\site-packages\django\template\loader_tags.py", line 159, in render
    return compiled_parent._render(context)
           ^^^^^^^^^^^^^^^^^^^^^^^^^^^^^^^^
  File "C:\Labs\353504_Antonava_01\STRWEB\LR3\ZooShopApp\.venv\Lib\site-packages\django\template\base.py", line 163, in _render
    return self.nodelist.render(context)
           ^^^^^^^^^^^^^^^^^^^^^^^^^^^^^
  File "C:\Labs\353504_Antonava_01\STRWEB\LR3\ZooShopApp\.venv\Lib\site-packages\django\template\base.py", line 1016, in render
    return SafeString("".join([node.render_annotated(context) for node in self]))
                              ^^^^^^^^^^^^^^^^^^^^^^^^^^^^^^^^^^^^^^^^^^^^^^^^^
  File "C:\Labs\353504_Antonava_01\STRWEB\LR3\ZooShopApp\.venv\Lib\site-packages\django\template\base.py", line 1016, in <listcomp>
    return SafeString("".join([node.render_annotated(context) for node in self]))
                               ^^^^^^^^^^^^^^^^^^^^^^^^^^^^^^
  File "C:\Labs\353504_Antonava_01\STRWEB\LR3\ZooShopApp\.venv\Lib\site-packages\django\template\base.py", line 977, in render_annotated
    return self.render(context)
           ^^^^^^^^^^^^^^^^^^^^
  File "C:\Labs\353504_Antonava_01\STRWEB\LR3\ZooShopApp\.venv\Lib\site-packages\django\template\loader_tags.py", line 65, in render
    result = block.nodelist.render(context)
             ^^^^^^^^^^^^^^^^^^^^^^^^^^^^^^
  File "C:\Labs\353504_Antonava_01\STRWEB\LR3\ZooShopApp\.venv\Lib\site-packages\django\template\base.py", line 1016, in render
    return SafeString("".join([node.render_annotated(context) for node in self]))
                              ^^^^^^^^^^^^^^^^^^^^^^^^^^^^^^^^^^^^^^^^^^^^^^^^^
  File "C:\Labs\353504_Antonava_01\STRWEB\LR3\ZooShopApp\.venv\Lib\site-packages\django\template\base.py", line 1016, in <listcomp>
    return SafeString("".join([node.render_annotated(context) for node in self]))
                               ^^^^^^^^^^^^^^^^^^^^^^^^^^^^^^
  File "C:\Labs\353504_Antonava_01\STRWEB\LR3\ZooShopApp\.venv\Lib\site-packages\django\template\base.py", line 977, in render_annotated
    return self.render(context)
           ^^^^^^^^^^^^^^^^^^^^
  File "C:\Labs\353504_Antonava_01\STRWEB\LR3\ZooShopApp\.venv\Lib\site-packages\django\template\defaulttags.py", line 243, in render
    nodelist.append(node.render_annotated(context))
                    ^^^^^^^^^^^^^^^^^^^^^^^^^^^^^^
  File "C:\Labs\353504_Antonava_01\STRWEB\LR3\ZooShopApp\.venv\Lib\site-packages\django\template\base.py", line 977, in render_annotated
    return self.render(context)
           ^^^^^^^^^^^^^^^^^^^^
  File "C:\Labs\353504_Antonava_01\STRWEB\LR3\ZooShopApp\.venv\Lib\site-packages\django\template\defaulttags.py", line 480, in render
    url = reverse(view_name, args=args, kwargs=kwargs, current_app=current_app)
          ^^^^^^^^^^^^^^^^^^^^^^^^^^^^^^^^^^^^^^^^^^^^^^^^^^^^^^^^^^^^^^^^^^^^^
  File "C:\Labs\353504_Antonava_01\STRWEB\LR3\ZooShopApp\.venv\Lib\site-packages\django\urls\base.py", line 98, in reverse
    resolved_url = resolver._reverse_with_prefix(view, prefix, *args, **kwargs)
                   ^^^^^^^^^^^^^^^^^^^^^^^^^^^^^^^^^^^^^^^^^^^^^^^^^^^^^^^^^^^^
  File "C:\Labs\353504_Antonava_01\STRWEB\LR3\ZooShopApp\.venv\Lib\site-packages\django\urls\resolvers.py", line 831, in _reverse_with_prefix
    raise NoReverseMatch(msg)
django.urls.exceptions.NoReverseMatch: Reverse for 'catalog' with arguments '('product', 'whiskas-govyadina')' not found. 1 pattern(s) tried: ['catalog/(?P<category_slug>[\\w-]+)/$']
ERROR 2025-11-19 16:45:19,701 basehttp "GET /catalog/all/ HTTP/1.1" 500 217591
WARNING 2025-11-19 16:45:19,963 log Not Found: /favicon.ico
WARNING 2025-11-19 16:45:19,964 basehttp "GET /favicon.ico HTTP/1.1" 404 6857
ERROR 2025-11-19 16:45:31,036 log Internal Server Error: /catalog/igrushki/
Traceback (most recent call last):
  File "C:\Labs\353504_Antonava_01\STRWEB\LR3\ZooShopApp\.venv\Lib\site-packages\django\core\handlers\exception.py", line 55, in inner
    response = get_response(request)
               ^^^^^^^^^^^^^^^^^^^^^
  File "C:\Labs\353504_Antonava_01\STRWEB\LR3\ZooShopApp\.venv\Lib\site-packages\django\core\handlers\base.py", line 197, in _get_response
    response = wrapped_callback(request, *callback_args, **callback_kwargs)
               ^^^^^^^^^^^^^^^^^^^^^^^^^^^^^^^^^^^^^^^^^^^^^^^^^^^^^^^^^^^^
  File "C:\Labs\353504_Antonava_01\STRWEB\LR3\ZooShopApp\goods\views.py", line 41, in catalog
    return render(request, 'goods/catalog.html', context)
           ^^^^^^^^^^^^^^^^^^^^^^^^^^^^^^^^^^^^^^^^^^^^^^
  File "C:\Labs\353504_Antonava_01\STRWEB\LR3\ZooShopApp\.venv\Lib\site-packages\django\shortcuts.py", line 25, in render
    content = loader.render_to_string(template_name, context, request, using=using)
              ^^^^^^^^^^^^^^^^^^^^^^^^^^^^^^^^^^^^^^^^^^^^^^^^^^^^^^^^^^^^^^^^^^^^^
  File "C:\Labs\353504_Antonava_01\STRWEB\LR3\ZooShopApp\.venv\Lib\site-packages\django\template\loader.py", line 62, in render_to_string
    return template.render(context, request)
           ^^^^^^^^^^^^^^^^^^^^^^^^^^^^^^^^^
  File "C:\Labs\353504_Antonava_01\STRWEB\LR3\ZooShopApp\.venv\Lib\site-packages\django\template\backends\django.py", line 107, in render
    return self.template.render(context)
           ^^^^^^^^^^^^^^^^^^^^^^^^^^^^^
  File "C:\Labs\353504_Antonava_01\STRWEB\LR3\ZooShopApp\.venv\Lib\site-packages\django\template\base.py", line 171, in render
    return self._render(context)
           ^^^^^^^^^^^^^^^^^^^^^
  File "C:\Labs\353504_Antonava_01\STRWEB\LR3\ZooShopApp\.venv\Lib\site-packages\django\template\base.py", line 163, in _render
    return self.nodelist.render(context)
           ^^^^^^^^^^^^^^^^^^^^^^^^^^^^^
  File "C:\Labs\353504_Antonava_01\STRWEB\LR3\ZooShopApp\.venv\Lib\site-packages\django\template\base.py", line 1016, in render
    return SafeString("".join([node.render_annotated(context) for node in self]))
                              ^^^^^^^^^^^^^^^^^^^^^^^^^^^^^^^^^^^^^^^^^^^^^^^^^
  File "C:\Labs\353504_Antonava_01\STRWEB\LR3\ZooShopApp\.venv\Lib\site-packages\django\template\base.py", line 1016, in <listcomp>
    return SafeString("".join([node.render_annotated(context) for node in self]))
                               ^^^^^^^^^^^^^^^^^^^^^^^^^^^^^^
  File "C:\Labs\353504_Antonava_01\STRWEB\LR3\ZooShopApp\.venv\Lib\site-packages\django\template\base.py", line 977, in render_annotated
    return self.render(context)
           ^^^^^^^^^^^^^^^^^^^^
  File "C:\Labs\353504_Antonava_01\STRWEB\LR3\ZooShopApp\.venv\Lib\site-packages\django\template\loader_tags.py", line 159, in render
    return compiled_parent._render(context)
           ^^^^^^^^^^^^^^^^^^^^^^^^^^^^^^^^
  File "C:\Labs\353504_Antonava_01\STRWEB\LR3\ZooShopApp\.venv\Lib\site-packages\django\template\base.py", line 163, in _render
    return self.nodelist.render(context)
           ^^^^^^^^^^^^^^^^^^^^^^^^^^^^^
  File "C:\Labs\353504_Antonava_01\STRWEB\LR3\ZooShopApp\.venv\Lib\site-packages\django\template\base.py", line 1016, in render
    return SafeString("".join([node.render_annotated(context) for node in self]))
                              ^^^^^^^^^^^^^^^^^^^^^^^^^^^^^^^^^^^^^^^^^^^^^^^^^
  File "C:\Labs\353504_Antonava_01\STRWEB\LR3\ZooShopApp\.venv\Lib\site-packages\django\template\base.py", line 1016, in <listcomp>
    return SafeString("".join([node.render_annotated(context) for node in self]))
                               ^^^^^^^^^^^^^^^^^^^^^^^^^^^^^^
  File "C:\Labs\353504_Antonava_01\STRWEB\LR3\ZooShopApp\.venv\Lib\site-packages\django\template\base.py", line 977, in render_annotated
    return self.render(context)
           ^^^^^^^^^^^^^^^^^^^^
  File "C:\Labs\353504_Antonava_01\STRWEB\LR3\ZooShopApp\.venv\Lib\site-packages\django\template\loader_tags.py", line 65, in render
    result = block.nodelist.render(context)
             ^^^^^^^^^^^^^^^^^^^^^^^^^^^^^^
  File "C:\Labs\353504_Antonava_01\STRWEB\LR3\ZooShopApp\.venv\Lib\site-packages\django\template\base.py", line 1016, in render
    return SafeString("".join([node.render_annotated(context) for node in self]))
                              ^^^^^^^^^^^^^^^^^^^^^^^^^^^^^^^^^^^^^^^^^^^^^^^^^
  File "C:\Labs\353504_Antonava_01\STRWEB\LR3\ZooShopApp\.venv\Lib\site-packages\django\template\base.py", line 1016, in <listcomp>
    return SafeString("".join([node.render_annotated(context) for node in self]))
                               ^^^^^^^^^^^^^^^^^^^^^^^^^^^^^^
  File "C:\Labs\353504_Antonava_01\STRWEB\LR3\ZooShopApp\.venv\Lib\site-packages\django\template\base.py", line 977, in render_annotated
    return self.render(context)
           ^^^^^^^^^^^^^^^^^^^^
  File "C:\Labs\353504_Antonava_01\STRWEB\LR3\ZooShopApp\.venv\Lib\site-packages\django\template\defaulttags.py", line 243, in render
    nodelist.append(node.render_annotated(context))
                    ^^^^^^^^^^^^^^^^^^^^^^^^^^^^^^
  File "C:\Labs\353504_Antonava_01\STRWEB\LR3\ZooShopApp\.venv\Lib\site-packages\django\template\base.py", line 977, in render_annotated
    return self.render(context)
           ^^^^^^^^^^^^^^^^^^^^
  File "C:\Labs\353504_Antonava_01\STRWEB\LR3\ZooShopApp\.venv\Lib\site-packages\django\template\defaulttags.py", line 480, in render
    url = reverse(view_name, args=args, kwargs=kwargs, current_app=current_app)
          ^^^^^^^^^^^^^^^^^^^^^^^^^^^^^^^^^^^^^^^^^^^^^^^^^^^^^^^^^^^^^^^^^^^^^
  File "C:\Labs\353504_Antonava_01\STRWEB\LR3\ZooShopApp\.venv\Lib\site-packages\django\urls\base.py", line 98, in reverse
    resolved_url = resolver._reverse_with_prefix(view, prefix, *args, **kwargs)
                   ^^^^^^^^^^^^^^^^^^^^^^^^^^^^^^^^^^^^^^^^^^^^^^^^^^^^^^^^^^^^
  File "C:\Labs\353504_Antonava_01\STRWEB\LR3\ZooShopApp\.venv\Lib\site-packages\django\urls\resolvers.py", line 831, in _reverse_with_prefix
    raise NoReverseMatch(msg)
django.urls.exceptions.NoReverseMatch: Reverse for 'catalog' with arguments '('product', 'myshka-s-peryami')' not found. 1 pattern(s) tried: ['catalog/(?P<category_slug>[\\w-]+)/$']
ERROR 2025-11-19 16:45:31,045 basehttp "GET /catalog/igrushki/ HTTP/1.1" 500 201637
INFO 2025-11-19 16:45:58,988 autoreload Watching for file changes with StatReloader
INFO 2025-11-19 16:46:01,275 basehttp "GET / HTTP/1.1" 200 13408
INFO 2025-11-19 16:46:04,575 basehttp "GET /catalog/korm/ HTTP/1.1" 200 8880
INFO 2025-11-19 16:46:04,615 basehttp "GET /static/css/goods/catalog.css HTTP/1.1" 304 0
INFO 2025-11-19 16:46:04,623 basehttp "GET /static/js/card_hover_effect.js HTTP/1.1" 304 0
INFO 2025-11-19 16:46:04,647 basehttp "GET /media/goods_images/fish_food.jpg HTTP/1.1" 304 0
INFO 2025-11-19 16:46:04,648 basehttp "GET /media/goods_images/parrot_food.jpg HTTP/1.1" 304 0
WARNING 2025-11-19 16:46:06,119 log Not Found: /product/whiskas-govyadina
WARNING 2025-11-19 16:46:06,120 basehttp "GET /product/whiskas-govyadina HTTP/1.1" 404 6899
WARNING 2025-11-19 16:46:06,251 log Not Found: /favicon.ico
WARNING 2025-11-19 16:46:06,252 basehttp "GET /favicon.ico HTTP/1.1" 404 6857
INFO 2025-11-19 16:48:16,000 autoreload Watching for file changes with StatReloader
WARNING 2025-11-19 16:48:17,038 log Not Found: /product/whiskas-govyadina
WARNING 2025-11-19 16:48:17,039 basehttp "GET /product/whiskas-govyadina HTTP/1.1" 404 6899
INFO 2025-11-19 20:16:24,263 autoreload Watching for file changes with StatReloader
INFO 2025-11-19 20:16:33,722 basehttp "GET / HTTP/1.1" 200 13408
INFO 2025-11-19 20:16:33,783 basehttp "GET /static/css/main/index.css HTTP/1.1" 304 0
INFO 2025-11-19 20:16:33,787 basehttp "GET /static/js/slider.js HTTP/1.1" 304 0
INFO 2025-11-19 20:16:33,797 basehttp "GET /static/images/banner1.jpg HTTP/1.1" 304 0
INFO 2025-11-19 20:16:33,798 basehttp "GET /static/images/banner2.jpg HTTP/1.1" 304 0
INFO 2025-11-19 20:16:33,812 basehttp "GET /static/images/banner3.jpg HTTP/1.1" 304 0
INFO 2025-11-19 20:16:33,815 basehttp "GET /media/partners/Zoobazar.jpg HTTP/1.1" 304 0
INFO 2025-11-19 20:16:33,822 basehttp "GET /media/partners/zoomarket.webp HTTP/1.1" 304 0
INFO 2025-11-19 20:16:33,823 basehttp "GET /media/partners/petstop.png HTTP/1.1" 304 0
INFO 2025-11-19 20:16:37,151 basehttp "GET /catalog/all/ HTTP/1.1" 200 14450
INFO 2025-11-19 20:16:37,174 basehttp "GET /static/css/goods/catalog.css HTTP/1.1" 304 0
INFO 2025-11-19 20:16:37,182 basehttp "GET /static/js/card_hover_effect.js HTTP/1.1" 304 0
INFO 2025-11-19 20:16:37,342 basehttp "GET /static/js/catalog_pagination.js HTTP/1.1" 200 4264
INFO 2025-11-19 20:16:37,349 basehttp "GET /media/goods_images/cat_food.jpg HTTP/1.1" 304 0
INFO 2025-11-19 20:16:37,349 basehttp "GET /media/goods_images/rabbit_house.jpg HTTP/1.1" 304 0
INFO 2025-11-19 20:16:37,349 basehttp "GET /media/goods_images/bird_cage.jpg HTTP/1.1" 304 0
INFO 2025-11-19 20:16:38,485 basehttp "GET /catalog/product/whiskas-govyadina/ HTTP/1.1" 200 6982
INFO 2025-11-19 20:16:38,511 basehttp "GET /static/css/goods/product.css HTTP/1.1" 200 2245
INFO 2025-11-19 20:18:26,522 autoreload Watching for file changes with StatReloader
INFO 2025-11-19 20:18:35,659 basehttp "GET /catalog/product/domik-dlya-krolika/ HTTP/1.1" 200 7081
INFO 2025-11-19 20:18:47,361 basehttp "GET /catalog/product/zolotaya-kletka/ HTTP/1.1" 200 7042
INFO 2025-11-19 20:18:59,630 basehttp "POST /cart/update_price/6/ HTTP/1.1" 302 0
INFO 2025-11-19 20:18:59,645 basehttp "GET /catalog/product/zolotaya-kletka/ HTTP/1.1" 200 7042
INFO 2025-11-19 20:19:06,217 basehttp "GET / HTTP/1.1" 200 13408
ERROR 2025-11-19 20:19:09,699 log Internal Server Error: /catalog/all/
Traceback (most recent call last):
  File "C:\Labs\353504_Antonava_01\STRWEB\LR3\ZooShopApp\.venv\Lib\site-packages\django\template\base.py", line 510, in parse
    compile_func = self.tags[command]
                   ~~~~~~~~~^^^^^^^^^
KeyError: 'footer'

During handling of the above exception, another exception occurred:

Traceback (most recent call last):
  File "C:\Labs\353504_Antonava_01\STRWEB\LR3\ZooShopApp\.venv\Lib\site-packages\django\core\handlers\exception.py", line 55, in inner
    response = get_response(request)
               ^^^^^^^^^^^^^^^^^^^^^
  File "C:\Labs\353504_Antonava_01\STRWEB\LR3\ZooShopApp\.venv\Lib\site-packages\django\core\handlers\base.py", line 197, in _get_response
    response = wrapped_callback(request, *callback_args, **callback_kwargs)
               ^^^^^^^^^^^^^^^^^^^^^^^^^^^^^^^^^^^^^^^^^^^^^^^^^^^^^^^^^^^^
  File "C:\Labs\353504_Antonava_01\STRWEB\LR3\ZooShopApp\goods\views.py", line 41, in catalog
    return render(request, 'goods/catalog.html', context)
           ^^^^^^^^^^^^^^^^^^^^^^^^^^^^^^^^^^^^^^^^^^^^^^
  File "C:\Labs\353504_Antonava_01\STRWEB\LR3\ZooShopApp\.venv\Lib\site-packages\django\shortcuts.py", line 25, in render
    content = loader.render_to_string(template_name, context, request, using=using)
              ^^^^^^^^^^^^^^^^^^^^^^^^^^^^^^^^^^^^^^^^^^^^^^^^^^^^^^^^^^^^^^^^^^^^^
  File "C:\Labs\353504_Antonava_01\STRWEB\LR3\ZooShopApp\.venv\Lib\site-packages\django\template\loader.py", line 61, in render_to_string
    template = get_template(template_name, using=using)
               ^^^^^^^^^^^^^^^^^^^^^^^^^^^^^^^^^^^^^^^^
  File "C:\Labs\353504_Antonava_01\STRWEB\LR3\ZooShopApp\.venv\Lib\site-packages\django\template\loader.py", line 15, in get_template
    return engine.get_template(template_name)
           ^^^^^^^^^^^^^^^^^^^^^^^^^^^^^^^^^^
  File "C:\Labs\353504_Antonava_01\STRWEB\LR3\ZooShopApp\.venv\Lib\site-packages\django\template\backends\django.py", line 79, in get_template
    return Template(self.engine.get_template(template_name), self)
                    ^^^^^^^^^^^^^^^^^^^^^^^^^^^^^^^^^^^^^^^
  File "C:\Labs\353504_Antonava_01\STRWEB\LR3\ZooShopApp\.venv\Lib\site-packages\django\template\engine.py", line 177, in get_template
    template, origin = self.find_template(template_name)
                       ^^^^^^^^^^^^^^^^^^^^^^^^^^^^^^^^^
  File "C:\Labs\353504_Antonava_01\STRWEB\LR3\ZooShopApp\.venv\Lib\site-packages\django\template\engine.py", line 159, in find_template
    template = loader.get_template(name, skip=skip)
               ^^^^^^^^^^^^^^^^^^^^^^^^^^^^^^^^^^^^
  File "C:\Labs\353504_Antonava_01\STRWEB\LR3\ZooShopApp\.venv\Lib\site-packages\django\template\loaders\cached.py", line 57, in get_template
    template = super().get_template(template_name, skip)
               ^^^^^^^^^^^^^^^^^^^^^^^^^^^^^^^^^^^^^^^^^
  File "C:\Labs\353504_Antonava_01\STRWEB\LR3\ZooShopApp\.venv\Lib\site-packages\django\template\loaders\base.py", line 28, in get_template
    return Template(
           ^^^^^^^^^
  File "C:\Labs\353504_Antonava_01\STRWEB\LR3\ZooShopApp\.venv\Lib\site-packages\django\template\base.py", line 154, in __init__
    self.nodelist = self.compile_nodelist()
                    ^^^^^^^^^^^^^^^^^^^^^^^
  File "C:\Labs\353504_Antonava_01\STRWEB\LR3\ZooShopApp\.venv\Lib\site-packages\django\template\base.py", line 196, in compile_nodelist
    nodelist = parser.parse()
               ^^^^^^^^^^^^^^
  File "C:\Labs\353504_Antonava_01\STRWEB\LR3\ZooShopApp\.venv\Lib\site-packages\django\template\base.py", line 518, in parse
    raise self.error(token, e)
  File "C:\Labs\353504_Antonava_01\STRWEB\LR3\ZooShopApp\.venv\Lib\site-packages\django\template\base.py", line 516, in parse
    compiled_result = compile_func(self, token)
                      ^^^^^^^^^^^^^^^^^^^^^^^^^
  File "C:\Labs\353504_Antonava_01\STRWEB\LR3\ZooShopApp\.venv\Lib\site-packages\django\template\loader_tags.py", line 299, in do_extends
    nodelist = parser.parse()
               ^^^^^^^^^^^^^^
  File "C:\Labs\353504_Antonava_01\STRWEB\LR3\ZooShopApp\.venv\Lib\site-packages\django\template\base.py", line 512, in parse
    self.invalid_block_tag(token, command, parse_until)
  File "C:\Labs\353504_Antonava_01\STRWEB\LR3\ZooShopApp\.venv\Lib\site-packages\django\template\base.py", line 577, in invalid_block_tag
    raise self.error(
django.template.exceptions.TemplateSyntaxError: Invalid block tag on line 76: 'footer'. Did you forget to register or load this tag?
ERROR 2025-11-19 20:19:09,709 basehttp "GET /catalog/all/ HTTP/1.1" 500 182859
WARNING 2025-11-19 20:19:09,853 log Not Found: /favicon.ico
WARNING 2025-11-19 20:19:09,854 basehttp "GET /favicon.ico HTTP/1.1" 404 6857
INFO 2025-11-19 20:19:48,086 autoreload Watching for file changes with StatReloader
INFO 2025-11-19 20:19:50,408 basehttp "GET /catalog/all/ HTTP/1.1" 200 14910
INFO 2025-11-19 20:19:52,115 basehttp "GET /catalog/product/domik-dlya-krolika/ HTTP/1.1" 200 7081
INFO 2025-11-19 20:19:55,444 basehttp "GET / HTTP/1.1" 200 13408
WARNING 2025-11-19 20:20:11,157 log Not Found: /promotions/2
WARNING 2025-11-19 20:20:11,158 basehttp "GET /promotions/2 HTTP/1.1" 404 6860
INFO 2025-11-19 20:20:50,243 autoreload C:\Labs\353504_Antonava_01\STRWEB\LR3\ZooShopApp\main\views.py changed, reloading.
INFO 2025-11-19 20:20:51,374 autoreload Watching for file changes with StatReloader
INFO 2025-11-19 20:20:52,404 basehttp "GET /catalog/aksessuary/ HTTP/1.1" 200 10902
INFO 2025-11-19 20:20:52,428 basehttp "GET /media/goods_images/cat_tree.jpg HTTP/1.1" 304 0
INFO 2025-11-19 20:21:08,664 autoreload C:\Labs\353504_Antonava_01\STRWEB\LR3\ZooShopApp\main\views.py changed, reloading.
INFO 2025-11-19 20:21:09,842 autoreload Watching for file changes with StatReloader
INFO 2025-11-19 20:21:11,545 basehttp "GET /catalog/korm/ HTTP/1.1" 200 9020
INFO 2025-11-19 20:21:11,570 basehttp "GET /media/goods_images/parrot_food.jpg HTTP/1.1" 304 0
INFO 2025-11-19 20:21:11,596 basehttp "GET /media/goods_images/fish_food.jpg HTTP/1.1" 304 0
INFO 2025-11-19 20:21:21,969 autoreload C:\Labs\353504_Antonava_01\STRWEB\LR3\ZooShopApp\main\views.py changed, reloading.
INFO 2025-11-19 20:21:23,145 autoreload Watching for file changes with StatReloader
INFO 2025-11-19 20:21:24,869 basehttp "GET /catalog/igrushki/ HTTP/1.1" 200 7895
INFO 2025-11-19 20:21:24,892 basehttp "GET /media/goods_images/cat_toy.jpg HTTP/1.1" 304 0
INFO 2025-11-19 20:21:24,907 basehttp "GET /media/goods_images/dog_toy.jpg HTTP/1.1" 304 0
INFO 2025-11-19 20:21:39,836 autoreload Watching for file changes with StatReloader
INFO 2025-11-19 20:21:45,415 basehttp "GET / HTTP/1.1" 200 13421
INFO 2025-11-19 20:21:47,113 basehttp "GET / HTTP/1.1" 200 13421
INFO 2025-11-19 20:21:48,454 basehttp "GET / HTTP/1.1" 200 13421
INFO 2025-11-19 20:21:49,017 basehttp "GET /static/css/main/index.css HTTP/1.1" 200 7289
INFO 2025-11-19 20:21:49,039 basehttp "GET /static/images/seaweed.png HTTP/1.1" 200 1584444
INFO 2025-11-19 20:21:49,042 basehttp "GET /static/js/slider.js HTTP/1.1" 200 2773
INFO 2025-11-19 20:21:49,045 basehttp "GET /static/js/theme.js HTTP/1.1" 200 715
INFO 2025-11-19 20:21:49,049 basehttp "GET /static/js/jquery/jquery-3.7.1.min.js HTTP/1.1" 200 87535
INFO 2025-11-19 20:21:49,051 basehttp "GET /static/js/script.js HTTP/1.1" 200 4461
INFO 2025-11-19 20:21:49,056 basehttp "GET /static/icons/animal.ico HTTP/1.1" 200 34453
INFO 2025-11-19 20:21:49,069 basehttp "GET /static/css/notifications.css HTTP/1.1" 200 772
INFO 2025-11-19 20:21:49,080 basehttp "GET /static/images/banner1.jpg HTTP/1.1" 200 1876971
INFO 2025-11-19 20:21:49,093 basehttp "GET /static/images/banner2.jpg HTTP/1.1" 200 1749157
INFO 2025-11-19 20:21:49,099 basehttp "GET /media/partners/Zoobazar.jpg HTTP/1.1" 200 37096
INFO 2025-11-19 20:21:49,105 basehttp "GET /media/partners/zoomarket.webp HTTP/1.1" 200 6966
INFO 2025-11-19 20:21:49,109 basehttp "GET /media/partners/petstop.png HTTP/1.1" 200 38070
INFO 2025-11-19 20:21:49,111 basehttp "GET /static/images/banner3.jpg HTTP/1.1" 200 1747168
INFO 2025-11-19 20:21:49,115 basehttp "GET /static/css/footer.css HTTP/1.1" 200 701
INFO 2025-11-19 20:21:49,124 basehttp "GET /static/images/fish1.png HTTP/1.1" 200 2205819
INFO 2025-11-19 20:21:49,139 basehttp "GET /static/css/base.css HTTP/1.1" 200 6879
INFO 2025-11-19 20:21:49,164 basehttp "GET /static/images/fish2.png HTTP/1.1" 200 1352197
INFO 2025-11-19 20:21:49,199 basehttp "GET /static/icons/animal.ico HTTP/1.1" 200 34453
INFO 2025-11-19 20:21:51,492 basehttp "GET /catalog/aksessuary/ HTTP/1.1" 200 10902
INFO 2025-11-19 20:21:59,265 basehttp "GET / HTTP/1.1" 200 13421
INFO 2025-11-19 20:33:25,428 autoreload Watching for file changes with StatReloader
INFO 2025-11-19 20:33:28,104 basehttp "GET / HTTP/1.1" 200 13421
INFO 2025-11-19 20:33:31,227 basehttp "GET /user/profile/ HTTP/1.1" 200 8149
INFO 2025-11-19 20:33:31,570 basehttp "GET /static/images/baseavatar.jpg HTTP/1.1" 200 13823
INFO 2025-11-19 20:33:31,572 basehttp "GET /static/css/users/profile.css HTTP/1.1" 200 3277
INFO 2025-11-19 20:33:31,574 basehttp "GET /static/js/custom_inputs.js HTTP/1.1" 200 3465
INFO 2025-11-19 20:34:31,833 basehttp "POST /user/profile/ HTTP/1.1" 302 0
INFO 2025-11-19 20:34:31,846 basehttp "GET /user/profile/ HTTP/1.1" 200 8191
INFO 2025-11-19 20:34:31,871 basehttp "GET /static/css/users/profile.css HTTP/1.1" 304 0
INFO 2025-11-19 20:34:31,871 basehttp "GET /static/js/custom_inputs.js HTTP/1.1" 304 0
INFO 2025-11-19 20:34:38,260 basehttp "GET /user/profile/ HTTP/1.1" 200 8149
INFO 2025-11-19 20:34:38,290 basehttp "GET /static/css/users/profile.css HTTP/1.1" 304 0
INFO 2025-11-19 20:35:16,153 basehttp "POST /user/profile/ HTTP/1.1" 302 0
INFO 2025-11-19 20:35:16,165 basehttp "GET /user/profile/ HTTP/1.1" 200 8191
INFO 2025-11-19 20:35:16,187 basehttp "GET /static/css/users/profile.css HTTP/1.1" 304 0
INFO 2025-11-19 20:35:16,187 basehttp "GET /static/js/custom_inputs.js HTTP/1.1" 304 0
INFO 2025-11-19 20:36:03,163 basehttp "POST /user/profile/ HTTP/1.1" 302 0
INFO 2025-11-19 20:36:03,174 basehttp "GET /user/profile/ HTTP/1.1" 200 8191
INFO 2025-11-19 20:36:03,201 basehttp "GET /static/css/users/profile.css HTTP/1.1" 304 0
INFO 2025-11-19 20:36:03,204 basehttp "GET /static/js/custom_inputs.js HTTP/1.1" 304 0
INFO 2025-11-19 20:39:48,421 autoreload Watching for file changes with StatReloader
INFO 2025-11-19 20:39:50,857 basehttp "GET /user/profile/ HTTP/1.1" 200 8149
INFO 2025-11-19 20:39:50,888 basehttp "GET /static/css/users/profile.css HTTP/1.1" 304 0
INFO 2025-11-19 20:39:50,997 basehttp "GET /static/js/custom_inputs.js HTTP/1.1" 200 3646
INFO 2025-11-19 20:39:57,872 basehttp "GET /user/profile/ HTTP/1.1" 200 8149
INFO 2025-11-19 20:39:57,897 basehttp "GET /static/css/base.css HTTP/1.1" 200 6879
INFO 2025-11-19 20:39:57,899 basehttp "GET /static/css/users/profile.css HTTP/1.1" 200 3277
INFO 2025-11-19 20:39:57,906 basehttp "GET /static/css/notifications.css HTTP/1.1" 200 772
INFO 2025-11-19 20:39:57,906 basehttp "GET /static/js/custom_inputs.js HTTP/1.1" 200 3646
INFO 2025-11-19 20:39:57,907 basehttp "GET /static/js/script.js HTTP/1.1" 200 4461
INFO 2025-11-19 20:39:57,909 basehttp "GET /static/js/theme.js HTTP/1.1" 200 715
INFO 2025-11-19 20:39:57,911 basehttp "GET /static/images/baseavatar.jpg HTTP/1.1" 200 13823
INFO 2025-11-19 20:39:57,913 basehttp "GET /static/js/jquery/jquery-3.7.1.min.js HTTP/1.1" 200 87535
INFO 2025-11-19 20:39:57,951 basehttp "GET /static/icons/animal.ico HTTP/1.1" 200 34453
INFO 2025-11-19 20:40:10,652 basehttp "POST /user/profile/ HTTP/1.1" 302 0
INFO 2025-11-19 20:40:10,662 basehttp "GET /user/profile/ HTTP/1.1" 200 8191
INFO 2025-11-19 20:40:10,685 basehttp "GET /static/js/custom_inputs.js HTTP/1.1" 304 0
INFO 2025-11-19 20:40:15,779 basehttp "GET /user/profile/ HTTP/1.1" 200 8149
INFO 2025-11-19 20:40:15,805 basehttp "GET /static/js/custom_inputs.js HTTP/1.1" 304 0
INFO 2025-11-19 20:40:18,622 basehttp "GET /user/profile/ HTTP/1.1" 200 8149
INFO 2025-11-19 20:40:18,644 basehttp "GET /static/js/custom_inputs.js HTTP/1.1" 304 0
INFO 2025-11-19 20:40:19,226 basehttp "GET /user/profile/ HTTP/1.1" 200 8149
INFO 2025-11-19 20:40:22,325 basehttp "GET /user/profile/ HTTP/1.1" 200 8149
INFO 2025-11-19 20:40:22,356 basehttp "GET /static/js/custom_inputs.js HTTP/1.1" 304 0
INFO 2025-11-19 20:40:22,838 basehttp "GET /user/profile/ HTTP/1.1" 200 8149
INFO 2025-11-19 20:40:23,420 basehttp "GET /user/profile/ HTTP/1.1" 200 8149
INFO 2025-11-19 20:40:23,749 basehttp "GET /user/profile/ HTTP/1.1" 200 8149
INFO 2025-11-19 20:40:27,033 basehttp "GET /user/profile/ HTTP/1.1" 200 8149
INFO 2025-11-19 20:40:27,054 basehttp "GET /static/js/custom_inputs.js HTTP/1.1" 304 0
INFO 2025-11-19 20:40:33,749 basehttp "GET /user/logout/ HTTP/1.1" 302 0
INFO 2025-11-19 20:40:33,768 basehttp "GET / HTTP/1.1" 200 12441
INFO 2025-11-19 20:40:34,820 basehttp "GET /user/login/ HTTP/1.1" 200 5416
INFO 2025-11-19 20:40:34,847 basehttp "GET /static/css/users/login.css HTTP/1.1" 200 2038
INFO 2025-11-19 20:40:37,314 basehttp "POST /user/login/ HTTP/1.1" 302 0
INFO 2025-11-19 20:40:37,326 basehttp "GET /user/profile/ HTTP/1.1" 200 8180
INFO 2025-11-19 20:40:37,350 basehttp "GET /static/css/users/profile.css HTTP/1.1" 304 0
INFO 2025-11-19 20:40:37,351 basehttp "GET /static/js/custom_inputs.js HTTP/1.1" 304 0
INFO 2025-11-19 20:40:43,207 basehttp "GET /user/logout/ HTTP/1.1" 302 0
INFO 2025-11-19 20:40:43,217 basehttp "GET / HTTP/1.1" 200 12441
INFO 2025-11-19 20:40:44,089 basehttp "GET /user/login/ HTTP/1.1" 200 5416
INFO 2025-11-19 20:40:45,284 basehttp "GET /user/registration/ HTTP/1.1" 200 8308
INFO 2025-11-19 20:40:45,311 basehttp "GET /static/css/users/registration.css HTTP/1.1" 200 2782
INFO 2025-11-19 20:42:17,889 basehttp "POST /user/registration/ HTTP/1.1" 302 0
INFO 2025-11-19 20:42:17,901 basehttp "GET /user/profile/ HTTP/1.1" 200 7655
INFO 2025-11-19 20:42:17,931 basehttp "GET /static/css/users/profile.css HTTP/1.1" 304 0
INFO 2025-11-19 20:42:17,932 basehttp "GET /static/js/custom_inputs.js HTTP/1.1" 304 0
INFO 2025-11-19 20:45:39,543 autoreload Watching for file changes with StatReloader
INFO 2025-11-19 20:45:41,697 basehttp "GET / HTTP/1.1" 200 12866
INFO 2025-11-19 20:45:44,458 basehttp "GET /user/profile/ HTTP/1.1" 200 7738
INFO 2025-11-19 20:45:44,477 basehttp "GET /static/css/users/profile.css HTTP/1.1" 304 0
INFO 2025-11-19 20:45:44,609 basehttp "GET /static/js/custom_inputs.js HTTP/1.1" 200 3592
INFO 2025-11-19 20:45:50,294 basehttp "GET /user/profile/ HTTP/1.1" 200 7738
INFO 2025-11-19 20:45:50,320 basehttp "GET /static/js/custom_inputs.js HTTP/1.1" 304 0
INFO 2025-11-19 20:46:03,836 basehttp "POST /user/profile/ HTTP/1.1" 302 0
INFO 2025-11-19 20:46:03,846 basehttp "GET /user/profile/ HTTP/1.1" 200 7780
INFO 2025-11-19 20:46:03,870 basehttp "GET /static/js/custom_inputs.js HTTP/1.1" 304 0
INFO 2025-11-19 20:46:08,074 basehttp "GET /user/profile/ HTTP/1.1" 200 7738
INFO 2025-11-19 20:46:08,098 basehttp "GET /static/js/custom_inputs.js HTTP/1.1" 304 0
INFO 2025-11-19 20:48:29,484 autoreload Watching for file changes with StatReloader
INFO 2025-11-19 20:48:36,232 basehttp "GET / HTTP/1.1" 200 12866
INFO 2025-11-19 20:48:40,528 basehttp "GET /user/profile/ HTTP/1.1" 200 7738
INFO 2025-11-19 20:48:40,548 basehttp "GET /static/css/users/profile.css HTTP/1.1" 304 0
INFO 2025-11-19 20:48:40,691 basehttp "GET /static/js/custom_inputs.js HTTP/1.1" 200 4194
INFO 2025-11-19 20:48:46,184 basehttp "GET /user/profile/ HTTP/1.1" 200 7738
INFO 2025-11-19 20:48:46,210 basehttp "GET /static/js/custom_inputs.js HTTP/1.1" 304 0
INFO 2025-11-19 20:48:46,816 basehttp "GET /user/profile/ HTTP/1.1" 200 7738
INFO 2025-11-19 20:48:49,417 basehttp "GET /user/profile/ HTTP/1.1" 200 7738
INFO 2025-11-19 20:48:49,442 basehttp "GET /static/css/base.css HTTP/1.1" 200 6879
INFO 2025-11-19 20:48:49,451 basehttp "GET /static/css/notifications.css HTTP/1.1" 200 772
INFO 2025-11-19 20:48:49,454 basehttp "GET /static/css/users/profile.css HTTP/1.1" 200 3277
INFO 2025-11-19 20:48:49,456 basehttp "GET /static/images/baseavatar.jpg HTTP/1.1" 200 13823
INFO 2025-11-19 20:48:49,459 basehttp "GET /static/js/theme.js HTTP/1.1" 200 715
INFO 2025-11-19 20:48:49,459 basehttp "GET /static/js/custom_inputs.js HTTP/1.1" 200 4194
INFO 2025-11-19 20:48:49,461 basehttp "GET /static/js/script.js HTTP/1.1" 200 4461
INFO 2025-11-19 20:48:49,466 basehttp "GET /static/js/jquery/jquery-3.7.1.min.js HTTP/1.1" 200 87535
INFO 2025-11-19 20:48:49,493 basehttp "GET /static/icons/animal.ico HTTP/1.1" 200 34453
INFO 2025-11-19 20:50:52,190 autoreload Watching for file changes with StatReloader
INFO 2025-11-19 20:50:55,820 basehttp "GET /user/profile/ HTTP/1.1" 200 7738
INFO 2025-11-19 20:50:55,842 basehttp "GET /static/css/users/profile.css HTTP/1.1" 304 0
INFO 2025-11-19 20:50:55,954 basehttp "GET /static/js/custom_inputs.js HTTP/1.1" 200 4316
INFO 2025-11-19 20:50:58,217 basehttp "GET /user/profile/ HTTP/1.1" 200 7738
INFO 2025-11-19 20:50:58,239 basehttp "GET /static/css/base.css HTTP/1.1" 200 6879
INFO 2025-11-19 20:50:58,245 basehttp "GET /static/css/users/profile.css HTTP/1.1" 200 3277
INFO 2025-11-19 20:50:58,245 basehttp "GET /static/css/notifications.css HTTP/1.1" 200 772
INFO 2025-11-19 20:50:58,247 basehttp "GET /static/js/custom_inputs.js HTTP/1.1" 200 4316
INFO 2025-11-19 20:50:58,247 basehttp "GET /static/images/baseavatar.jpg HTTP/1.1" 200 13823
INFO 2025-11-19 20:50:58,252 basehttp "GET /static/js/script.js HTTP/1.1" 200 4461
INFO 2025-11-19 20:50:58,253 basehttp "GET /static/js/theme.js HTTP/1.1" 200 715
INFO 2025-11-19 20:50:58,258 basehttp "GET /static/js/jquery/jquery-3.7.1.min.js HTTP/1.1" 200 87535
INFO 2025-11-19 20:50:58,293 basehttp "GET /static/icons/animal.ico HTTP/1.1" 200 34453
INFO 2025-11-19 20:51:04,387 basehttp "GET /user/profile/ HTTP/1.1" 200 7738
INFO 2025-11-19 20:51:04,411 basehttp "GET /static/js/custom_inputs.js HTTP/1.1" 304 0
INFO 2025-11-19 20:51:04,926 basehttp "GET /user/profile/ HTTP/1.1" 200 7738
INFO 2025-11-19 20:51:05,393 basehttp "GET /user/profile/ HTTP/1.1" 200 7738
INFO 2025-11-19 20:51:05,413 basehttp "GET /static/js/custom_inputs.js HTTP/1.1" 304 0
INFO 2025-11-19 20:51:07,442 basehttp "GET /user/logout/ HTTP/1.1" 302 0
INFO 2025-11-19 20:51:07,460 basehttp "GET / HTTP/1.1" 200 12441
INFO 2025-11-19 20:51:08,522 basehttp "GET /user/login/ HTTP/1.1" 200 5416
INFO 2025-11-19 20:51:11,108 basehttp "POST /user/login/ HTTP/1.1" 302 0
INFO 2025-11-19 20:51:11,121 basehttp "GET /user/profile/ HTTP/1.1" 200 7769
INFO 2025-11-19 20:51:11,152 basehttp "GET /static/js/custom_inputs.js HTTP/1.1" 304 0
INFO 2025-11-19 20:51:19,760 basehttp "POST /user/profile/ HTTP/1.1" 302 0
INFO 2025-11-19 20:51:19,773 basehttp "GET /user/profile/ HTTP/1.1" 200 7780
INFO 2025-11-19 20:51:19,801 basehttp "GET /static/js/custom_inputs.js HTTP/1.1" 304 0
INFO 2025-11-19 20:53:09,125 autoreload Watching for file changes with StatReloader
INFO 2025-11-19 20:53:11,786 autoreload Watching for file changes with StatReloader
INFO 2025-11-19 20:53:14,986 basehttp "GET /user/profile/ HTTP/1.1" 200 7738
INFO 2025-11-19 20:53:15,381 basehttp "GET /static/css/users/profile.css HTTP/1.1" 200 3277
INFO 2025-11-19 20:53:15,386 basehttp "GET /static/js/custom_inputs.js HTTP/1.1" 200 5028
INFO 2025-11-19 20:53:15,386 basehttp "GET /static/images/baseavatar.jpg HTTP/1.1" 200 13823
INFO 2025-11-19 20:53:15,388 basehttp "GET /static/js/theme.js HTTP/1.1" 200 715
INFO 2025-11-19 20:53:15,391 basehttp "GET /static/js/script.js HTTP/1.1" 200 4461
INFO 2025-11-19 20:53:15,393 basehttp "GET /static/css/base.css HTTP/1.1" 200 6879
INFO 2025-11-19 20:53:15,393 basehttp "GET /static/js/jquery/jquery-3.7.1.min.js HTTP/1.1" 200 87535
INFO 2025-11-19 20:53:15,394 basehttp "GET /static/css/notifications.css HTTP/1.1" 200 772
INFO 2025-11-19 20:53:15,431 basehttp "GET /static/icons/animal.ico HTTP/1.1" 200 34453
INFO 2025-11-19 20:53:21,468 basehttp "POST /user/profile/ HTTP/1.1" 302 0
INFO 2025-11-19 20:53:21,480 basehttp "GET /user/profile/ HTTP/1.1" 200 7780
INFO 2025-11-19 20:53:21,508 basehttp "GET /static/js/custom_inputs.js HTTP/1.1" 304 0
INFO 2025-11-19 20:53:35,174 basehttp "POST /user/profile/ HTTP/1.1" 302 0
INFO 2025-11-19 20:53:35,186 basehttp "GET /user/profile/ HTTP/1.1" 200 7780
INFO 2025-11-19 20:53:35,219 basehttp "GET /static/js/custom_inputs.js HTTP/1.1" 304 0
INFO 2025-11-19 20:53:39,754 basehttp "GET /user/logout/ HTTP/1.1" 302 0
INFO 2025-11-19 20:53:39,774 basehttp "GET / HTTP/1.1" 200 12441
INFO 2025-11-19 20:53:40,785 basehttp "GET /user/login/ HTTP/1.1" 200 5416
INFO 2025-11-19 20:53:43,138 basehttp "POST /user/login/ HTTP/1.1" 302 0
INFO 2025-11-19 20:53:43,148 basehttp "GET /user/profile/ HTTP/1.1" 200 7769
INFO 2025-11-19 20:53:43,174 basehttp "GET /static/js/custom_inputs.js HTTP/1.1" 304 0
INFO 2025-11-19 20:53:45,633 basehttp "GET /user/logout/ HTTP/1.1" 302 0
INFO 2025-11-19 20:53:45,644 basehttp "GET / HTTP/1.1" 200 12441
INFO 2025-11-19 20:53:46,231 basehttp "GET /user/login/ HTTP/1.1" 200 5416
INFO 2025-11-19 20:53:50,412 basehttp "POST /user/login/ HTTP/1.1" 302 0
INFO 2025-11-19 20:53:50,438 basehttp "GET /user/profile/ HTTP/1.1" 200 8343
INFO 2025-11-19 20:53:50,471 basehttp "GET /static/js/custom_inputs.js HTTP/1.1" 304 0
INFO 2025-11-19 21:00:26,288 autoreload Watching for file changes with StatReloader
INFO 2025-11-19 21:01:46,079 basehttp "GET / HTTP/1.1" 200 13421
INFO 2025-11-19 21:01:46,162 basehttp "GET /media/partners/Zoobazar.jpg HTTP/1.1" 304 0
INFO 2025-11-19 21:01:46,167 basehttp "GET /media/partners/zoomarket.webp HTTP/1.1" 304 0
INFO 2025-11-19 21:01:46,168 basehttp "GET /media/partners/petstop.png HTTP/1.1" 304 0
INFO 2025-11-19 21:01:48,783 basehttp "GET / HTTP/1.1" 200 13421
INFO 2025-11-19 21:01:49,209 basehttp "GET /static/css/footer.css HTTP/1.1" 200 701
INFO 2025-11-19 21:01:49,224 basehttp "GET /static/css/notifications.css HTTP/1.1" 200 772
INFO 2025-11-19 21:01:49,246 basehttp "GET /static/css/base.css HTTP/1.1" 200 6879
INFO 2025-11-19 21:01:49,255 basehttp "GET /static/js/slider.js HTTP/1.1" 200 2773
INFO 2025-11-19 21:01:49,260 basehttp "GET /static/js/theme.js HTTP/1.1" 200 715
INFO 2025-11-19 21:01:49,265 basehttp "GET /static/js/script.js HTTP/1.1" 200 4461
INFO 2025-11-19 21:01:49,266 basehttp "GET /static/css/main/index.css HTTP/1.1" 200 7289
INFO 2025-11-19 21:01:49,269 basehttp "GET /static/js/jquery/jquery-3.7.1.min.js HTTP/1.1" 200 87535
INFO 2025-11-19 21:01:49,270 basehttp "GET /static/icons/animal.ico HTTP/1.1" 200 34453
INFO 2025-11-19 21:01:49,291 basehttp "GET /static/images/fish2.png HTTP/1.1" 200 1352197
INFO 2025-11-19 21:01:49,328 basehttp "GET /static/images/fish1.png HTTP/1.1" 200 2205819
INFO 2025-11-19 21:01:49,334 basehttp "GET /static/images/seaweed.png HTTP/1.1" 200 1584444
INFO 2025-11-19 21:01:49,345 basehttp "GET /static/images/banner1.jpg HTTP/1.1" 200 1876971
INFO 2025-11-19 21:01:49,345 basehttp "GET /static/images/banner2.jpg HTTP/1.1" 200 1749157
INFO 2025-11-19 21:01:49,346 basehttp "GET /static/images/banner3.jpg HTTP/1.1" 200 1747168
INFO 2025-11-19 21:01:49,352 basehttp "GET /media/partners/zoomarket.webp HTTP/1.1" 200 6966
INFO 2025-11-19 21:01:49,352 basehttp "GET /media/partners/Zoobazar.jpg HTTP/1.1" 200 37096
INFO 2025-11-19 21:01:49,352 basehttp "GET /media/partners/petstop.png HTTP/1.1" 200 38070
INFO 2025-11-19 21:01:49,396 basehttp "GET /static/icons/animal.ico HTTP/1.1" 200 34453
INFO 2025-11-19 21:01:52,479 basehttp "GET /user/profile/ HTTP/1.1" 200 8248
INFO 2025-11-19 21:01:52,498 basehttp "GET /static/css/users/profile.css HTTP/1.1" 304 0
INFO 2025-11-19 21:01:52,508 basehttp "GET /static/js/custom_inputs.js HTTP/1.1" 200 4576
INFO 2025-11-19 21:01:58,792 basehttp "POST /user/profile/ HTTP/1.1" 302 0
INFO 2025-11-19 21:01:58,803 basehttp "GET /user/profile/ HTTP/1.1" 200 8290
INFO 2025-11-19 21:02:07,403 basehttp "POST /user/profile/ HTTP/1.1" 302 0
INFO 2025-11-19 21:02:07,416 basehttp "GET /user/profile/ HTTP/1.1" 200 8290
INFO 2025-11-19 21:02:07,446 basehttp "GET /static/js/custom_inputs.js HTTP/1.1" 304 0
INFO 2025-11-19 21:02:09,771 basehttp "GET /user/profile/ HTTP/1.1" 200 8248
INFO 2025-11-19 21:02:11,251 basehttp "GET /user/profile/ HTTP/1.1" 200 8248
INFO 2025-11-19 21:02:12,347 basehttp "GET /user/profile/ HTTP/1.1" 200 8248
INFO 2025-11-19 21:02:17,490 basehttp "GET /admin/ HTTP/1.1" 200 22041
WARNING 2025-11-19 21:02:17,597 log Not Found: /favicon.ico
WARNING 2025-11-19 21:02:17,597 basehttp "GET /favicon.ico HTTP/1.1" 404 6857
INFO 2025-11-19 21:02:21,606 basehttp "GET /user/logout/ HTTP/1.1" 302 0
INFO 2025-11-19 21:02:21,617 basehttp "GET / HTTP/1.1" 200 12441
INFO 2025-11-19 21:02:22,888 basehttp "GET /user/login/ HTTP/1.1" 200 5416
INFO 2025-11-19 21:02:26,394 basehttp "POST /user/login/ HTTP/1.1" 302 0
INFO 2025-11-19 21:02:26,405 basehttp "GET /user/profile/ HTTP/1.1" 200 7705
INFO 2025-11-19 21:02:26,429 basehttp "GET /static/js/custom_inputs.js HTTP/1.1" 304 0
INFO 2025-11-19 21:25:46,844 autoreload Watching for file changes with StatReloader
INFO 2025-11-19 21:25:48,857 basehttp "GET / HTTP/1.1" 200 12866
INFO 2025-11-19 21:25:51,762 basehttp "GET /user/logout/ HTTP/1.1" 302 0
INFO 2025-11-19 21:25:51,774 basehttp "GET / HTTP/1.1" 200 12441
INFO 2025-11-19 21:25:52,522 basehttp "GET /user/login/ HTTP/1.1" 200 5416
INFO 2025-11-19 21:25:53,895 basehttp "GET /user/registration/ HTTP/1.1" 200 8621
INFO 2025-11-19 21:25:54,033 basehttp "GET /static/js/birthdate_check.js HTTP/1.1" 200 1484
INFO 2025-11-19 21:28:03,517 autoreload Watching for file changes with StatReloader
INFO 2025-11-19 21:28:04,160 basehttp "GET /user/registration/ HTTP/1.1" 200 8604
INFO 2025-11-19 21:28:04,198 basehttp "GET /static/js/birthdate_check.js HTTP/1.1" 304 0
INFO 2025-11-19 21:30:05,478 autoreload Watching for file changes with StatReloader
INFO 2025-11-19 21:30:06,174 basehttp "GET /user/registration/ HTTP/1.1" 200 8624
INFO 2025-11-19 21:30:06,201 basehttp "GET /static/js/birthdate_check.js HTTP/1.1" 304 0
INFO 2025-11-19 21:31:58,444 autoreload Watching for file changes with StatReloader
INFO 2025-11-19 21:31:59,090 basehttp "GET /user/registration/ HTTP/1.1" 200 8621
INFO 2025-11-19 21:31:59,114 basehttp "GET /static/js/birthdate_check.js HTTP/1.1" 304 0
INFO 2025-11-19 21:33:02,183 basehttp "POST /user/registration/ HTTP/1.1" 200 9126
INFO 2025-11-19 21:33:02,209 basehttp "GET /static/js/birthdate_check.js HTTP/1.1" 304 0
INFO 2025-11-19 21:34:49,310 autoreload Watching for file changes with StatReloader
INFO 2025-11-19 21:34:54,280 basehttp "POST /user/registration/ HTTP/1.1" 200 9126
INFO 2025-11-19 21:34:54,419 basehttp "GET /static/js/birthdate_check.js HTTP/1.1" 200 1619
INFO 2025-11-19 21:39:42,526 autoreload Watching for file changes with StatReloader
INFO 2025-11-19 21:39:44,175 basehttp "GET / HTTP/1.1" 200 12409
INFO 2025-11-19 21:39:44,230 basehttp "GET /media/partners/Zoobazar.jpg HTTP/1.1" 304 0
INFO 2025-11-19 21:39:44,231 basehttp "GET /media/partners/zoomarket.webp HTTP/1.1" 304 0
INFO 2025-11-19 21:39:44,235 basehttp "GET /media/partners/petstop.png HTTP/1.1" 304 0
INFO 2025-11-19 21:39:46,485 basehttp "GET /user/login/ HTTP/1.1" 200 5416
INFO 2025-11-19 21:39:47,875 basehttp "GET /user/registration/ HTTP/1.1" 200 8558
INFO 2025-11-19 21:39:48,028 basehttp "GET /static/js/birthdate_check.js HTTP/1.1" 200 924
INFO 2025-11-19 21:41:31,490 autoreload Watching for file changes with StatReloader
INFO 2025-11-19 21:41:33,979 basehttp "GET /user/registration/ HTTP/1.1" 200 8558
INFO 2025-11-19 21:41:34,573 basehttp "GET /static/css/base.css HTTP/1.1" 200 6879
INFO 2025-11-19 21:41:34,575 basehttp "GET /static/js/script.js HTTP/1.1" 200 4461
INFO 2025-11-19 21:41:34,598 basehttp "GET /static/css/users/registration.css HTTP/1.1" 200 2864
INFO 2025-11-19 21:41:34,628 basehttp "GET /static/js/theme.js HTTP/1.1" 200 715
INFO 2025-11-19 21:41:34,663 basehttp "GET /static/css/notifications.css HTTP/1.1" 200 772
INFO 2025-11-19 21:41:34,667 basehttp "GET /static/js/birthdate_check.js HTTP/1.1" 200 1796
INFO 2025-11-19 21:41:34,680 basehttp "GET /static/js/jquery/jquery-3.7.1.min.js HTTP/1.1" 200 87535
INFO 2025-11-19 21:41:34,740 basehttp "GET /static/icons/animal.ico HTTP/1.1" 200 34453
INFO 2025-11-19 21:42:31,511 basehttp "POST /user/registration/ HTTP/1.1" 302 0
INFO 2025-11-19 21:42:31,536 basehttp "GET /user/profile/ HTTP/1.1" 200 8349
INFO 2025-11-19 21:42:31,567 basehttp "GET /static/css/users/profile.css HTTP/1.1" 304 0
INFO 2025-11-19 21:42:31,574 basehttp "GET /static/js/custom_inputs.js HTTP/1.1" 304 0
INFO 2025-11-19 21:42:31,575 basehttp "GET /static/css/carts/included_cart.css HTTP/1.1" 200 1600
INFO 2025-11-19 21:42:36,462 basehttp "GET /user/users-cart/ HTTP/1.1" 200 5285
INFO 2025-11-19 21:42:36,482 basehttp "GET /static/css/users/users_cart.css HTTP/1.1" 200 419
INFO 2025-11-19 21:42:38,645 basehttp "GET /user/logout/ HTTP/1.1" 302 0
INFO 2025-11-19 21:42:38,663 basehttp "GET / HTTP/1.1" 200 12441
INFO 2025-11-19 21:42:42,437 basehttp "GET /user/login/ HTTP/1.1" 200 5416
INFO 2025-11-19 21:42:45,309 basehttp "POST /user/login/ HTTP/1.1" 302 0
INFO 2025-11-19 21:42:45,320 basehttp "GET /user/profile/ HTTP/1.1" 200 8309
INFO 2025-11-19 21:42:52,386 basehttp "GET /user/logout/ HTTP/1.1" 302 0
INFO 2025-11-19 21:42:52,397 basehttp "GET / HTTP/1.1" 200 12441
INFO 2025-11-19 21:42:53,110 basehttp "GET /user/login/ HTTP/1.1" 200 5416
INFO 2025-11-19 21:43:49,192 basehttp "POST /user/login/ HTTP/1.1" 302 0
INFO 2025-11-19 21:43:49,218 basehttp "GET /user/profile/ HTTP/1.1" 200 8279
INFO 2025-11-19 22:09:18,466 autoreload Watching for file changes with StatReloader
INFO 2025-11-19 22:09:20,411 basehttp "GET / HTTP/1.1" 200 13421
INFO 2025-11-19 22:09:20,469 basehttp "GET /static/css/main/index.css HTTP/1.1" 304 0
INFO 2025-11-19 22:09:22,561 basehttp "GET /user/logout/ HTTP/1.1" 302 0
INFO 2025-11-19 22:09:22,571 basehttp "GET / HTTP/1.1" 200 12441
INFO 2025-11-19 22:09:23,235 basehttp "GET /user/login/ HTTP/1.1" 200 5416
INFO 2025-11-19 22:09:27,008 basehttp "POST /user/login/ HTTP/1.1" 302 0
INFO 2025-11-19 22:09:27,025 basehttp "GET /user/profile/ HTTP/1.1" 200 8309
INFO 2025-11-19 22:09:27,058 basehttp "GET /static/css/users/profile.css HTTP/1.1" 304 0
INFO 2025-11-19 22:09:27,059 basehttp "GET /static/js/custom_inputs.js HTTP/1.1" 304 0
INFO 2025-11-19 22:09:30,756 basehttp "GET /catalog/igrushki/ HTTP/1.1" 200 7306
INFO 2025-11-19 22:09:30,779 basehttp "GET /static/css/goods/catalog.css HTTP/1.1" 304 0
INFO 2025-11-19 22:09:30,785 basehttp "GET /static/js/card_hover_effect.js HTTP/1.1" 304 0
INFO 2025-11-19 22:09:30,785 basehttp "GET /static/js/catalog_pagination.js HTTP/1.1" 304 0
INFO 2025-11-19 22:09:30,799 basehttp "GET /media/goods_images/cat_toy.jpg HTTP/1.1" 304 0
INFO 2025-11-19 22:09:30,802 basehttp "GET /media/goods_images/dog_toy.jpg HTTP/1.1" 304 0
INFO 2025-11-19 22:09:30,926 basehttp "GET /static/icons/cart-plus.svg HTTP/1.1" 200 565
WARNING 2025-11-19 22:09:37,768 log Forbidden (CSRF token missing.): /cart/cart_add/
WARNING 2025-11-19 22:09:37,768 basehttp "POST /cart/cart_add/ HTTP/1.1" 403 2491
INFO 2025-11-19 22:09:41,957 basehttp "GET /user/users-cart/ HTTP/1.1" 200 5285
INFO 2025-11-19 22:09:46,715 basehttp "GET /catalog/igrushki/ HTTP/1.1" 200 7306
INFO 2025-11-19 22:09:49,911 basehttp "GET /catalog/product/myshka-s-peryami/ HTTP/1.1" 200 6061
INFO 2025-11-19 22:09:50,909 basehttp "POST /cart/cart_add/ HTTP/1.1" 200 2156
INFO 2025-11-19 22:09:51,548 basehttp "POST /cart/cart_add/ HTTP/1.1" 200 2158
INFO 2025-11-19 22:09:54,044 basehttp "GET /user/users-cart/ HTTP/1.1" 200 6817
INFO 2025-11-19 22:09:54,078 basehttp "GET /static/icons/trash3-fill.svg HTTP/1.1" 200 578
INFO 2025-11-19 22:09:55,780 basehttp "GET /orders/create-order/ HTTP/1.1" 200 9531
INFO 2025-11-19 22:09:55,803 basehttp "GET /static/css/orders/create_order.css HTTP/1.1" 200 1359
INFO 2025-11-19 22:12:41,935 autoreload Watching for file changes with StatReloader
INFO 2025-11-19 22:13:01,702 basehttp "GET / HTTP/1.1" 200 12959
INFO 2025-11-19 22:13:01,752 basehttp "GET /static/js/slider.js HTTP/1.1" 304 0
INFO 2025-11-19 22:13:01,756 basehttp "GET /static/images/banner1.jpg HTTP/1.1" 304 0
INFO 2025-11-19 22:13:01,758 basehttp "GET /static/images/banner2.jpg HTTP/1.1" 304 0
INFO 2025-11-19 22:13:01,762 basehttp "GET /static/images/banner3.jpg HTTP/1.1" 304 0
INFO 2025-11-19 22:13:05,171 basehttp "GET /user/users-cart/ HTTP/1.1" 200 6817
INFO 2025-11-19 22:13:06,227 basehttp "GET /orders/create-order/ HTTP/1.1" 200 9693
INFO 2025-11-19 22:13:06,427 basehttp "GET /static/js/geolocation_delivery.js HTTP/1.1" 200 1430
INFO 2025-11-19 22:13:51,595 autoreload Watching for file changes with StatReloader
INFO 2025-11-19 22:13:52,271 basehttp "GET /orders/create-order/ HTTP/1.1" 200 9693
INFO 2025-11-19 22:13:52,706 basehttp "GET /static/css/notifications.css HTTP/1.1" 200 772
INFO 2025-11-19 22:13:52,730 basehttp "GET /static/css/carts/included_cart.css HTTP/1.1" 200 1600
INFO 2025-11-19 22:13:52,733 basehttp "GET /static/js/geolocation_delivery.js HTTP/1.1" 200 2340
INFO 2025-11-19 22:13:52,734 basehttp "GET /static/js/theme.js HTTP/1.1" 200 715
INFO 2025-11-19 22:13:52,739 basehttp "GET /static/js/script.js HTTP/1.1" 200 4461
INFO 2025-11-19 22:13:52,740 basehttp "GET /static/css/base.css HTTP/1.1" 200 6879
INFO 2025-11-19 22:13:52,741 basehttp "GET /static/js/jquery/jquery-3.7.1.min.js HTTP/1.1" 200 87535
INFO 2025-11-19 22:13:52,742 basehttp "GET /static/icons/trash3-fill.svg HTTP/1.1" 200 578
INFO 2025-11-19 22:13:52,743 basehttp "GET /static/css/orders/create_order.css HTTP/1.1" 200 1359
INFO 2025-11-19 22:13:52,776 basehttp "GET /static/icons/animal.ico HTTP/1.1" 200 34453
INFO 2025-11-19 22:14:26,767 basehttp "GET /orders/create-order/ HTTP/1.1" 200 9693
INFO 2025-11-19 22:14:26,793 basehttp "GET /static/js/geolocation_delivery.js HTTP/1.1" 304 0
INFO 2025-11-19 22:16:01,537 autoreload Watching for file changes with StatReloader
INFO 2025-11-19 22:16:08,151 basehttp "GET / HTTP/1.1" 200 12959
INFO 2025-11-19 22:16:11,916 basehttp "GET /user/users-cart/ HTTP/1.1" 200 6817
INFO 2025-11-19 22:16:13,067 basehttp "GET /orders/create-order/ HTTP/1.1" 200 9693
INFO 2025-11-19 22:16:13,102 basehttp "GET /static/js/geolocation_delivery.js HTTP/1.1" 304 0
INFO 2025-11-19 22:17:52,735 autoreload Watching for file changes with StatReloader
INFO 2025-11-19 22:17:53,251 basehttp "GET /orders/create-order/ HTTP/1.1" 200 9709
INFO 2025-11-19 22:17:53,283 basehttp "GET /static/js/geolocation_delivery.js HTTP/1.1" 304 0
INFO 2025-11-19 22:17:55,289 basehttp "GET /orders/create-order/ HTTP/1.1" 200 9709
INFO 2025-11-19 22:17:55,714 basehttp "GET /static/css/base.css HTTP/1.1" 200 6879
INFO 2025-11-19 22:17:55,718 basehttp "GET /static/css/orders/create_order.css HTTP/1.1" 200 1359
INFO 2025-11-19 22:17:55,721 basehttp "GET /static/js/geolocation_delivery.js HTTP/1.1" 200 2340
INFO 2025-11-19 22:17:55,722 basehttp "GET /static/js/theme.js HTTP/1.1" 200 715
INFO 2025-11-19 22:17:55,725 basehttp "GET /static/js/script.js HTTP/1.1" 200 4461
INFO 2025-11-19 22:17:55,728 basehttp "GET /static/icons/trash3-fill.svg HTTP/1.1" 200 578
INFO 2025-11-19 22:17:55,729 basehttp "GET /static/js/jquery/jquery-3.7.1.min.js HTTP/1.1" 200 87535
INFO 2025-11-19 22:17:55,734 basehttp "GET /static/css/carts/included_cart.css HTTP/1.1" 200 1600
INFO 2025-11-19 22:17:55,738 basehttp "GET /static/css/notifications.css HTTP/1.1" 200 772
INFO 2025-11-19 22:17:55,772 basehttp "GET /static/icons/animal.ico HTTP/1.1" 200 34453
INFO 2025-11-19 22:17:57,869 basehttp "GET /orders/create-order/ HTTP/1.1" 200 9709
INFO 2025-11-19 22:18:38,890 autoreload Watching for file changes with StatReloader
INFO 2025-11-19 22:18:39,431 basehttp "GET /orders/create-order/ HTTP/1.1" 200 9709
INFO 2025-11-19 22:18:39,460 basehttp "GET /static/js/geolocation_delivery.js HTTP/1.1" 304 0
INFO 2025-11-19 22:18:41,650 basehttp "GET /orders/create-order/ HTTP/1.1" 200 9709
INFO 2025-11-19 22:19:36,028 autoreload Watching for file changes with StatReloader
INFO 2025-11-19 22:19:36,612 basehttp "GET /orders/create-order/ HTTP/1.1" 200 9703
INFO 2025-11-19 22:19:36,640 basehttp "GET /static/js/geolocation_delivery.js HTTP/1.1" 304 0
INFO 2025-11-19 22:19:51,004 autoreload Watching for file changes with StatReloader
INFO 2025-11-19 22:19:51,676 basehttp "GET /orders/create-order/ HTTP/1.1" 200 9707
INFO 2025-11-19 22:20:00,199 autoreload Watching for file changes with StatReloader
INFO 2025-11-19 22:20:00,821 basehttp "GET /orders/create-order/ HTTP/1.1" 200 9703
INFO 2025-11-19 22:24:23,439 autoreload Watching for file changes with StatReloader
INFO 2025-11-19 22:24:24,934 basehttp "GET / HTTP/1.1" 200 12959
INFO 2025-11-19 22:24:24,989 basehttp "GET /media/partners/Zoobazar.jpg HTTP/1.1" 304 0
INFO 2025-11-19 22:24:24,990 basehttp "GET /media/partners/zoomarket.webp HTTP/1.1" 304 0
INFO 2025-11-19 22:24:24,993 basehttp "GET /media/partners/petstop.png HTTP/1.1" 304 0
INFO 2025-11-19 22:24:27,542 basehttp "GET /user/users-cart/ HTTP/1.1" 200 6811
INFO 2025-11-19 22:24:29,906 basehttp "GET /orders/create-order/ HTTP/1.1" 200 9710
INFO 2025-11-19 22:24:30,050 basehttp "GET /static/js/geolocation_delivery.js HTTP/1.1" 200 2519
INFO 2025-11-19 22:27:14,244 autoreload Watching for file changes with StatReloader
INFO 2025-11-19 22:27:16,410 basehttp "GET /orders/create-order/ HTTP/1.1" 200 9710
INFO 2025-11-19 22:27:16,432 basehttp "GET /static/js/geolocation_delivery.js HTTP/1.1" 304 0
INFO 2025-11-19 22:27:21,847 basehttp "GET /orders/create-order/ HTTP/1.1" 200 9710
INFO 2025-11-19 22:27:22,232 basehttp "GET /static/css/notifications.css HTTP/1.1" 200 772
INFO 2025-11-19 22:27:22,259 basehttp "GET /static/css/orders/create_order.css HTTP/1.1" 200 1359
INFO 2025-11-19 22:27:22,262 basehttp "GET /static/js/geolocation_delivery.js HTTP/1.1" 200 2519
INFO 2025-11-19 22:27:22,262 basehttp "GET /static/js/theme.js HTTP/1.1" 200 715
INFO 2025-11-19 22:27:22,266 basehttp "GET /static/js/script.js HTTP/1.1" 200 4461
INFO 2025-11-19 22:27:22,269 basehttp "GET /static/js/jquery/jquery-3.7.1.min.js HTTP/1.1" 200 87535
INFO 2025-11-19 22:27:22,270 basehttp "GET /static/icons/trash3-fill.svg HTTP/1.1" 200 578
INFO 2025-11-19 22:27:22,290 basehttp "GET /static/css/carts/included_cart.css HTTP/1.1" 200 1465
INFO 2025-11-19 22:27:22,294 basehttp "GET /static/css/base.css HTTP/1.1" 200 6879
INFO 2025-11-19 22:27:22,326 basehttp "GET /static/icons/animal.ico HTTP/1.1" 200 34453
INFO 2025-11-19 22:27:54,275 autoreload Watching for file changes with StatReloader
INFO 2025-11-19 22:27:54,782 basehttp "GET /orders/create-order/ HTTP/1.1" 200 9710
INFO 2025-11-19 22:27:54,959 basehttp "GET /static/css/carts/included_cart.css HTTP/1.1" 200 1582
INFO 2025-11-19 22:27:54,961 basehttp "GET /static/js/geolocation_delivery.js HTTP/1.1" 304 0
INFO 2025-11-19 22:28:28,478 autoreload Watching for file changes with StatReloader
INFO 2025-11-19 22:28:28,985 basehttp "GET /orders/create-order/ HTTP/1.1" 200 9710
INFO 2025-11-19 22:28:29,168 basehttp "GET /static/css/carts/included_cart.css HTTP/1.1" 200 1581
INFO 2025-11-19 22:28:29,169 basehttp "GET /static/js/geolocation_delivery.js HTTP/1.1" 304 0
INFO 2025-11-19 22:28:53,845 basehttp "POST /orders/create-order/ HTTP/1.1" 200 9926
INFO 2025-11-19 22:28:53,870 basehttp "GET /static/css/carts/included_cart.css HTTP/1.1" 304 0
INFO 2025-11-19 22:28:53,870 basehttp "GET /static/js/geolocation_delivery.js HTTP/1.1" 304 0
INFO 2025-11-19 22:29:04,624 basehttp "POST /orders/create-order/ HTTP/1.1" 200 9882
INFO 2025-11-19 22:29:04,649 basehttp "GET /static/css/carts/included_cart.css HTTP/1.1" 304 0
INFO 2025-11-19 22:29:12,268 basehttp "POST /orders/create-order/ HTTP/1.1" 302 0
INFO 2025-11-19 22:29:12,291 basehttp "GET /user/profile/ HTTP/1.1" 200 9214
INFO 2025-11-19 22:29:12,315 basehttp "GET /static/css/users/profile.css HTTP/1.1" 304 0
INFO 2025-11-19 22:29:12,320 basehttp "GET /static/js/custom_inputs.js HTTP/1.1" 304 0
INFO 2025-11-19 22:29:12,321 basehttp "GET /static/css/carts/included_cart.css HTTP/1.1" 304 0
INFO 2025-11-19 22:29:19,910 basehttp "GET /user/users-cart/ HTTP/1.1" 200 5285
INFO 2025-11-19 22:29:19,931 basehttp "GET /static/css/carts/included_cart.css HTTP/1.1" 304 0
INFO 2025-11-19 22:29:23,756 basehttp "GET /catalog/all/ HTTP/1.1" 200 14321
INFO 2025-11-19 22:29:23,799 basehttp "GET /media/goods_images/rabbit_house.jpg HTTP/1.1" 304 0
INFO 2025-11-19 22:29:23,800 basehttp "GET /media/goods_images/cat_food.jpg HTTP/1.1" 304 0
INFO 2025-11-19 22:29:23,800 basehttp "GET /media/goods_images/bird_cage.jpg HTTP/1.1" 304 0
WARNING 2025-11-19 22:29:25,796 log Forbidden (CSRF token missing.): /cart/cart_add/
WARNING 2025-11-19 22:29:25,797 basehttp "POST /cart/cart_add/ HTTP/1.1" 403 2491
WARNING 2025-11-19 22:29:26,561 log Forbidden (CSRF token missing.): /cart/cart_add/
WARNING 2025-11-19 22:29:26,562 basehttp "POST /cart/cart_add/ HTTP/1.1" 403 2491
WARNING 2025-11-19 22:29:27,851 log Forbidden (CSRF token missing.): /cart/cart_add/
WARNING 2025-11-19 22:29:27,852 basehttp "POST /cart/cart_add/ HTTP/1.1" 403 2491
WARNING 2025-11-19 22:29:29,475 log Forbidden (CSRF token missing.): /cart/cart_add/
WARNING 2025-11-19 22:29:29,475 basehttp "POST /cart/cart_add/ HTTP/1.1" 403 2491
WARNING 2025-11-19 22:29:30,159 log Forbidden (CSRF token missing.): /cart/cart_add/
WARNING 2025-11-19 22:29:30,160 basehttp "POST /cart/cart_add/ HTTP/1.1" 403 2491
WARNING 2025-11-19 22:29:33,243 log Forbidden (CSRF token missing.): /cart/cart_add/
WARNING 2025-11-19 22:29:33,243 basehttp "POST /cart/cart_add/ HTTP/1.1" 403 2491
WARNING 2025-11-19 22:29:33,488 log Forbidden (CSRF token missing.): /cart/cart_add/
WARNING 2025-11-19 22:29:33,489 basehttp "POST /cart/cart_add/ HTTP/1.1" 403 2491
WARNING 2025-11-19 22:29:33,735 log Forbidden (CSRF token missing.): /cart/cart_add/
WARNING 2025-11-19 22:29:33,736 basehttp "POST /cart/cart_add/ HTTP/1.1" 403 2491
INFO 2025-11-19 22:29:36,126 basehttp "GET /user/users-cart/ HTTP/1.1" 200 5285
INFO 2025-11-19 22:29:36,150 basehttp "GET /static/css/carts/included_cart.css HTTP/1.1" 304 0
INFO 2025-11-19 22:29:44,702 basehttp "GET /catalog/all/ HTTP/1.1" 200 14321
INFO 2025-11-19 22:29:45,811 basehttp "GET /catalog/product/whiskas-govyadina/ HTTP/1.1" 200 6025
INFO 2025-11-19 22:29:46,661 basehttp "POST /cart/cart_add/ HTTP/1.1" 200 2126
INFO 2025-11-19 22:29:46,919 basehttp "POST /cart/cart_add/ HTTP/1.1" 200 2126
INFO 2025-11-19 22:29:49,002 basehttp "GET /catalog/product/domik-dlya-krolika/ HTTP/1.1" 200 6123
INFO 2025-11-19 22:29:49,945 basehttp "POST /cart/cart_add/ HTTP/1.1" 200 3759
INFO 2025-11-19 22:29:53,544 basehttp "GET /catalog/product/zolotaya-kletka/ HTTP/1.1" 200 6087
INFO 2025-11-19 22:29:54,552 basehttp "POST /cart/cart_add/ HTTP/1.1" 200 5377
INFO 2025-11-19 22:30:03,063 basehttp "GET /user/users-cart/ HTTP/1.1" 200 9674
INFO 2025-11-19 22:30:03,089 basehttp "GET /static/css/carts/included_cart.css HTTP/1.1" 304 0
INFO 2025-11-19 22:30:04,574 basehttp "GET /orders/create-order/ HTTP/1.1" 200 12573
INFO 2025-11-19 22:30:04,601 basehttp "GET /static/js/geolocation_delivery.js HTTP/1.1" 304 0
INFO 2025-11-19 22:30:32,963 basehttp "POST /orders/create-order/ HTTP/1.1" 302 0
INFO 2025-11-19 22:30:32,979 basehttp "GET /user/profile/ HTTP/1.1" 200 10558
INFO 2025-11-19 22:30:33,007 basehttp "GET /static/css/carts/included_cart.css HTTP/1.1" 304 0
INFO 2025-11-19 22:32:38,553 autoreload Watching for file changes with StatReloader
INFO 2025-11-19 22:32:41,429 basehttp "GET / HTTP/1.1" 200 12959
INFO 2025-11-19 22:32:43,597 basehttp "GET /catalog/korm/ HTTP/1.1" 200 8431
INFO 2025-11-19 22:32:43,632 basehttp "GET /media/goods_images/parrot_food.jpg HTTP/1.1" 304 0
INFO 2025-11-19 22:32:43,633 basehttp "GET /media/goods_images/fish_food.jpg HTTP/1.1" 304 0
WARNING 2025-11-19 22:32:50,201 log Not Found: /.well-known/appspecific/com.chrome.devtools.json
WARNING 2025-11-19 22:32:50,202 basehttp "GET /.well-known/appspecific/com.chrome.devtools.json HTTP/1.1" 404 6968
WARNING 2025-11-19 22:33:41,736 log Forbidden (CSRF token missing.): /cart/cart_add/
WARNING 2025-11-19 22:33:41,737 basehttp "POST /cart/cart_add/ HTTP/1.1" 403 2491
INFO 2025-11-19 22:37:40,880 autoreload Watching for file changes with StatReloader
INFO 2025-11-19 22:37:45,002 basehttp "GET /catalog/korm/ HTTP/1.1" 200 8431
INFO 2025-11-19 22:37:46,509 basehttp "GET /catalog/korm/ HTTP/1.1" 200 8431
INFO 2025-11-19 22:37:47,035 basehttp "GET /static/css/notifications.css HTTP/1.1" 200 772
INFO 2025-11-19 22:37:47,039 basehttp "GET /static/js/jquery/jquery-3.7.1.min.js HTTP/1.1" 200 87535
INFO 2025-11-19 22:37:47,041 basehttp "GET /static/js/script.js HTTP/1.1" 200 4461
INFO 2025-11-19 22:37:47,072 basehttp "GET /static/js/catalog_pagination.js HTTP/1.1" 200 4389
INFO 2025-11-19 22:37:47,144 basehttp "GET /static/css/base.css HTTP/1.1" 200 6879
INFO 2025-11-19 22:37:47,171 basehttp "GET /static/js/theme.js HTTP/1.1" 200 715
INFO 2025-11-19 22:37:47,185 basehttp "GET /static/css/goods/catalog.css HTTP/1.1" 200 3933
INFO 2025-11-19 22:37:47,194 basehttp "GET /static/icons/cart-plus.svg HTTP/1.1" 200 565
INFO 2025-11-19 22:37:47,194 basehttp "GET /static/js/card_hover_effect.js HTTP/1.1" 200 806
INFO 2025-11-19 22:37:47,197 basehttp "GET /media/goods_images/fish_food.jpg HTTP/1.1" 200 58544
INFO 2025-11-19 22:37:47,200 basehttp "GET /media/goods_images/parrot_food.jpg HTTP/1.1" 200 159905
INFO 2025-11-19 22:37:47,203 basehttp "GET /media/goods_images/cat_food.jpg HTTP/1.1" 200 127347
INFO 2025-11-19 22:37:47,233 basehttp "GET /static/icons/animal.ico HTTP/1.1" 200 34453
WARNING 2025-11-19 22:37:48,431 log Forbidden (CSRF token missing.): /cart/cart_add/
WARNING 2025-11-19 22:37:48,432 basehttp "POST /cart/cart_add/ HTTP/1.1" 403 2491
WARNING 2025-11-19 22:37:48,495 log Not Found: /favicon.ico
WARNING 2025-11-19 22:37:48,495 basehttp "GET /favicon.ico HTTP/1.1" 404 6857
INFO 2025-11-19 22:40:15,188 autoreload Watching for file changes with StatReloader
INFO 2025-11-19 22:40:17,240 basehttp "GET / HTTP/1.1" 200 12959
INFO 2025-11-19 22:40:21,443 basehttp "GET /catalog/all/ HTTP/1.1" 200 14321
INFO 2025-11-19 22:40:21,574 basehttp "GET /static/js/catalog_pagination.js HTTP/1.1" 200 5094
INFO 2025-11-19 22:40:24,518 basehttp "POST /cart/cart_add/ HTTP/1.1" 200 2126
INFO 2025-11-19 22:40:31,253 basehttp "GET /user/users-cart/ HTTP/1.1" 200 6805
INFO 2025-11-19 22:40:31,275 basehttp "GET /static/css/carts/included_cart.css HTTP/1.1" 304 0
INFO 2025-11-19 22:40:34,478 basehttp "GET / HTTP/1.1" 200 12959
INFO 2025-11-19 22:40:38,492 basehttp "GET /catalog/korm/ HTTP/1.1" 200 8431
INFO 2025-11-19 22:40:38,515 basehttp "GET /static/js/catalog_pagination.js HTTP/1.1" 304 0
INFO 2025-11-19 22:40:40,753 basehttp "GET /catalog/all/ HTTP/1.1" 200 14321
INFO 2025-11-19 22:40:40,779 basehttp "GET /static/js/catalog_pagination.js HTTP/1.1" 304 0
INFO 2025-11-19 22:40:42,334 basehttp "GET /media/goods_images/cat_tree.jpg HTTP/1.1" 304 0
INFO 2025-11-19 22:40:42,335 basehttp "GET /media/goods_images/hamster_wheel.jpg HTTP/1.1" 304 0
INFO 2025-11-19 22:42:57,921 autoreload Watching for file changes with StatReloader
INFO 2025-11-19 22:43:02,640 basehttp "GET / HTTP/1.1" 200 12959
INFO 2025-11-19 22:43:04,421 basehttp "GET /catalog/korm/ HTTP/1.1" 200 8431
INFO 2025-11-19 22:43:04,470 basehttp "GET /static/js/catalog_pagination.js HTTP/1.1" 304 0
INFO 2025-11-19 22:43:08,239 basehttp "GET /catalog/uhod/ HTTP/1.1" 200 6717
INFO 2025-11-19 22:43:08,268 basehttp "GET /media/goods_images/dog_shampoo.jpg HTTP/1.1" 304 0
INFO 2025-11-19 22:43:09,919 basehttp "GET /catalog/all/ HTTP/1.1" 200 14321
INFO 2025-11-19 22:44:43,178 basehttp "GET /catalog/all/ HTTP/1.1" 200 14321
INFO 2025-11-19 22:44:43,676 basehttp "GET /static/css/base.css HTTP/1.1" 200 6879
INFO 2025-11-19 22:44:43,680 basehttp "GET /static/js/jquery/jquery-3.7.1.min.js HTTP/1.1" 200 87535
INFO 2025-11-19 22:44:43,682 basehttp "GET /static/js/script.js HTTP/1.1" 200 4461
INFO 2025-11-19 22:44:43,758 basehttp "GET /static/js/card_hover_effect.js HTTP/1.1" 200 806
INFO 2025-11-19 22:44:43,762 basehttp "GET /static/css/goods/catalog.css HTTP/1.1" 200 4080
INFO 2025-11-19 22:44:43,800 basehttp "GET /static/css/notifications.css HTTP/1.1" 200 772
INFO 2025-11-19 22:44:43,842 basehttp "GET /static/js/theme.js HTTP/1.1" 200 715
INFO 2025-11-19 22:44:43,852 basehttp "GET /static/js/catalog_pagination.js HTTP/1.1" 200 5094
INFO 2025-11-19 22:44:43,863 basehttp "GET /static/icons/cart-plus.svg HTTP/1.1" 200 565
INFO 2025-11-19 22:44:43,867 basehttp "GET /media/goods_images/bird_cage.jpg HTTP/1.1" 200 114791
INFO 2025-11-19 22:44:43,869 basehttp "GET /media/goods_images/cat_food.jpg HTTP/1.1" 200 127347
INFO 2025-11-19 22:44:43,871 basehttp "GET /media/goods_images/rabbit_house.jpg HTTP/1.1" 200 166474
INFO 2025-11-19 22:44:43,900 basehttp "GET /static/icons/animal.ico HTTP/1.1" 200 34453
INFO 2025-11-19 22:44:59,822 autoreload Watching for file changes with StatReloader
INFO 2025-11-19 22:45:00,536 basehttp "GET /catalog/all/ HTTP/1.1" 200 14321
INFO 2025-11-19 22:45:00,938 basehttp "GET /static/css/notifications.css HTTP/1.1" 200 772
INFO 2025-11-19 22:45:00,943 basehttp "GET /static/js/jquery/jquery-3.7.1.min.js HTTP/1.1" 200 87535
INFO 2025-11-19 22:45:00,947 basehttp "GET /static/js/script.js HTTP/1.1" 200 4461
INFO 2025-11-19 22:45:00,971 basehttp "GET /static/css/base.css HTTP/1.1" 200 6879
INFO 2025-11-19 22:45:00,990 basehttp "GET /static/css/goods/catalog.css HTTP/1.1" 200 4080
INFO 2025-11-19 22:45:01,007 basehttp "GET /static/js/catalog_pagination.js HTTP/1.1" 200 5094
INFO 2025-11-19 22:45:01,019 basehttp "GET /static/icons/cart-plus.svg HTTP/1.1" 200 565
INFO 2025-11-19 22:45:01,022 basehttp "GET /media/goods_images/cat_food.jpg HTTP/1.1" 200 127347
INFO 2025-11-19 22:45:01,022 basehttp "GET /media/goods_images/bird_cage.jpg HTTP/1.1" 200 114791
INFO 2025-11-19 22:45:01,023 basehttp "GET /media/goods_images/rabbit_house.jpg HTTP/1.1" 200 166474
INFO 2025-11-19 22:45:01,246 basehttp "GET /static/js/theme.js HTTP/1.1" 200 715
INFO 2025-11-19 22:45:01,254 basehttp "GET /static/js/card_hover_effect.js HTTP/1.1" 200 806
INFO 2025-11-19 22:45:01,281 basehttp "GET /static/icons/animal.ico HTTP/1.1" 200 34453
INFO 2025-11-19 22:45:07,114 basehttp "GET /media/goods_images/dog_bed.jpg HTTP/1.1" 304 0
INFO 2025-11-19 22:45:09,007 basehttp "GET /media/goods_images/aquarium.jpg HTTP/1.1" 304 0
INFO 2025-11-19 22:45:09,016 basehttp "GET /media/goods_images/pet_carrier.jpg HTTP/1.1" 304 0
INFO 2025-11-19 22:45:10,192 basehttp "GET /media/goods_images/dog_food.jpg HTTP/1.1" 304 0
INFO 2025-11-19 22:45:20,955 autoreload Watching for file changes with StatReloader
INFO 2025-11-19 22:45:21,597 basehttp "GET /catalog/all/ HTTP/1.1" 200 14321
INFO 2025-11-19 22:45:22,119 basehttp "GET /static/css/goods/catalog.css HTTP/1.1" 200 4080
INFO 2025-11-19 22:45:22,121 basehttp "GET /static/js/jquery/jquery-3.7.1.min.js HTTP/1.1" 200 87535
INFO 2025-11-19 22:45:22,123 basehttp "GET /static/js/script.js HTTP/1.1" 200 4461
INFO 2025-11-19 22:45:22,155 basehttp "GET /static/js/catalog_pagination.js HTTP/1.1" 200 5094
INFO 2025-11-19 22:45:22,162 basehttp "GET /static/css/notifications.css HTTP/1.1" 200 772
INFO 2025-11-19 22:45:22,237 basehttp "GET /static/css/base.css HTTP/1.1" 200 6879
INFO 2025-11-19 22:45:22,247 basehttp "GET /static/icons/cart-plus.svg HTTP/1.1" 200 565
INFO 2025-11-19 22:45:22,249 basehttp "GET /static/js/theme.js HTTP/1.1" 200 715
INFO 2025-11-19 22:45:22,250 basehttp "GET /media/goods_images/bird_cage.jpg HTTP/1.1" 200 114791
INFO 2025-11-19 22:45:22,252 basehttp "GET /media/goods_images/rabbit_house.jpg HTTP/1.1" 200 166474
INFO 2025-11-19 22:45:22,252 basehttp "GET /media/goods_images/cat_food.jpg HTTP/1.1" 200 127347
INFO 2025-11-19 22:45:22,259 basehttp "GET /static/js/card_hover_effect.js HTTP/1.1" 200 806
INFO 2025-11-19 22:45:22,289 basehttp "GET /static/icons/animal.ico HTTP/1.1" 200 34453
INFO 2025-11-19 22:45:27,417 basehttp "GET /catalog/korm/ HTTP/1.1" 200 8431
INFO 2025-11-19 22:45:27,438 basehttp "GET /static/css/goods/catalog.css HTTP/1.1" 304 0
INFO 2025-11-19 22:45:47,504 basehttp "GET /catalog/all/ HTTP/1.1" 200 14321
INFO 2025-11-19 22:45:47,526 basehttp "GET /static/css/goods/catalog.css HTTP/1.1" 304 0
INFO 2025-11-19 22:46:27,844 autoreload Watching for file changes with StatReloader
INFO 2025-11-19 22:46:29,533 basehttp "GET / HTTP/1.1" 200 12959
INFO 2025-11-19 22:46:30,860 basehttp "GET / HTTP/1.1" 200 12959
INFO 2025-11-19 22:46:31,357 basehttp "GET /static/css/notifications.css HTTP/1.1" 200 772
INFO 2025-11-19 22:46:31,380 basehttp "GET /static/images/seaweed.png HTTP/1.1" 200 1584444
INFO 2025-11-19 22:46:31,383 basehttp "GET /static/js/slider.js HTTP/1.1" 200 2773
INFO 2025-11-19 22:46:31,386 basehttp "GET /static/js/theme.js HTTP/1.1" 200 715
INFO 2025-11-19 22:46:31,389 basehttp "GET /static/js/jquery/jquery-3.7.1.min.js HTTP/1.1" 200 87535
INFO 2025-11-19 22:46:31,391 basehttp "GET /static/js/script.js HTTP/1.1" 200 4461
INFO 2025-11-19 22:46:31,395 basehttp "GET /static/icons/animal.ico HTTP/1.1" 200 34453
INFO 2025-11-19 22:46:31,418 basehttp "GET /static/images/banner1.jpg HTTP/1.1" 200 1876971
INFO 2025-11-19 22:46:31,438 basehttp "GET /static/images/banner2.jpg HTTP/1.1" 200 1749157
INFO 2025-11-19 22:46:31,459 basehttp "GET /static/images/banner3.jpg HTTP/1.1" 200 1747168
INFO 2025-11-19 22:46:31,463 basehttp "GET /media/partners/Zoobazar.jpg HTTP/1.1" 200 37096
INFO 2025-11-19 22:46:31,467 basehttp "GET /media/partners/zoomarket.webp HTTP/1.1" 200 6966
INFO 2025-11-19 22:46:31,470 basehttp "GET /media/partners/petstop.png HTTP/1.1" 200 38070
INFO 2025-11-19 22:46:31,507 basehttp "GET /static/css/base.css HTTP/1.1" 200 6879
INFO 2025-11-19 22:46:31,525 basehttp "GET /static/css/footer.css HTTP/1.1" 200 701
INFO 2025-11-19 22:46:31,533 basehttp "GET /static/css/main/index.css HTTP/1.1" 200 7289
INFO 2025-11-19 22:46:31,569 basehttp "GET /static/images/fish2.png HTTP/1.1" 200 1352197
INFO 2025-11-19 22:46:31,585 basehttp "GET /static/images/fish1.png HTTP/1.1" 200 2205819
INFO 2025-11-19 22:46:31,623 basehttp "GET /static/icons/animal.ico HTTP/1.1" 200 34453
INFO 2025-11-19 22:46:33,343 basehttp "GET /catalog/all/ HTTP/1.1" 200 14321
INFO 2025-11-19 22:46:33,366 basehttp "GET /static/css/goods/catalog.css HTTP/1.1" 200 4058
INFO 2025-11-19 22:46:33,375 basehttp "GET /static/js/catalog_pagination.js HTTP/1.1" 304 0
INFO 2025-11-19 22:46:49,605 autoreload Watching for file changes with StatReloader
INFO 2025-11-19 22:46:55,514 basehttp "GET /catalog/all/ HTTP/1.1" 200 14321
INFO 2025-11-19 22:46:55,627 basehttp "GET /static/css/goods/catalog.css HTTP/1.1" 200 4074
INFO 2025-11-19 22:47:07,151 basehttp "GET /catalog/uhod/ HTTP/1.1" 200 6717
INFO 2025-11-19 22:47:07,182 basehttp "GET /static/css/goods/catalog.css HTTP/1.1" 304 0
INFO 2025-11-19 22:47:13,748 basehttp "GET /catalog/korm/ HTTP/1.1" 200 8431
INFO 2025-11-19 22:47:13,771 basehttp "GET /static/css/goods/catalog.css HTTP/1.1" 304 0
INFO 2025-11-19 22:47:13,780 basehttp "GET /static/js/catalog_pagination.js HTTP/1.1" 304 0
INFO 2025-11-19 22:47:22,412 basehttp "GET /catalog/korm/ HTTP/1.1" 200 8431
INFO 2025-11-19 22:47:22,433 basehttp "GET /static/css/goods/catalog.css HTTP/1.1" 304 0
INFO 2025-11-19 22:47:30,599 basehttp "GET /catalog/all/ HTTP/1.1" 200 14321
INFO 2025-11-19 22:47:30,618 basehttp "GET /static/css/goods/catalog.css HTTP/1.1" 304 0
INFO 2025-11-19 22:51:33,805 autoreload Watching for file changes with StatReloader
INFO 2025-11-19 22:51:34,435 basehttp "GET /catalog/all/ HTTP/1.1" 200 14321
INFO 2025-11-19 22:51:34,457 basehttp "GET /static/css/goods/catalog.css HTTP/1.1" 304 0
INFO 2025-11-19 22:51:34,604 basehttp "GET /static/js/catalog_pagination.js HTTP/1.1" 200 5908
INFO 2025-11-19 22:51:36,016 basehttp "GET /catalog/all/ HTTP/1.1" 200 14321
INFO 2025-11-19 22:51:36,039 basehttp "GET /static/css/base.css HTTP/1.1" 200 6879
INFO 2025-11-19 22:51:36,048 basehttp "GET /static/css/goods/catalog.css HTTP/1.1" 200 4074
INFO 2025-11-19 22:51:36,050 basehttp "GET /static/css/notifications.css HTTP/1.1" 200 772
INFO 2025-11-19 22:51:36,050 basehttp "GET /static/js/catalog_pagination.js HTTP/1.1" 200 5908
INFO 2025-11-19 22:51:36,052 basehttp "GET /static/js/card_hover_effect.js HTTP/1.1" 200 806
INFO 2025-11-19 22:51:36,054 basehttp "GET /static/js/theme.js HTTP/1.1" 200 715
INFO 2025-11-19 22:51:36,057 basehttp "GET /static/js/script.js HTTP/1.1" 200 4461
INFO 2025-11-19 22:51:36,065 basehttp "GET /static/js/jquery/jquery-3.7.1.min.js HTTP/1.1" 200 87535
INFO 2025-11-19 22:51:36,065 basehttp "GET /static/icons/cart-plus.svg HTTP/1.1" 200 565
INFO 2025-11-19 22:51:36,070 basehttp "GET /media/goods_images/cat_food.jpg HTTP/1.1" 200 127347
INFO 2025-11-19 22:51:36,070 basehttp "GET /media/goods_images/bird_cage.jpg HTTP/1.1" 200 114791
INFO 2025-11-19 22:51:36,074 basehttp "GET /media/goods_images/rabbit_house.jpg HTTP/1.1" 200 166474
INFO 2025-11-19 22:51:36,106 basehttp "GET /static/icons/animal.ico HTTP/1.1" 200 34453
INFO 2025-11-19 22:51:44,130 basehttp "GET /catalog/uhod/ HTTP/1.1" 200 6717
INFO 2025-11-19 22:51:44,152 basehttp "GET /static/js/catalog_pagination.js HTTP/1.1" 304 0
INFO 2025-11-19 22:51:49,210 basehttp "GET /catalog/all/ HTTP/1.1" 200 14321
INFO 2025-11-19 22:51:49,231 basehttp "GET /static/js/catalog_pagination.js HTTP/1.1" 304 0
INFO 2025-11-19 23:16:07,809 autoreload Watching for file changes with StatReloader
INFO 2025-11-19 23:16:16,371 basehttp "GET / HTTP/1.1" 200 12959
INFO 2025-11-19 23:16:21,101 basehttp "GET /faq/ HTTP/1.1" 200 17124
INFO 2025-11-19 23:21:08,673 autoreload Watching for file changes with StatReloader
INFO 2025-11-19 23:21:16,793 basehttp "GET / HTTP/1.1" 200 12959
INFO 2025-11-19 23:21:19,167 basehttp "GET /faq/ HTTP/1.1" 200 17187
INFO 2025-11-19 23:21:19,302 basehttp "GET /static/js/faq_scroll_animations.js HTTP/1.1" 200 466
INFO 2025-11-19 23:22:40,300 autoreload Watching for file changes with StatReloader
INFO 2025-11-19 23:22:40,789 basehttp "GET /faq/ HTTP/1.1" 200 17187
INFO 2025-11-19 23:22:41,293 basehttp "GET /static/css/base.css HTTP/1.1" 200 6879
INFO 2025-11-19 23:22:41,295 basehttp "GET /static/js/script.js HTTP/1.1" 200 4461
INFO 2025-11-19 23:22:41,320 basehttp "GET /static/js/theme.js HTTP/1.1" 200 715
INFO 2025-11-19 23:22:41,355 basehttp "GET /static/js/faq_scroll_animations.js HTTP/1.1" 200 466
INFO 2025-11-19 23:22:41,370 basehttp "GET /static/css/main/faq.css HTTP/1.1" 200 1994
INFO 2025-11-19 23:22:41,376 basehttp "GET /static/css/notifications.css HTTP/1.1" 200 772
INFO 2025-11-19 23:22:41,476 basehttp "GET /static/js/jquery/jquery-3.7.1.min.js HTTP/1.1" 200 87535
INFO 2025-11-19 23:22:41,505 basehttp "GET /static/icons/animal.ico HTTP/1.1" 200 34453
INFO 2025-11-19 23:25:46,940 autoreload Watching for file changes with StatReloader
INFO 2025-11-19 23:25:47,463 basehttp "GET /faq/ HTTP/1.1" 200 17403
INFO 2025-11-19 23:25:47,735 basehttp "GET /static/css/main/faq.css HTTP/1.1" 200 2410
WARNING 2025-11-19 23:25:47,744 basehttp "GET /static/images/parrot2.png HTTP/1.1" 404 1868
INFO 2025-11-19 23:25:47,746 basehttp "GET /static/css/base.css HTTP/1.1" 200 6879
INFO 2025-11-19 23:25:47,752 basehttp "GET /static/js/faq_scroll_animations.js HTTP/1.1" 200 585
INFO 2025-11-19 23:25:47,754 basehttp "GET /static/js/theme.js HTTP/1.1" 200 715
INFO 2025-11-19 23:25:47,756 basehttp "GET /static/js/script.js HTTP/1.1" 200 4461
INFO 2025-11-19 23:25:47,758 basehttp "GET /static/js/jquery/jquery-3.7.1.min.js HTTP/1.1" 200 87535
INFO 2025-11-19 23:25:47,774 basehttp "GET /static/images/parrot1.png HTTP/1.1" 200 1255713
INFO 2025-11-19 23:25:47,893 basehttp "GET /static/css/notifications.css HTTP/1.1" 200 772
INFO 2025-11-19 23:25:47,955 basehttp "GET /static/icons/animal.ico HTTP/1.1" 200 34453
INFO 2025-11-19 23:29:15,561 basehttp "GET /faq/ HTTP/1.1" 200 17403
INFO 2025-11-19 23:29:15,586 basehttp "GET /static/css/main/faq.css HTTP/1.1" 304 0
INFO 2025-11-19 23:29:15,591 basehttp "GET /static/js/faq_scroll_animations.js HTTP/1.1" 304 0
INFO 2025-11-19 23:29:15,592 basehttp "GET /static/images/parrot1.png HTTP/1.1" 304 0
INFO 2025-11-19 23:29:15,617 basehttp "GET /static/images/parrot2.png HTTP/1.1" 200 2392492
INFO 2025-11-19 23:29:17,258 basehttp "GET /faq/ HTTP/1.1" 200 17403
INFO 2025-11-19 23:29:17,279 basehttp "GET /static/images/parrot2.png HTTP/1.1" 304 0
INFO 2025-11-19 23:32:30,185 autoreload Watching for file changes with StatReloader
INFO 2025-11-19 23:32:32,491 basehttp "GET /faq/ HTTP/1.1" 200 17403
INFO 2025-11-19 23:32:32,819 basehttp "GET /static/css/base.css HTTP/1.1" 200 6879
INFO 2025-11-19 23:32:32,847 basehttp "GET /static/images/parrot1.png HTTP/1.1" 200 1255713
INFO 2025-11-19 23:32:32,852 basehttp "GET /static/js/faq_scroll_animations.js HTTP/1.1" 200 585
INFO 2025-11-19 23:32:32,854 basehttp "GET /static/css/main/faq.css HTTP/1.1" 200 2419
INFO 2025-11-19 23:32:32,860 basehttp "GET /static/js/theme.js HTTP/1.1" 200 715
INFO 2025-11-19 23:32:32,861 basehttp "GET /static/css/notifications.css HTTP/1.1" 200 772
INFO 2025-11-19 23:32:32,861 basehttp "GET /static/js/script.js HTTP/1.1" 200 4461
INFO 2025-11-19 23:32:32,865 basehttp "GET /static/js/jquery/jquery-3.7.1.min.js HTTP/1.1" 200 87535
INFO 2025-11-19 23:32:32,870 basehttp "GET /static/images/parrot2.png HTTP/1.1" 200 2392492
INFO 2025-11-19 23:32:32,906 basehttp "GET /static/icons/animal.ico HTTP/1.1" 200 34453
INFO 2025-11-19 23:33:51,347 autoreload Watching for file changes with StatReloader
INFO 2025-11-19 23:33:51,842 basehttp "GET /faq/ HTTP/1.1" 200 17187
INFO 2025-11-19 23:33:52,013 basehttp "GET /static/css/main/faq.css HTTP/1.1" 200 1994
INFO 2025-11-19 23:33:52,015 basehttp "GET /static/js/faq_scroll_animations.js HTTP/1.1" 200 466
INFO 2025-11-19 23:43:01,351 basehttp "GET / HTTP/1.1" 200 12959
INFO 2025-11-19 23:43:01,400 basehttp "GET /media/partners/Zoobazar.jpg HTTP/1.1" 304 0
INFO 2025-11-19 23:43:01,402 basehttp "GET /media/partners/zoomarket.webp HTTP/1.1" 304 0
INFO 2025-11-19 23:43:01,414 basehttp "GET /media/partners/petstop.png HTTP/1.1" 304 0
INFO 2025-11-19 23:43:45,882 basehttp "GET /catalog/aksessuary/ HTTP/1.1" 200 10313
INFO 2025-11-19 23:43:45,903 basehttp "GET /static/css/goods/catalog.css HTTP/1.1" 304 0
INFO 2025-11-19 23:43:45,915 basehttp "GET /static/js/catalog_pagination.js HTTP/1.1" 200 5907
INFO 2025-11-19 23:43:45,916 basehttp "GET /static/js/card_hover_effect.js HTTP/1.1" 304 0
INFO 2025-11-20 01:48:41,221 basehttp "GET /faq/ HTTP/1.1" 200 17187
INFO 2025-11-20 01:48:41,245 basehttp "GET /static/css/main/faq.css HTTP/1.1" 304 0
INFO 2025-11-20 01:48:41,260 basehttp "GET /static/js/faq_scroll_animations.js HTTP/1.1" 304 0
INFO 2025-11-20 01:55:47,537 autoreload Watching for file changes with StatReloader
INFO 2025-11-20 01:55:48,750 basehttp "GET /faq/ HTTP/1.1" 200 17187
INFO 2025-11-20 01:55:49,297 basehttp "GET /static/js/theme.js HTTP/1.1" 200 715
INFO 2025-11-20 01:55:49,299 basehttp "GET /static/js/script.js HTTP/1.1" 200 4461
INFO 2025-11-20 01:55:49,351 basehttp "GET /static/css/main/faq.css HTTP/1.1" 200 1953
INFO 2025-11-20 01:55:49,378 basehttp "GET /static/css/base.css HTTP/1.1" 200 6879
INFO 2025-11-20 01:55:49,396 basehttp "GET /static/js/faq_scroll_animations.js HTTP/1.1" 200 466
INFO 2025-11-20 01:55:49,413 basehttp "GET /static/css/notifications.css HTTP/1.1" 200 772
INFO 2025-11-20 01:55:49,430 basehttp "GET /static/js/jquery/jquery-3.7.1.min.js HTTP/1.1" 200 87535
INFO 2025-11-20 01:55:49,464 basehttp "GET /static/icons/animal.ico HTTP/1.1" 200 34453
INFO 2025-11-20 02:20:03,280 autoreload Watching for file changes with StatReloader
INFO 2025-11-20 02:20:53,357 autoreload Watching for file changes with StatReloader
INFO 2025-11-20 02:20:55,279 basehttp "GET /faq/ HTTP/1.1" 200 17187
INFO 2025-11-20 02:20:55,307 basehttp "GET /static/css/main/faq.css HTTP/1.1" 304 0
INFO 2025-11-20 02:20:55,307 basehttp "GET /static/js/faq_scroll_animations.js HTTP/1.1" 304 0
INFO 2025-11-20 02:20:57,668 basehttp "GET /user/logout/ HTTP/1.1" 302 0
INFO 2025-11-20 02:20:57,686 basehttp "GET / HTTP/1.1" 200 12441
INFO 2025-11-20 02:20:57,712 basehttp "GET /static/css/main/index.css HTTP/1.1" 304 0
INFO 2025-11-20 02:20:57,719 basehttp "GET /static/js/slider.js HTTP/1.1" 304 0
INFO 2025-11-20 02:20:57,719 basehttp "GET /static/images/banner1.jpg HTTP/1.1" 304 0
INFO 2025-11-20 02:20:57,721 basehttp "GET /static/images/banner2.jpg HTTP/1.1" 304 0
INFO 2025-11-20 02:20:57,723 basehttp "GET /static/images/banner3.jpg HTTP/1.1" 304 0
INFO 2025-11-20 02:20:57,734 basehttp "GET /media/partners/Zoobazar.jpg HTTP/1.1" 304 0
INFO 2025-11-20 02:20:57,735 basehttp "GET /media/partners/zoomarket.webp HTTP/1.1" 304 0
INFO 2025-11-20 02:20:57,737 basehttp "GET /media/partners/petstop.png HTTP/1.1" 304 0
INFO 2025-11-20 02:20:58,806 basehttp "GET /user/login/ HTTP/1.1" 200 5416
INFO 2025-11-20 02:21:03,040 basehttp "POST /user/login/ HTTP/1.1" 302 0
INFO 2025-11-20 02:21:03,066 basehttp "GET /user/profile/ HTTP/1.1" 200 8344
INFO 2025-11-20 02:21:03,093 basehttp "GET /static/css/users/profile.css HTTP/1.1" 304 0
INFO 2025-11-20 02:21:03,099 basehttp "GET /static/js/custom_inputs.js HTTP/1.1" 304 0
ERROR 2025-11-20 02:21:04,612 log Internal Server Error: /function_plot/
Traceback (most recent call last):
  File "C:\Labs\353504_Antonava_01\STRWEB\LR3\ZooShopApp\.venv\Lib\site-packages\django\core\handlers\exception.py", line 55, in inner
    response = get_response(request)
               ^^^^^^^^^^^^^^^^^^^^^
  File "C:\Labs\353504_Antonava_01\STRWEB\LR3\ZooShopApp\.venv\Lib\site-packages\django\core\handlers\base.py", line 197, in _get_response
    response = wrapped_callback(request, *callback_args, **callback_kwargs)
               ^^^^^^^^^^^^^^^^^^^^^^^^^^^^^^^^^^^^^^^^^^^^^^^^^^^^^^^^^^^^
  File "C:\Labs\353504_Antonava_01\STRWEB\LR3\ZooShopApp\main\views.py", line 249, in function_plot_view
    return render(request, "statistics/function_plot.html", context)
           ^^^^^^^^^^^^^^^^^^^^^^^^^^^^^^^^^^^^^^^^^^^^^^^^^^^^^^^^^
  File "C:\Labs\353504_Antonava_01\STRWEB\LR3\ZooShopApp\.venv\Lib\site-packages\django\shortcuts.py", line 25, in render
    content = loader.render_to_string(template_name, context, request, using=using)
              ^^^^^^^^^^^^^^^^^^^^^^^^^^^^^^^^^^^^^^^^^^^^^^^^^^^^^^^^^^^^^^^^^^^^^
  File "C:\Labs\353504_Antonava_01\STRWEB\LR3\ZooShopApp\.venv\Lib\site-packages\django\template\loader.py", line 61, in render_to_string
    template = get_template(template_name, using=using)
               ^^^^^^^^^^^^^^^^^^^^^^^^^^^^^^^^^^^^^^^^
  File "C:\Labs\353504_Antonava_01\STRWEB\LR3\ZooShopApp\.venv\Lib\site-packages\django\template\loader.py", line 19, in get_template
    raise TemplateDoesNotExist(template_name, chain=chain)
django.template.exceptions.TemplateDoesNotExist: statistics/function_plot.html
ERROR 2025-11-20 02:21:04,614 basehttp "GET /function_plot/ HTTP/1.1" 500 98403
WARNING 2025-11-20 02:21:04,732 log Not Found: /favicon.ico
WARNING 2025-11-20 02:21:04,732 basehttp "GET /favicon.ico HTTP/1.1" 404 7126
INFO 2025-11-20 02:21:41,351 autoreload Watching for file changes with StatReloader
ERROR 2025-11-20 02:21:42,847 log Internal Server Error: /function_plot/
Traceback (most recent call last):
  File "C:\Labs\353504_Antonava_01\STRWEB\LR3\ZooShopApp\.venv\Lib\site-packages\django\core\handlers\exception.py", line 55, in inner
    response = get_response(request)
               ^^^^^^^^^^^^^^^^^^^^^
  File "C:\Labs\353504_Antonava_01\STRWEB\LR3\ZooShopApp\.venv\Lib\site-packages\django\core\handlers\base.py", line 197, in _get_response
    response = wrapped_callback(request, *callback_args, **callback_kwargs)
               ^^^^^^^^^^^^^^^^^^^^^^^^^^^^^^^^^^^^^^^^^^^^^^^^^^^^^^^^^^^^
  File "C:\Labs\353504_Antonava_01\STRWEB\LR3\ZooShopApp\main\views.py", line 249, in function_plot_view
    return render(request, "function_plot.html", context)
           ^^^^^^^^^^^^^^^^^^^^^^^^^^^^^^^^^^^^^^^^^^^^^^
  File "C:\Labs\353504_Antonava_01\STRWEB\LR3\ZooShopApp\.venv\Lib\site-packages\django\shortcuts.py", line 25, in render
    content = loader.render_to_string(template_name, context, request, using=using)
              ^^^^^^^^^^^^^^^^^^^^^^^^^^^^^^^^^^^^^^^^^^^^^^^^^^^^^^^^^^^^^^^^^^^^^
  File "C:\Labs\353504_Antonava_01\STRWEB\LR3\ZooShopApp\.venv\Lib\site-packages\django\template\loader.py", line 61, in render_to_string
    template = get_template(template_name, using=using)
               ^^^^^^^^^^^^^^^^^^^^^^^^^^^^^^^^^^^^^^^^
  File "C:\Labs\353504_Antonava_01\STRWEB\LR3\ZooShopApp\.venv\Lib\site-packages\django\template\loader.py", line 19, in get_template
    raise TemplateDoesNotExist(template_name, chain=chain)
django.template.exceptions.TemplateDoesNotExist: function_plot.html
ERROR 2025-11-20 02:21:42,848 basehttp "GET /function_plot/ HTTP/1.1" 500 98166
ERROR 2025-11-20 02:21:43,684 log Internal Server Error: /function_plot/
Traceback (most recent call last):
  File "C:\Labs\353504_Antonava_01\STRWEB\LR3\ZooShopApp\.venv\Lib\site-packages\django\core\handlers\exception.py", line 55, in inner
    response = get_response(request)
               ^^^^^^^^^^^^^^^^^^^^^
  File "C:\Labs\353504_Antonava_01\STRWEB\LR3\ZooShopApp\.venv\Lib\site-packages\django\core\handlers\base.py", line 197, in _get_response
    response = wrapped_callback(request, *callback_args, **callback_kwargs)
               ^^^^^^^^^^^^^^^^^^^^^^^^^^^^^^^^^^^^^^^^^^^^^^^^^^^^^^^^^^^^
  File "C:\Labs\353504_Antonava_01\STRWEB\LR3\ZooShopApp\main\views.py", line 249, in function_plot_view
    return render(request, "function_plot.html", context)
           ^^^^^^^^^^^^^^^^^^^^^^^^^^^^^^^^^^^^^^^^^^^^^^
  File "C:\Labs\353504_Antonava_01\STRWEB\LR3\ZooShopApp\.venv\Lib\site-packages\django\shortcuts.py", line 25, in render
    content = loader.render_to_string(template_name, context, request, using=using)
              ^^^^^^^^^^^^^^^^^^^^^^^^^^^^^^^^^^^^^^^^^^^^^^^^^^^^^^^^^^^^^^^^^^^^^
  File "C:\Labs\353504_Antonava_01\STRWEB\LR3\ZooShopApp\.venv\Lib\site-packages\django\template\loader.py", line 61, in render_to_string
    template = get_template(template_name, using=using)
               ^^^^^^^^^^^^^^^^^^^^^^^^^^^^^^^^^^^^^^^^
  File "C:\Labs\353504_Antonava_01\STRWEB\LR3\ZooShopApp\.venv\Lib\site-packages\django\template\loader.py", line 19, in get_template
    raise TemplateDoesNotExist(template_name, chain=chain)
django.template.exceptions.TemplateDoesNotExist: function_plot.html
ERROR 2025-11-20 02:21:43,686 basehttp "GET /function_plot/ HTTP/1.1" 500 98166
ERROR 2025-11-20 02:21:44,709 log Internal Server Error: /function_plot/
Traceback (most recent call last):
  File "C:\Labs\353504_Antonava_01\STRWEB\LR3\ZooShopApp\.venv\Lib\site-packages\django\core\handlers\exception.py", line 55, in inner
    response = get_response(request)
               ^^^^^^^^^^^^^^^^^^^^^
  File "C:\Labs\353504_Antonava_01\STRWEB\LR3\ZooShopApp\.venv\Lib\site-packages\django\core\handlers\base.py", line 197, in _get_response
    response = wrapped_callback(request, *callback_args, **callback_kwargs)
               ^^^^^^^^^^^^^^^^^^^^^^^^^^^^^^^^^^^^^^^^^^^^^^^^^^^^^^^^^^^^
  File "C:\Labs\353504_Antonava_01\STRWEB\LR3\ZooShopApp\main\views.py", line 249, in function_plot_view
    return render(request, "function_plot.html", context)
           ^^^^^^^^^^^^^^^^^^^^^^^^^^^^^^^^^^^^^^^^^^^^^^
  File "C:\Labs\353504_Antonava_01\STRWEB\LR3\ZooShopApp\.venv\Lib\site-packages\django\shortcuts.py", line 25, in render
    content = loader.render_to_string(template_name, context, request, using=using)
              ^^^^^^^^^^^^^^^^^^^^^^^^^^^^^^^^^^^^^^^^^^^^^^^^^^^^^^^^^^^^^^^^^^^^^
  File "C:\Labs\353504_Antonava_01\STRWEB\LR3\ZooShopApp\.venv\Lib\site-packages\django\template\loader.py", line 61, in render_to_string
    template = get_template(template_name, using=using)
               ^^^^^^^^^^^^^^^^^^^^^^^^^^^^^^^^^^^^^^^^
  File "C:\Labs\353504_Antonava_01\STRWEB\LR3\ZooShopApp\.venv\Lib\site-packages\django\template\loader.py", line 19, in get_template
    raise TemplateDoesNotExist(template_name, chain=chain)
django.template.exceptions.TemplateDoesNotExist: function_plot.html
ERROR 2025-11-20 02:21:44,711 basehttp "GET /function_plot/ HTTP/1.1" 500 98166
INFO 2025-11-20 02:22:05,883 autoreload Watching for file changes with StatReloader
INFO 2025-11-20 02:22:06,442 basehttp "GET /function_plot/ HTTP/1.1" 200 5748
INFO 2025-11-20 02:22:06,682 basehttp "GET /static/css/others/function_plot.css HTTP/1.1" 200 228
INFO 2025-11-20 02:22:06,704 basehttp "GET /static/js/function_plot.js HTTP/1.1" 200 2053
INFO 2025-11-20 02:23:18,649 basehttp "GET /function_plot/ HTTP/1.1" 200 5748
INFO 2025-11-20 02:23:18,676 basehttp "GET /static/js/function_plot.js HTTP/1.1" 304 0
INFO 2025-11-20 02:23:18,676 basehttp "GET /static/css/others/function_plot.css HTTP/1.1" 304 0
INFO 2025-11-20 02:25:23,971 autoreload Watching for file changes with StatReloader
INFO 2025-11-20 02:25:26,128 basehttp "GET /function_plot/ HTTP/1.1" 200 5856
INFO 2025-11-20 02:25:26,409 basehttp "GET /static/js/function_plot.js HTTP/1.1" 200 2276
INFO 2025-11-20 02:25:26,412 basehttp "GET /static/css/others/function_plot.css HTTP/1.1" 200 568
INFO 2025-11-20 02:32:11,909 autoreload Watching for file changes with StatReloader
INFO 2025-11-20 02:32:23,129 autoreload Watching for file changes with StatReloader
INFO 2025-11-20 02:32:23,835 basehttp "GET /function_plot/ HTTP/1.1" 200 5925
INFO 2025-11-20 02:32:23,857 basehttp "GET /static/css/others/function_plot.css HTTP/1.1" 304 0
INFO 2025-11-20 02:32:23,857 basehttp "GET /static/js/function_plot.js HTTP/1.1" 304 0
ERROR 2025-11-20 02:32:25,640 log Internal Server Error: /surname_check/
Traceback (most recent call last):
  File "C:\Labs\353504_Antonava_01\STRWEB\LR3\ZooShopApp\.venv\Lib\site-packages\django\core\handlers\exception.py", line 55, in inner
    response = get_response(request)
               ^^^^^^^^^^^^^^^^^^^^^
  File "C:\Labs\353504_Antonava_01\STRWEB\LR3\ZooShopApp\.venv\Lib\site-packages\django\core\handlers\base.py", line 197, in _get_response
    response = wrapped_callback(request, *callback_args, **callback_kwargs)
               ^^^^^^^^^^^^^^^^^^^^^^^^^^^^^^^^^^^^^^^^^^^^^^^^^^^^^^^^^^^^
  File "C:\Labs\353504_Antonava_01\STRWEB\LR3\ZooShopApp\main\views.py", line 259, in surname_check
    return render(request, "statistics/surname_check.html", {
           ^^^^^^^^^^^^^^^^^^^^^^^^^^^^^^^^^^^^^^^^^^^^^^^^^^
  File "C:\Labs\353504_Antonava_01\STRWEB\LR3\ZooShopApp\.venv\Lib\site-packages\django\shortcuts.py", line 25, in render
    content = loader.render_to_string(template_name, context, request, using=using)
              ^^^^^^^^^^^^^^^^^^^^^^^^^^^^^^^^^^^^^^^^^^^^^^^^^^^^^^^^^^^^^^^^^^^^^
  File "C:\Labs\353504_Antonava_01\STRWEB\LR3\ZooShopApp\.venv\Lib\site-packages\django\template\loader.py", line 61, in render_to_string
    template = get_template(template_name, using=using)
               ^^^^^^^^^^^^^^^^^^^^^^^^^^^^^^^^^^^^^^^^
  File "C:\Labs\353504_Antonava_01\STRWEB\LR3\ZooShopApp\.venv\Lib\site-packages\django\template\loader.py", line 19, in get_template
    raise TemplateDoesNotExist(template_name, chain=chain)
django.template.exceptions.TemplateDoesNotExist: statistics/surname_check.html
ERROR 2025-11-20 02:32:25,643 basehttp "GET /surname_check/ HTTP/1.1" 500 91983
INFO 2025-11-20 02:32:48,453 autoreload Watching for file changes with StatReloader
INFO 2025-11-20 02:32:49,173 basehttp "GET /surname_check/ HTTP/1.1" 200 6109
INFO 2025-11-20 02:32:49,332 basehttp "GET /static/css/others/surname_check.css HTTP/1.1" 200 1479
INFO 2025-11-20 02:32:49,334 basehttp "GET /static/js/surname_check.js HTTP/1.1" 200 3153
INFO 2025-11-20 17:34:43,636 autoreload Watching for file changes with StatReloader
INFO 2025-11-20 17:34:47,406 basehttp "GET / HTTP/1.1" 200 13555
INFO 2025-11-20 17:34:47,473 basehttp "GET /static/css/base.css HTTP/1.1" 304 0
INFO 2025-11-20 17:34:47,491 basehttp "GET /static/css/main/index.css HTTP/1.1" 304 0
INFO 2025-11-20 17:34:47,502 basehttp "GET /static/js/slider.js HTTP/1.1" 304 0
INFO 2025-11-20 17:34:47,511 basehttp "GET /static/js/theme.js HTTP/1.1" 304 0
INFO 2025-11-20 17:34:47,521 basehttp "GET /static/images/banner2.jpg HTTP/1.1" 304 0
INFO 2025-11-20 17:34:47,523 basehttp "GET /static/images/banner1.jpg HTTP/1.1" 304 0
INFO 2025-11-20 17:34:47,541 basehttp "GET /media/partners/Zoobazar.jpg HTTP/1.1" 304 0
INFO 2025-11-20 17:34:47,543 basehttp "GET /media/partners/zoomarket.webp HTTP/1.1" 304 0
INFO 2025-11-20 17:34:47,544 basehttp "GET /static/images/banner3.jpg HTTP/1.1" 304 0
INFO 2025-11-20 17:34:47,549 basehttp "GET /media/partners/petstop.png HTTP/1.1" 304 0
INFO 2025-11-20 17:35:00,912 basehttp "GET /surname_check/ HTTP/1.1" 200 6109
INFO 2025-11-20 17:35:00,956 basehttp "GET /static/css/others/surname_check.css HTTP/1.1" 304 0
INFO 2025-11-20 17:35:01,254 basehttp "GET /static/js/surname_check.js HTTP/1.1" 200 2925
INFO 2025-11-20 17:35:02,253 basehttp "GET /function_plot/ HTTP/1.1" 200 5925
INFO 2025-11-20 17:35:02,300 basehttp "GET /static/css/others/function_plot.css HTTP/1.1" 304 0
INFO 2025-11-20 17:35:02,329 basehttp "GET /static/js/function_plot.js HTTP/1.1" 304 0
INFO 2025-11-20 17:35:25,886 basehttp "GET /user/profile/ HTTP/1.1" 200 8382
INFO 2025-11-20 17:35:25,943 basehttp "GET /static/css/users/profile.css HTTP/1.1" 304 0
INFO 2025-11-20 17:35:25,960 basehttp "GET /static/js/custom_inputs.js HTTP/1.1" 304 0
INFO 2025-11-20 17:35:51,185 basehttp "GET /reviews/ HTTP/1.1" 200 5565
INFO 2025-11-20 17:35:51,231 basehttp "GET /static/css/reviews/review_list.css HTTP/1.1" 200 1608
INFO 2025-11-20 17:35:52,726 basehttp "GET /faq/ HTTP/1.1" 200 17783
INFO 2025-11-20 17:35:52,771 basehttp "GET /static/css/main/faq.css HTTP/1.1" 304 0
INFO 2025-11-20 17:35:52,788 basehttp "GET /static/js/faq_scroll_animations.js HTTP/1.1" 304 0
INFO 2025-11-20 17:35:58,234 basehttp "GET /function_plot/ HTTP/1.1" 200 5925
INFO 2025-11-20 17:36:01,213 basehttp "GET /contacts/table/ HTTP/1.1" 200 7342
INFO 2025-11-20 17:36:01,257 basehttp "GET /static/css/main/contacts_table.css HTTP/1.1" 304 0
INFO 2025-11-20 17:36:01,270 basehttp "GET /static/js/contacts_table.js HTTP/1.1" 304 0
INFO 2025-11-20 17:36:01,307 basehttp "GET /contacts/api/ HTTP/1.1" 200 6080
INFO 2025-11-20 17:36:02,931 basehttp "GET /suppliers/ HTTP/1.1" 200 9420
INFO 2025-11-20 17:36:24,102 basehttp "GET /user/users/ HTTP/1.1" 200 7560
INFO 2025-11-20 17:36:26,781 basehttp "GET /user/admin_orders/ HTTP/1.1" 200 6732
INFO 2025-11-20 17:36:35,328 basehttp "GET /user/logout/ HTTP/1.1" 302 0
INFO 2025-11-20 17:36:35,353 basehttp "GET / HTTP/1.1" 200 12441
INFO 2025-11-20 17:36:36,413 basehttp "GET /user/login/ HTTP/1.1" 200 5416
INFO 2025-11-20 17:36:42,097 basehttp "POST /user/login/ HTTP/1.1" 302 0
INFO 2025-11-20 17:36:42,129 basehttp "GET /user/profile/ HTTP/1.1" 200 12027
INFO 2025-11-20 17:36:42,185 basehttp "GET /static/css/carts/included_cart.css HTTP/1.1" 304 0
INFO 2025-11-20 17:36:50,552 basehttp "GET /orders/create-order/ HTTP/1.1" 200 9704
INFO 2025-11-20 17:36:50,612 basehttp "GET /static/js/geolocation_delivery.js HTTP/1.1" 304 0
INFO 2025-11-20 19:07:14,737 basehttp "GET / HTTP/1.1" 200 12959
INFO 2025-11-20 19:07:28,058 basehttp "POST /update-slider-config/ HTTP/1.1" 302 0
INFO 2025-11-20 19:07:28,085 basehttp "GET / HTTP/1.1" 200 12959
INFO 2025-11-20 19:08:22,205 basehttp "POST /update-slider-config/ HTTP/1.1" 302 0
INFO 2025-11-20 19:08:22,239 basehttp "GET / HTTP/1.1" 200 12953
INFO 2025-11-20 19:08:32,938 basehttp "GET / HTTP/1.1" 200 12953
INFO 2025-11-20 19:09:02,848 basehttp "GET /user/logout/ HTTP/1.1" 302 0
INFO 2025-11-20 19:09:02,871 basehttp "GET / HTTP/1.1" 200 12435
INFO 2025-11-20 19:09:04,264 basehttp "GET /user/login/ HTTP/1.1" 200 5416
INFO 2025-11-20 19:09:09,944 basehttp "POST /user/login/ HTTP/1.1" 302 0
INFO 2025-11-20 19:09:09,967 basehttp "GET /user/profile/ HTTP/1.1" 200 8413
INFO 2025-11-20 19:09:12,323 basehttp "GET /contacts/table/ HTTP/1.1" 200 7342
INFO 2025-11-20 19:09:12,410 basehttp "GET /contacts/api/ HTTP/1.1" 200 6080
INFO 2025-11-20 19:13:55,156 basehttp "GET /user/profile/ HTTP/1.1" 200 8382
INFO 2025-11-20 19:18:29,395 basehttp "GET /user/logout/ HTTP/1.1" 302 0
INFO 2025-11-20 19:18:29,422 basehttp "GET / HTTP/1.1" 200 12435
INFO 2025-11-20 19:18:30,476 basehttp "GET /user/login/ HTTP/1.1" 200 5416
INFO 2025-11-20 19:18:36,220 basehttp "POST /user/login/ HTTP/1.1" 302 0
INFO 2025-11-20 19:18:36,255 basehttp "GET /user/profile/ HTTP/1.1" 200 12027
INFO 2025-11-20 19:18:39,299 basehttp "GET /orders/create-order/ HTTP/1.1" 200 9704
INFO 2025-11-20 19:22:59,140 basehttp "GET / HTTP/1.1" 200 12953
INFO 2025-11-20 19:23:06,224 basehttp "POST /update-slider-config/ HTTP/1.1" 302 0
INFO 2025-11-20 19:23:06,259 basehttp "GET / HTTP/1.1" 200 12836
INFO 2025-11-20 19:25:50,299 basehttp "GET /user/logout/ HTTP/1.1" 302 0
INFO 2025-11-20 19:25:50,325 basehttp "GET / HTTP/1.1" 200 12318
INFO 2025-11-20 19:25:51,295 basehttp "GET /user/login/ HTTP/1.1" 200 5416
INFO 2025-11-20 19:25:57,044 basehttp "POST /user/login/ HTTP/1.1" 302 0
INFO 2025-11-20 19:25:57,069 basehttp "GET /user/profile/ HTTP/1.1" 200 8413
INFO 2025-11-20 19:25:58,379 basehttp "GET /contacts/table/ HTTP/1.1" 200 7342
INFO 2025-11-20 19:25:58,481 basehttp "GET /contacts/api/ HTTP/1.1" 200 6080
INFO 2025-11-20 19:26:17,943 basehttp "GET /user/profile/ HTTP/1.1" 200 8382
INFO 2025-11-20 19:29:39,670 basehttp "POST /user/profile/ HTTP/1.1" 302 0
INFO 2025-11-20 19:29:39,692 basehttp "GET /user/profile/ HTTP/1.1" 200 8424
INFO 2025-11-20 19:29:42,705 basehttp "GET /user/logout/ HTTP/1.1" 302 0
INFO 2025-11-20 19:29:42,732 basehttp "GET / HTTP/1.1" 200 12318
INFO 2025-11-20 19:29:43,785 basehttp "GET /user/login/ HTTP/1.1" 200 5416
INFO 2025-11-20 19:29:49,210 basehttp "POST /user/login/ HTTP/1.1" 302 0
INFO 2025-11-20 19:29:49,241 basehttp "GET /user/profile/ HTTP/1.1" 200 12027
INFO 2025-11-20 19:29:52,115 basehttp "GET /orders/create-order/ HTTP/1.1" 200 9704
INFO 2025-11-20 19:30:16,279 basehttp "GET /orders/create-order/ HTTP/1.1" 200 9704
INFO 2025-11-20 19:30:24,016 basehttp "GET /orders/create-order/ HTTP/1.1" 200 9704
INFO 2025-11-20 19:30:32,903 basehttp "GET /orders/create-order/ HTTP/1.1" 200 9704
WARNING 2025-11-20 19:30:41,542 log Not Found: /.well-known/appspecific/com.chrome.devtools.json
WARNING 2025-11-20 19:30:41,544 basehttp "GET /.well-known/appspecific/com.chrome.devtools.json HTTP/1.1" 404 7506
INFO 2025-11-20 19:34:15,313 basehttp "GET /orders/create-order/ HTTP/1.1" 200 9704
INFO 2025-11-20 19:34:15,375 basehttp "GET /static/css/carts/included_cart.css HTTP/1.1" 304 0
INFO 2025-11-20 19:34:15,384 basehttp "GET /static/js/geolocation_delivery.js HTTP/1.1" 304 0
WARNING 2025-11-20 19:34:24,041 log Not Found: /.well-known/appspecific/com.chrome.devtools.json
WARNING 2025-11-20 19:34:24,041 basehttp "GET /.well-known/appspecific/com.chrome.devtools.json HTTP/1.1" 404 7506
INFO 2025-11-20 19:35:09,106 basehttp "GET /orders/create-order/ HTTP/1.1" 200 9704
WARNING 2025-11-20 19:35:09,178 log Not Found: /.well-known/appspecific/com.chrome.devtools.json
WARNING 2025-11-20 19:35:09,179 basehttp "GET /.well-known/appspecific/com.chrome.devtools.json HTTP/1.1" 404 7506
INFO 2025-11-20 19:35:36,895 basehttp "GET /orders/create-order/ HTTP/1.1" 200 9704
WARNING 2025-11-20 19:35:36,991 log Not Found: /.well-known/appspecific/com.chrome.devtools.json
WARNING 2025-11-20 19:35:36,992 basehttp "GET /.well-known/appspecific/com.chrome.devtools.json HTTP/1.1" 404 7506
INFO 2025-11-20 19:35:50,826 basehttp "GET /orders/create-order/ HTTP/1.1" 200 9704
WARNING 2025-11-20 19:35:50,893 log Not Found: /.well-known/appspecific/com.chrome.devtools.json
WARNING 2025-11-20 19:35:50,895 basehttp "GET /.well-known/appspecific/com.chrome.devtools.json HTTP/1.1" 404 7506
INFO 2025-11-20 19:35:59,526 basehttp "GET /orders/create-order/ HTTP/1.1" 200 9704
WARNING 2025-11-20 19:35:59,584 log Not Found: /.well-known/appspecific/com.chrome.devtools.json
WARNING 2025-11-20 19:35:59,586 basehttp "GET /.well-known/appspecific/com.chrome.devtools.json HTTP/1.1" 404 7506
INFO 2025-11-20 19:36:20,692 autoreload Watching for file changes with StatReloader
INFO 2025-11-20 19:36:24,414 basehttp "GET / HTTP/1.1" 200 12959
INFO 2025-11-20 19:36:29,903 basehttp "GET /user/users-cart/ HTTP/1.1" 200 6805
INFO 2025-11-20 19:36:31,303 basehttp "GET /orders/create-order/ HTTP/1.1" 200 9704
INFO 2025-11-20 19:36:51,530 basehttp "GET /catalog/all/ HTTP/1.1" 200 14321
INFO 2025-11-20 19:36:51,573 basehttp "GET /static/css/goods/catalog.css HTTP/1.1" 304 0
INFO 2025-11-20 19:36:51,594 basehttp "GET /static/js/catalog_pagination.js HTTP/1.1" 304 0
INFO 2025-11-20 19:36:51,594 basehttp "GET /static/js/card_hover_effect.js HTTP/1.1" 304 0
INFO 2025-11-20 19:36:51,612 basehttp "GET /media/goods_images/cat_food.jpg HTTP/1.1" 304 0
INFO 2025-11-20 19:36:51,612 basehttp "GET /media/goods_images/rabbit_house.jpg HTTP/1.1" 304 0
INFO 2025-11-20 19:36:51,614 basehttp "GET /media/goods_images/bird_cage.jpg HTTP/1.1" 304 0
INFO 2025-11-20 19:37:09,960 basehttp "GET /media/goods_images/cat_tree.jpg HTTP/1.1" 304 0
INFO 2025-11-20 19:37:09,962 basehttp "GET /media/goods_images/parrot_food.jpg HTTP/1.1" 304 0
INFO 2025-11-20 19:37:09,963 basehttp "GET /media/goods_images/hamster_wheel.jpg HTTP/1.1" 304 0
INFO 2025-11-20 19:37:09,965 basehttp "GET /media/goods_images/fish_food.jpg HTTP/1.1" 304 0
INFO 2025-11-20 19:37:09,966 basehttp "GET /media/goods_images/dog_bed.jpg HTTP/1.1" 304 0
INFO 2025-11-20 19:37:09,970 basehttp "GET /media/goods_images/cat_toy.jpg HTTP/1.1" 304 0
INFO 2025-11-20 19:37:20,382 basehttp "GET /media/goods_images/pet_carrier.jpg HTTP/1.1" 304 0
INFO 2025-11-20 19:37:20,382 basehttp "GET /media/goods_images/aquarium.jpg HTTP/1.1" 304 0
INFO 2025-11-20 19:37:20,383 basehttp "GET /media/goods_images/dog_toy.jpg HTTP/1.1" 304 0
INFO 2025-11-20 19:37:46,483 basehttp "GET /user/logout/ HTTP/1.1" 302 0
INFO 2025-11-20 19:37:46,512 basehttp "GET / HTTP/1.1" 200 12441
INFO 2025-11-20 19:37:47,545 basehttp "GET /user/login/ HTTP/1.1" 200 5416
INFO 2025-11-20 19:37:49,765 basehttp "GET /user/registration/ HTTP/1.1" 200 8558
INFO 2025-11-20 19:37:49,813 basehttp "GET /static/css/users/registration.css HTTP/1.1" 304 0
INFO 2025-11-20 19:37:49,832 basehttp "GET /static/js/birthdate_check.js HTTP/1.1" 304 0
INFO 2025-11-20 19:39:20,306 basehttp "GET /user/login/ HTTP/1.1" 200 5416
INFO 2025-11-20 19:39:27,094 basehttp "POST /user/login/ HTTP/1.1" 302 0
INFO 2025-11-20 19:39:27,149 basehttp "GET /user/profile/ HTTP/1.1" 200 8413
INFO 2025-11-20 19:39:27,231 basehttp "GET /static/js/custom_inputs.js HTTP/1.1" 304 0
INFO 2025-11-20 19:39:31,839 basehttp "GET /surname_check/ HTTP/1.1" 200 6109
INFO 2025-11-20 19:39:31,883 basehttp "GET /static/css/others/surname_check.css HTTP/1.1" 304 0
INFO 2025-11-20 19:39:31,906 basehttp "GET /static/js/surname_check.js HTTP/1.1" 304 0
INFO 2025-11-20 19:39:33,388 basehttp "GET /function_plot/ HTTP/1.1" 200 5925
INFO 2025-11-20 19:39:33,434 basehttp "GET /static/css/others/function_plot.css HTTP/1.1" 304 0
INFO 2025-11-20 19:39:33,453 basehttp "GET /static/js/function_plot.js HTTP/1.1" 304 0
INFO 2025-11-20 19:39:37,528 basehttp "GET /function_plot/ HTTP/1.1" 200 5925
INFO 2025-11-20 19:39:41,528 basehttp "GET /function_plot/ HTTP/1.1" 200 5925
INFO 2025-11-20 19:39:44,395 basehttp "GET /surname_check/ HTTP/1.1" 200 6109
INFO 2025-11-20 19:39:48,076 basehttp "GET /function_plot/ HTTP/1.1" 200 5925
INFO 2025-11-20 19:39:55,656 basehttp "GET /surname_check/ HTTP/1.1" 200 6109
INFO 2025-11-27 03:53:31,445 autoreload Watching for file changes with StatReloader
INFO 2025-11-27 03:53:35,682 basehttp "GET / HTTP/1.1" 200 13555
INFO 2025-11-27 03:53:36,714 basehttp "GET /static/css/notifications.css HTTP/1.1" 200 772
INFO 2025-11-27 03:53:36,764 basehttp "GET /static/images/seaweed.png HTTP/1.1" 200 1584444
INFO 2025-11-27 03:53:36,768 basehttp "GET /static/js/slider.js HTTP/1.1" 200 2773
INFO 2025-11-27 03:53:36,774 basehttp "GET /static/js/theme.js HTTP/1.1" 200 715
INFO 2025-11-27 03:53:36,783 basehttp "GET /static/js/jquery/jquery-3.7.1.min.js HTTP/1.1" 200 87535
INFO 2025-11-27 03:53:36,788 basehttp "GET /static/js/script.js HTTP/1.1" 200 4461
INFO 2025-11-27 03:53:36,795 basehttp "GET /static/icons/animal.ico HTTP/1.1" 200 34453
INFO 2025-11-27 03:53:36,867 basehttp "GET /static/images/banner1.jpg HTTP/1.1" 200 1876971
INFO 2025-11-27 03:53:36,879 basehttp "GET /static/images/fish1.png HTTP/1.1" 200 2205819
INFO 2025-11-27 03:53:36,937 basehttp "GET /static/images/banner2.jpg HTTP/1.1" 200 1749157
INFO 2025-11-27 03:53:36,947 basehttp "GET /media/partners/Zoobazar.jpg HTTP/1.1" 200 37096
INFO 2025-11-27 03:53:36,955 basehttp "GET /media/partners/zoomarket.webp HTTP/1.1" 200 6966
INFO 2025-11-27 03:53:36,958 basehttp "GET /static/css/base.css HTTP/1.1" 200 6879
INFO 2025-11-27 03:53:36,960 basehttp "GET /static/images/banner3.jpg HTTP/1.1" 200 1747168
INFO 2025-11-27 03:53:36,964 basehttp "GET /media/partners/petstop.png HTTP/1.1" 200 38070
INFO 2025-11-27 03:53:37,033 basehttp "GET /static/css/main/index.css HTTP/1.1" 200 7289
INFO 2025-11-27 03:53:37,092 basehttp "GET /static/css/footer.css HTTP/1.1" 200 701
INFO 2025-11-27 03:53:37,097 basehttp "GET /static/images/fish2.png HTTP/1.1" 200 1352197
INFO 2025-11-27 03:53:40,320 basehttp "GET /contacts/table/ HTTP/1.1" 200 7442
INFO 2025-11-27 03:53:40,362 basehttp "GET /static/css/main/contacts_table.css HTTP/1.1" 200 3897
INFO 2025-11-27 03:53:40,378 basehttp "GET /static/js/contacts_table.js HTTP/1.1" 200 10782
INFO 2025-11-27 03:53:40,411 basehttp "GET /contacts/api/ HTTP/1.1" 200 6080
INFO 2025-11-27 03:55:02,056 basehttp "GET /contacts/table/ HTTP/1.1" 200 7442
INFO 2025-11-27 03:55:02,137 basehttp "GET /static/js/contacts_table.js HTTP/1.1" 304 0
INFO 2025-11-27 03:55:02,159 basehttp "GET /contacts/api/ HTTP/1.1" 200 6080
INFO 2025-11-27 03:55:16,542 basehttp "GET /contacts/table/ HTTP/1.1" 200 7442
INFO 2025-11-27 03:55:16,615 basehttp "GET /static/js/contacts_table.js HTTP/1.1" 304 0
INFO 2025-11-27 03:55:16,642 basehttp "GET /contacts/api/ HTTP/1.1" 200 6080
INFO 2025-11-27 03:59:59,198 autoreload Watching for file changes with StatReloader
INFO 2025-11-27 04:00:04,199 basehttp "GET /contacts/table/ HTTP/1.1" 200 7442
INFO 2025-11-27 04:00:04,525 basehttp "GET /static/js/contacts_table.js HTTP/1.1" 200 10820
INFO 2025-11-27 04:00:04,554 basehttp "GET /contacts/api/ HTTP/1.1" 200 6080
INFO 2025-11-27 04:01:19,538 basehttp "GET /contacts/table/ HTTP/1.1" 200 7442
INFO 2025-11-27 04:01:19,605 basehttp "GET /static/js/contacts_table.js HTTP/1.1" 304 0
INFO 2025-11-27 04:01:19,631 basehttp "GET /contacts/api/ HTTP/1.1" 200 6080
